child_id,wage_income_2020,convicted_2020,highest_grade_2020,highest_degree_2020
201,,,,
202,,,,
301,,,,
302,0.0,0.0,6.0,1.0
303,0.0,0.0,6.0,2.0
401,,,,
403,,,,
801,,,,
802,106000.0,0.0,6.0,1.0
803,64000.0,0.0,7.0,3.0
1001,75000.0,0.0,8.0,5.0
1002,,,,
1201,,,,
1202,,,,
1601,,,,
1602,40000.0,0.0,5.0,2.0
1603,0.0,0.0,3.0,2.0
1901,,,,
2001,45000.0,0.0,10.0,6.0
2501,105000.0,0.0,8.0,5.0
2502,57000.0,0.0,8.0,5.0
2701,,,,
2702,60000.0,0.0,8.0,5.0
3001,20000.0,0.0,8.0,5.0
3002,17000.0,0.0,3.0,2.0
3003,35000.0,0.0,6.0,2.0
3501,,,,
3502,,,,
3701,0.0,0.0,3.0,2.0
4301,28000.0,0.0,6.0,1.0
4302,,,,
4303,11000.0,0.0,6.0,2.0
4304,0.0,0.0,2.0,0.0
4401,,,,
4402,,,,
4601,,,,
4602,,,,
4901,7000.0,0.0,8.0,4.0
4902,72000.0,0.0,6.0,2.0
5001,,,,
5002,,,,
5003,,,,
5004,,,,
5005,36000.0,0.0,6.0,2.0
5701,62000.0,0.0,3.0,2.0
5702,14000.0,0.0,6.0,2.0
5703,,0.0,7.0,3.0
5801,,,,
5802,,,,
5803,,,,
6101,80000.0,0.0,8.0,4.0
6102,40000.0,0.0,9.0,5.0
6103,0.0,0.0,2.0,0.0
6201,26000.0,0.0,6.0,2.0
6202,30000.0,0.0,6.0,2.0
6203,2000.0,0.0,4.0,2.0
6801,63000.0,0.0,8.0,4.0
6802,106000.0,0.0,8.0,4.0
6803,30000.0,0.0,8.0,4.0
7501,,,,
7502,,,,
7801,,,,
7802,,,,
7803,53000.0,0.0,6.0,2.0
7804,,,,
8601,,,,
8901,32000.0,0.0,6.0,2.0
9101,20000.0,0.0,7.0,3.0
9102,30000.0,0.0,8.0,5.0
9201,50000.0,0.0,4.0,2.0
9202,16000.0,0.0,8.0,4.0
9501,,,,
9502,65000.0,0.0,6.0,2.0
9503,,,,
9601,,,,
9602,40000.0,0.0,10.0,6.0
9603,17000.0,0.0,8.0,5.0
9701,6000.0,0.0,7.0,3.0
9702,,,,
9801,59000.0,0.0,10.0,6.0
9802,85000.0,0.0,8.0,5.0
9803,80000.0,0.0,8.0,4.0
9901,32000.0,0.0,6.0,2.0
9902,40000.0,0.0,6.0,2.0
10001,,,,
10002,,,,
10003,12000.0,0.0,7.0,3.0
10201,,,,
11101,44000.0,0.0,3.0,2.0
11102,,,,
11103,30000.0,0.0,3.0,2.0
11201,38000.0,0.0,3.0,2.0
11202,20000.0,0.0,8.0,5.0
11501,,,,
11502,,,,
11503,,,,
11504,,,,
11801,,,,
11802,30000.0,0.0,3.0,2.0
12101,2000.0,0.0,8.0,4.0
12401,,,,
12402,100000.0,0.0,8.0,4.0
12801,,,,
12802,6200.0,0.0,6.0,2.0
13301,30000.0,0.0,3.0,2.0
13701,,,,
13702,130000.0,0.0,10.0,6.0
13801,,,,
13802,115000.0,0.0,14.0,8.0
13803,,,,
14001,46000.0,0.0,3.0,2.0
14301,,,,
14302,,,,
14303,43800.0,0.0,6.0,2.0
14304,,,,
14401,85650.0,0.0,8.0,5.0
14402,19000.0,0.0,5.0,2.0
14403,52000.0,0.0,10.0,6.0
14701,104000.0,0.0,8.0,5.0
14702,111000.0,0.0,12.0,7.0
14901,59000.0,0.0,8.0,5.0
14902,,,,
15301,,,,
15302,23000.0,0.0,5.0,2.0
15701,,,,
15702,204398.0,0.0,10.0,6.0
15801,,,,
15802,,,,
15901,,,,
15902,85000.0,0.0,11.0,6.0
15903,135000.0,0.0,8.0,5.0
15904,90000.0,0.0,8.0,5.0
15905,70000.0,0.0,11.0,6.0
16001,57000.0,0.0,6.0,2.0
16101,55000.0,0.0,5.0,2.0
16102,40000.0,0.0,6.0,2.0
16501,,,,
16502,75000.0,0.0,6.0,2.0
16503,50000.0,0.0,6.0,2.0
16701,,,,
16702,,,,
17201,2000.0,0.0,8.0,4.0
17401,,,,
17402,,,,
17501,45000.0,0.0,6.0,2.0
17502,120000.0,0.0,6.0,2.0
17503,93000.0,0.0,12.0,7.0
17504,35000.0,0.0,8.0,4.0
17901,,,,
17902,65000.0,0.0,6.0,2.0
18001,,,,
18002,,,,
18003,,,,
18301,,,,
18302,,,,
18303,0.0,0.0,6.0,2.0
18401,10000.0,0.0,6.0,2.0
18601,,,,
18801,,,,
19001,30000.0,0.0,8.0,4.0
19201,78000.0,0.0,8.0,4.0
19202,,,,
19203,70000.0,0.0,8.0,5.0
19701,,,,
19702,23000.0,0.0,8.0,5.0
20001,100000.0,0.0,10.0,6.0
20002,15000.0,0.0,7.0,3.0
20301,,,,
20302,,,,
20401,,,,
20402,,,,
20501,28000.0,0.0,7.0,3.0
20502,,,,
20503,0.0,0.0,6.0,2.0
20801,0.0,0.0,5.0,0.0
21101,50000.0,0.0,8.0,5.0
21102,30000.0,0.0,8.0,5.0
21103,8000.0,0.0,6.0,2.0
21104,500.0,0.0,2.0,0.0
22101,0.0,0.0,3.0,2.0
22102,28752.0,0.0,2.0,1.0
22103,,,,
22104,48000.0,0.0,2.0,1.0
22401,19000.0,0.0,3.0,2.0
22402,,,,
22403,,,,
22701,0.0,0.0,2.0,0.0
22702,,,,
22703,,,,
22704,0.0,0.0,3.0,2.0
22801,,,,
22802,,,,
22803,,0.0,2.0,1.0
22804,,,,
22901,50000.0,0.0,7.0,3.0
23101,54000.0,0.0,11.0,6.0
23102,60000.0,0.0,8.0,5.0
23601,,,,
23602,,,,
23603,,,,
23701,,,,
23901,,,,
23902,,,,
23903,,,,
24001,,,,
24002,52000.0,0.0,7.0,3.0
24201,5000.0,0.0,8.0,5.0
24401,204398.0,0.0,8.0,5.0
24402,,,,
24403,29000.0,0.0,8.0,5.0
24501,0.0,0.0,8.0,5.0
24502,0.0,0.0,8.0,5.0
24503,29000.0,0.0,7.0,3.0
24901,90000.0,0.0,3.0,2.0
24902,,,,
24903,65000.0,0.0,6.0,2.0
24904,10000.0,0.0,6.0,2.0
25001,38000.0,0.0,6.0,2.0
25002,38000.0,0.0,7.0,3.0
25201,,0.0,7.0,3.0
25202,,,,
25401,,,,
25402,30000.0,0.0,10.0,6.0
25403,,,,
25404,55000.0,0.0,3.0,2.0
25405,34000.0,0.0,8.0,4.0
25501,,,,
25502,,,,
25503,123000.0,0.0,11.0,6.0
25504,61000.0,0.0,10.0,6.0
25505,55000.0,0.0,6.0,2.0
25601,,,,
25602,20000.0,0.0,3.0,2.0
25801,,,,
25802,,,,
25803,,,,
26201,,,,
26202,,,,
26501,0.0,0.0,10.0,6.0
26502,56500.0,0.0,12.0,7.0
26503,95000.0,0.0,9.0,5.0
26504,,,,
27201,,,,
27202,,,,
27203,,,,
27204,,,,
27501,17000.0,0.0,7.0,3.0
27502,45000.0,0.0,6.0,2.0
27801,45000.0,0.0,7.0,3.0
27802,45000.0,0.0,6.0,2.0
27803,,,,
27804,,,,
28201,55000.0,0.0,10.0,6.0
28202,0.0,0.0,10.0,6.0
28501,,,,
28502,,,,
28503,,,,
28701,,,,
28702,0.0,0.0,2.0,1.0
28801,44000.0,0.0,8.0,5.0
28802,80000.0,0.0,3.0,2.0
28803,27000.0,0.0,3.0,2.0
28804,,0.0,3.0,2.0
28805,26000.0,0.0,2.0,0.0
28806,15000.0,0.0,2.0,1.0
28901,,,,
28902,,,,
29001,36000.0,0.0,5.0,2.0
29002,53000.0,0.0,10.0,6.0
29201,120000.0,0.0,8.0,5.0
29202,,,,
29301,,,,
29302,,,,
29401,204398.0,0.0,10.0,6.0
29402,,,,
29403,,,,
29701,,,,
29702,50000.0,0.0,3.0,2.0
29801,,,,
29802,,,,
30501,,,,
30502,,,,
31201,34000.0,0.0,4.0,2.0
31202,,,,
31401,,,,
31402,46000.0,0.0,7.0,3.0
31403,,,,
31404,0.0,0.0,6.0,2.0
31405,,,,
32101,,,,
32102,,,,
32103,,,,
32201,,,,
32202,,,,
32203,85000.0,0.0,10.0,6.0
33301,,,,
33302,,,,
33501,,,,
33801,,,,
33802,,,,
33901,,,,
34001,,,,
34002,24000.0,0.0,3.0,2.0
34003,,,,
34301,67745.0,0.0,8.0,4.0
34401,,,,
34402,,,,
34501,,,,
34701,,,,
34702,,,,
35401,,,,
35402,10000.0,0.0,8.0,5.0
36501,,,,
36502,,,,
36503,,,,
36504,,,,
36505,,,,
36901,55000.0,0.0,10.0,6.0
36902,60000.0,0.0,8.0,4.0
37101,0.0,1.0,3.0,2.0
37102,,,,
37103,67000.0,0.0,8.0,4.0
37301,,,,
37302,,,,
37401,,,,
37402,110000.0,0.0,7.0,3.0
37403,,,,
37901,,,,
37902,,,,
37903,0.0,0.0,2.0,0.0
38201,,,,
38202,54000.0,0.0,6.0,2.0
38501,0.0,0.0,3.0,2.0
38502,0.0,0.0,3.0,2.0
38503,0.0,0.0,3.0,2.0
38801,45000.0,0.0,7.0,3.0
38802,,,,
38803,25000.0,0.0,3.0,2.0
38901,,,,
38902,,,,
39001,0.0,0.0,8.0,4.0
39002,,,,
39003,23000.0,0.0,3.0,2.0
39004,3000.0,1.0,2.0,1.0
39101,20000.0,0.0,2.0,1.0
39102,,,,
39103,10000.0,0.0,6.0,2.0
39501,,,,
39502,40000.0,0.0,7.0,3.0
39701,,,,
39702,800.0,0.0,6.0,1.0
39703,,,,
39704,1500.0,0.0,2.0,0.0
39901,,,,
40001,40000.0,0.0,8.0,4.0
40101,34000.0,0.0,6.0,2.0
40102,,,,
40201,,,,
40202,,,,
40203,,0.0,3.0,2.0
40501,64000.0,0.0,6.0,2.0
40502,37000.0,0.0,6.0,2.0
40503,,,,
40701,55000.0,0.0,8.0,5.0
40702,70000.0,0.0,8.0,5.0
41401,,,,
41402,,,,
41601,,,,
41602,62000.0,0.0,8.0,4.0
41603,,,,
41604,46900.0,0.0,8.0,5.0
41801,,,,
42301,37000.0,0.0,8.0,4.0
42302,10000.0,0.0,8.0,4.0
42501,,,,
42502,50000.0,0.0,6.0,1.0
42503,,,,
42504,50000.0,0.0,6.0,2.0
42505,45000.0,0.0,6.0,2.0
42701,,,,
42801,,,,
42802,,,,
43101,73000.0,0.0,2.0,1.0
43102,,,,
43103,50000.0,0.0,7.0,3.0
43701,,,,
43702,,,,
43703,35000.0,0.0,6.0,2.0
43801,,,,
43901,52000.0,0.0,8.0,5.0
43902,30000.0,0.0,6.0,2.0
44201,60000.0,0.0,6.0,2.0
44202,83000.0,0.0,7.0,3.0
44203,88000.0,0.0,7.0,3.0
44401,53000.0,0.0,10.0,6.0
44402,70000.0,0.0,8.0,5.0
44601,,,,
44602,,,,
44901,30000.0,0.0,8.0,4.0
44902,6000.0,0.0,3.0,2.0
45201,48000.0,0.0,8.0,5.0
45202,10000.0,0.0,8.0,5.0
45501,,,,
45502,25000.0,0.0,14.0,8.0
45801,42000.0,0.0,8.0,5.0
45901,114000.0,0.0,10.0,6.0
45902,73000.0,0.0,8.0,4.0
45903,55000.0,0.0,8.0,5.0
46201,53000.0,0.0,8.0,5.0
46501,,,,
46701,,,,
46702,,,,
47101,,,,
47102,,,,
47201,1200.0,0.0,8.0,5.0
47401,,,,
47402,,,,
47403,0.0,0.0,2.0,0.0
47501,20000.0,0.0,3.0,2.0
47601,34000.0,0.0,6.0,2.0
47602,30000.0,0.0,6.0,2.0
47801,53000.0,0.0,3.0,2.0
47802,,,,
48501,,,,
48502,56000.0,0.0,6.0,2.0
48503,49000.0,0.0,6.0,2.0
49101,,,,
49102,,,,
49201,,,,
49202,97000.0,0.0,8.0,4.0
49203,47000.0,0.0,8.0,5.0
49401,,,,
49402,,,,
49501,,,,
49502,,,,
49901,,,,
50101,,,,
50102,400.0,0.0,6.0,2.0
50301,,,,
50302,,0.0,7.0,3.0
50303,,,,
50401,,,,
50402,,,,
50403,,0.0,3.0,2.0
50601,,0.0,6.0,2.0
50701,,,,
50702,13000.0,0.0,6.0,1.0
51401,,,,
51402,,,,
51403,12000.0,0.0,3.0,2.0
51501,,,,
51502,,,,
51901,,,,
52201,0.0,0.0,3.0,2.0
52202,,,,
52501,18000.0,0.0,6.0,2.0
52502,,,,
52801,,,,
52802,,,,
52901,,,,
52902,,,,
52903,,,,
53001,,,,
53002,80000.0,1.0,2.0,1.0
53003,,,,
53201,,,,
53202,,,,
53301,12000.0,0.0,6.0,2.0
53601,,,,
53602,36000.0,0.0,5.0,2.0
54201,,,,
54202,60000.0,0.0,9.0,5.0
54401,,,,
54601,,,,
54602,,,,
54801,50000.0,0.0,8.0,5.0
54802,0.0,0.0,8.0,5.0
54803,54000.0,0.0,3.0,2.0
54804,,,,
55001,,,,
55002,30000.0,0.0,7.0,3.0
55201,,,,
55202,,,,
55701,,,,
55702,0.0,0.0,8.0,4.0
55703,75000.0,0.0,8.0,5.0
55704,40000.0,0.0,6.0,2.0
55801,55000.0,0.0,8.0,4.0
55802,0.0,0.0,8.0,4.0
55803,40000.0,0.0,8.0,4.0
56301,,,,
56302,,,,
56303,65000.0,0.0,8.0,5.0
56701,14000.0,0.0,5.0,2.0
56702,44000.0,0.0,7.0,3.0
56801,,,,
57201,,,,
57401,,,,
57601,20000.0,0.0,8.0,4.0
57602,20000.0,0.0,8.0,4.0
57603,20000.0,0.0,8.0,4.0
57604,0.0,0.0,3.0,2.0
57901,,,,
57902,,,,
58201,22000.0,0.0,8.0,4.0
58501,5000.0,0.0,3.0,2.0
58502,,,,
58503,0.0,0.0,6.0,1.0
58504,,,,
58505,62000.0,0.0,3.0,2.0
58801,0.0,0.0,8.0,4.0
58802,,,,
58803,,,,
58804,1600.0,1.0,3.0,2.0
58901,,,,
58902,,,,
59001,10000.0,0.0,3.0,2.0
59002,43000.0,0.0,5.0,2.0
59003,,,,
59004,23000.0,0.0,3.0,2.0
59301,,,,
59302,,,,
60401,,,,
60402,,,,
60403,55000.0,0.0,8.0,5.0
60404,,,,
60801,,,,
60802,38000.0,0.0,6.0,2.0
60803,25000.0,0.0,10.0,6.0
61101,,,,
61102,35000.0,0.0,8.0,4.0
61401,204398.0,0.0,14.0,8.0
61402,120000.0,0.0,8.0,5.0
61501,50000.0,0.0,3.0,2.0
61502,,,,
61801,,,,
61802,,,,
61803,38000.0,1.0,3.0,2.0
61901,,,,
61902,,,,
61903,,,,
61904,,,,
61905,,,,
61906,,,,
62101,,,,
62102,,,,
62103,38000.0,0.0,3.0,2.0
62201,,,,
62202,25000.0,0.0,7.0,3.0
62203,,,,
62301,20000.0,0.0,7.0,3.0
62302,18000.0,0.0,6.0,1.0
62701,,,,
62702,,,,
62703,,,,
62704,,,,
63201,43000.0,0.0,6.0,2.0
63202,,,,
63203,,,,
63401,,,,
63402,,,,
63403,,,,
63501,84000.0,0.0,7.0,3.0
63502,47000.0,0.0,8.0,4.0
64001,,,,
64002,,,,
64201,,,,
64202,,,,
64301,,,,
64801,,,,
65001,45000.0,0.0,2.0,1.0
65002,,,,
65401,74000.0,0.0,6.0,2.0
65601,,,,
65602,204398.0,0.0,8.0,5.0
65701,10000.0,0.0,8.0,5.0
65702,0.0,0.0,6.0,2.0
66001,,,,
66002,,,,
66003,,,,
66201,,,,
66202,,,,
66401,,,,
66402,,0.0,7.0,3.0
66501,5000.0,0.0,6.0,2.0
66502,5000.0,0.0,3.0,2.0
66801,56000.0,0.0,10.0,6.0
66802,,,,
66803,35000.0,0.0,6.0,2.0
66804,,,,
66805,,,,
67701,,,,
67702,,,,
67703,18000.0,0.0,6.0,2.0
67704,25000.0,0.0,7.0,3.0
68801,,,,
68802,,,,
68901,,0.0,6.0,2.0
68902,22000.0,0.0,6.0,2.0
68903,0.0,0.0,3.0,2.0
69101,,,,
69102,,,,
69103,,,,
69201,,,,
69202,,,,
69401,,,,
69402,,,,
69403,,,,
69404,,,,
69601,,,,
69801,,,,
69802,,,,
70301,,,,
70302,,0.0,7.0,3.0
70303,,,,
70401,,,,
70402,,,,
70601,,,,
70602,,,,
70603,,,,
70604,30000.0,0.0,7.0,3.0
70605,31000.0,0.0,6.0,2.0
70801,,,,
71201,44000.0,0.0,6.0,2.0
71202,,,,
71301,0.0,0.0,2.0,0.0
71302,,,,
72001,,,,
72002,49000.0,0.0,5.0,2.0
72101,0.0,0.0,3.0,2.0
72102,,,,
72401,,,,
72402,,,,
72601,,,,
72602,,,,
72603,,,,
73301,,,,
73302,,,,
73303,,,,
73304,75000.0,0.0,6.0,2.0
73601,,,,
73602,65000.0,0.0,3.0,2.0
73901,60000.0,0.0,8.0,5.0
73902,,,,
73903,82000.0,0.0,8.0,4.0
74001,,,,
74301,58000.0,0.0,8.0,4.0
74302,30000.0,0.0,9.0,4.0
74401,,,,
74402,385.0,0.0,6.0,2.0
74601,40000.0,0.0,3.0,2.0
74602,37000.0,0.0,3.0,2.0
75201,,,,
75202,40000.0,0.0,12.0,7.0
75501,30000.0,0.0,7.0,3.0
75502,,,,
75503,51016.0,,7.0,3.0
75601,60000.0,0.0,8.0,5.0
75602,,,,
75603,40000.0,0.0,3.0,2.0
75604,15000.0,0.0,2.0,0.0
75605,0.0,0.0,6.0,2.0
75701,,,,
75702,50000.0,0.0,8.0,5.0
75801,55000.0,0.0,9.0,4.0
75901,,,,
75902,75000.0,0.0,7.0,3.0
75903,10000.0,0.0,3.0,2.0
75904,40000.0,0.0,3.0,2.0
76101,,,,
76102,300.0,0.0,2.0,0.0
76103,43000.0,0.0,2.0,1.0
76401,80000.0,0.0,7.0,3.0
76402,45000.0,0.0,6.0,2.0
76403,,,,
76404,,,,
76405,44000.0,0.0,8.0,5.0
76801,0.0,0.0,2.0,1.0
76802,130000.0,0.0,6.0,2.0
76803,,,,
76804,0.0,0.0,3.0,2.0
77001,,,,
77002,0.0,0.0,2.0,0.0
77501,,,,
77502,204398.0,0.0,8.0,5.0
77503,,,,
77901,,,,
78301,,,,
78501,,,,
78701,,,,
78801,,,,
78901,,,,
79001,30000.0,0.0,2.0,1.0
79201,,,,
79202,,,,
79203,,,,
79204,,,,
80101,,,,
80102,,,,
80103,40000.0,0.0,6.0,2.0
80301,,,,
80302,20900.0,0.0,2.0,1.0
80303,,,,
80304,35000.0,0.0,3.0,2.0
80305,1500.0,0.0,3.0,2.0
80306,12000.0,0.0,3.0,2.0
80401,40000.0,0.0,3.0,2.0
80402,,,,
80501,,,,
81001,,,,
81101,60000.0,0.0,9.0,5.0
81201,,,,
81202,60000.0,0.0,8.0,5.0
81203,104000.0,0.0,10.0,6.0
81204,110000.0,0.0,8.0,5.0
81401,,,,
81402,,,,
81601,,,,
81602,0.0,0.0,10.0,6.0
82001,40000.0,0.0,10.0,6.0
82401,,,,
82801,21000.0,0.0,7.0,3.0
82802,36000.0,0.0,6.0,2.0
82901,,,,
82902,,,,
83001,32000.0,0.0,3.0,2.0
83101,,,,
83102,23000.0,0.0,8.0,4.0
83103,6000.0,0.0,6.0,2.0
83104,,,,
83401,60000.0,0.0,8.0,4.0
83402,,,,
83403,29000.0,0.0,6.0,2.0
83501,,,,
83502,100000.0,0.0,8.0,5.0
83601,,,,
83602,,,,
83603,26000.0,0.0,6.0,2.0
83901,,0.0,6.0,2.0
84001,,,,
84002,,,,
84101,,,,
84102,0.0,0.0,3.0,2.0
84201,0.0,1.0,7.0,3.0
84301,,,,
84501,,,,
84502,,,,
84503,,0.0,3.0,2.0
84801,112000.0,0.0,10.0,6.0
85201,,,,
85401,,,,
85402,15000.0,0.0,2.0,1.0
85403,25000.0,0.0,3.0,2.0
85404,0.0,0.0,3.0,2.0
85501,0.0,0.0,3.0,2.0
85502,67000.0,0.0,6.0,2.0
85601,0.0,0.0,3.0,2.0
85602,,,,
85603,,,,
86201,11000.0,0.0,9.0,4.0
86202,,,,
86601,,,,
86602,,,,
86603,24000.0,0.0,3.0,2.0
86701,,,,
86901,,,,
86902,,,,
87501,,,,
87601,,,,
87602,65000.0,0.0,8.0,5.0
87603,20000.0,0.0,8.0,5.0
87604,7000.0,0.0,6.0,2.0
87901,55000.0,0.0,10.0,6.0
87902,4000.0,0.0,3.0,2.0
88001,0.0,0.0,8.0,4.0
88002,,,,
88003,120000.0,0.0,14.0,8.0
88601,7000.0,0.0,8.0,5.0
88602,0.0,0.0,6.0,2.0
88701,87000.0,0.0,11.0,6.0
88702,46000.0,0.0,8.0,4.0
88901,5000.0,0.0,6.0,2.0
88902,,,,
89301,,,,
89302,35000.0,0.0,6.0,2.0
89303,38000.0,0.0,7.0,3.0
89401,,,,
89402,,,,
89403,,,,
89501,,,,
89502,,,,
89601,,,,
89602,45000.0,0.0,8.0,5.0
89801,,,,
89802,35000.0,0.0,8.0,4.0
89803,33000.0,0.0,8.0,4.0
90001,,,,
90002,30000.0,0.0,3.0,2.0
90003,13000.0,0.0,8.0,4.0
90004,0.0,0.0,3.0,2.0
90401,,,,
90601,100000.0,0.0,8.0,4.0
90602,,,,
90603,38000.0,0.0,6.0,2.0
91201,,,,
91202,204398.0,0.0,8.0,5.0
91401,65000.0,0.0,8.0,4.0
91402,15000.0,0.0,8.0,4.0
91801,36000.0,0.0,7.0,3.0
92301,70000.0,0.0,6.0,2.0
92302,85000.0,0.0,6.0,1.0
92303,,,,
92801,,,,
92802,,,,
93001,,,,
93002,,,,
93003,,,,
93004,,,,
93201,,,,
93202,,,,
93203,,,,
93501,,,,
93502,,,,
93503,,,,
93601,0.0,0.0,6.0,2.0
93602,,,,
93603,81000.0,0.0,10.0,6.0
93901,,,,
93902,,,,
93903,,,,
93904,,,,
94001,103000.0,0.0,8.0,4.0
94002,,,,
94201,,,,
94202,60000.0,0.0,7.0,3.0
94901,55000.0,0.0,7.0,3.0
94902,,,,
95001,53000.0,0.0,3.0,2.0
95201,300.0,1.0,6.0,2.0
95301,10000.0,0.0,2.0,0.0
95302,,,,
95401,12500.0,0.0,6.0,2.0
95402,10000.0,0.0,6.0,2.0
96201,2000.0,0.0,8.0,5.0
96202,,,,
96203,,,,
96401,,,,
96601,55000.0,0.0,6.0,2.0
96602,,,,
96701,,,,
96702,,,,
97101,38000.0,0.0,8.0,4.0
97102,,,,
97401,,,,
97402,,,,
97501,,,,
97502,,,,
97801,,,,
97802,60000.0,0.0,10.0,6.0
97901,,,,
97902,,,,
98101,,,,
98102,,,,
98601,,,,
98801,,,,
99201,,,,
99202,83000.0,0.0,10.0,6.0
99203,,,,
99501,,,,
99502,50000.0,0.0,2.0,1.0
99801,,,,
99802,0.0,0.0,6.0,2.0
99803,,,,
99804,,,,
99805,,,,
99901,,,,
99902,65000.0,0.0,8.0,4.0
100501,204398.0,0.0,6.0,2.0
100502,,,,
100503,9000.0,0.0,2.0,1.0
100504,,,,
100505,,,,
100801,,,,
100901,,,,
101501,,,,
101502,,,,
101503,86000.0,0.0,10.0,6.0
101504,25000.0,0.0,7.0,3.0
101601,,,,
101701,,,,
101702,,,,
101801,,,,
101802,,,,
101901,2000.0,0.0,6.0,2.0
101902,75.0,0.0,2.0,0.0
101903,,0.0,2.0,0.0
102401,33000.0,0.0,10.0,6.0
102501,,,,
102502,,,,
102503,,,,
102504,,0.0,7.0,3.0
102505,16000.0,0.0,2.0,0.0
103001,10000.0,0.0,2.0,1.0
103002,27000.0,0.0,3.0,2.0
103003,75000.0,0.0,4.0,2.0
103004,7000.0,0.0,3.0,2.0
103301,,,,
103302,,,,
103303,,,,
103304,,0.0,2.0,0.0
103401,,,,
103402,,,,
103403,30000.0,0.0,2.0,1.0
103501,,,,
103502,,,,
103601,3000.0,0.0,5.0,2.0
103801,25000.0,1.0,3.0,2.0
103802,71000.0,0.0,8.0,5.0
103901,,,,
104001,,,,
104801,,,,
104802,,,,
104901,54000.0,0.0,10.0,6.0
104902,7000.0,0.0,6.0,2.0
104903,21000.0,0.0,6.0,2.0
105001,10000.0,0.0,2.0,0.0
105601,,,,
105602,,,,
105603,0.0,0.0,3.0,2.0
105701,,,,
105702,,,,
105703,,,,
105704,,,,
106301,30000.0,0.0,6.0,2.0
106302,58000.0,0.0,7.0,3.0
106501,,,,
106502,,,,
106503,0.0,0.0,8.0,4.0
106901,,,,
106902,,,,
107001,25000.0,0.0,2.0,1.0
107002,,,,
107003,36000.0,0.0,3.0,2.0
107101,74000.0,0.0,7.0,3.0
107102,,,,
107103,,,,
107401,,,,
107601,,,,
107701,,,,
107702,,,,
107703,0.0,0.0,6.0,2.0
107901,,,,
108001,24000.0,0.0,8.0,5.0
108002,,,,
108003,30000.0,0.0,3.0,2.0
108201,80000.0,0.0,10.0,6.0
108202,40000.0,0.0,6.0,2.0
108301,,,,
108302,,,,
108601,,,,
108701,5000.0,0.0,8.0,5.0
108702,5000.0,0.0,6.0,2.0
108703,300.0,0.0,2.0,0.0
108704,,,1.0,0.0
108705,,,,
108801,,,,
108802,,,,
108803,,,,
108804,30000.0,0.0,8.0,5.0
108805,10000.0,0.0,8.0,5.0
108806,2800.0,0.0,2.0,0.0
109001,,,,
109002,,,,
109003,,,,
109301,,,,
109302,,,,
109303,,,,
110101,,,,
110102,,,,
110301,,,,
110401,70000.0,0.0,7.0,3.0
110801,,,,
110802,,,,
111001,,,,
111101,,,,
111102,,,,
111201,,,,
111202,0.0,0.0,10.0,6.0
111601,,,,
111602,7000.0,0.0,8.0,4.0
111701,,,,
111702,135000.0,0.0,8.0,5.0
111703,,0.0,6.0,2.0
111801,,,,
112101,,,,
112102,,,,
112301,,,,
112302,85000.0,0.0,11.0,6.0
112303,100000.0,0.0,6.0,2.0
112304,0.0,,8.0,4.0
112305,,,,
112601,,,,
112602,,,,
112603,,,,
112801,,,,
113001,,,,
113002,,,,
113101,24000.0,0.0,3.0,2.0
113201,,,,
113202,,,,
113301,,,,
113302,,,,
113303,,,,
113501,105000.0,0.0,9.0,5.0
113502,,,,
113601,,,,
113602,,,,
114101,,,,
114102,,,,
114701,51000.0,0.0,6.0,2.0
114702,44000.0,1.0,6.0,2.0
115201,,,,
115202,109000.0,0.0,7.0,3.0
115203,,,,
115501,,,,
115701,60000.0,0.0,8.0,5.0
115702,30000.0,0.0,6.0,2.0
115801,,,,
115802,,0.0,9.0,5.0
115901,,,,
115902,0.0,0.0,2.0,0.0
116001,,,,
116002,,,,
116003,,,,
116004,30000.0,0.0,10.0,6.0
116005,2000.0,0.0,6.0,2.0
116006,0.0,0.0,6.0,2.0
116101,,0.0,3.0,2.0
116102,40000.0,0.0,6.0,2.0
116201,,,,
116301,,,,
116302,,,,
116401,,,,
116402,,,,
116501,32000.0,0.0,7.0,3.0
116502,,,,
116503,42000.0,0.0,6.0,2.0
116601,,,,
116602,,,,
116701,,,,
116702,,,,
116801,,,,
117001,,,,
117002,,,,
117003,,,,
117004,,,,
117201,,,,
117202,,,,
117203,,,,
117701,,,,
117702,,,,
117901,,,,
117902,,,,
118101,,,,
118102,,,,
118103,25000.0,0.0,11.0,6.0
118401,,,,
118402,12000.0,1.0,8.0,5.0
118403,6000.0,0.0,2.0,0.0
118701,100000.0,0.0,10.0,6.0
118702,31200.0,0.0,7.0,3.0
118703,35000.0,0.0,7.0,3.0
118901,204398.0,0.0,10.0,6.0
118902,,,,
119101,0.0,0.0,6.0,2.0
119501,30000.0,0.0,6.0,2.0
119502,20000.0,0.0,6.0,2.0
119901,,,,
119902,,,,
120001,,,,
120002,23000.0,0.0,6.0,2.0
120201,72000.0,0.0,7.0,3.0
120202,,,,
120301,,,,
120302,,,,
120701,35000.0,0.0,8.0,5.0
120702,,,,
120901,,,,
120902,,,,
120903,46000.0,0.0,6.0,2.0
121001,5206.0,0.0,2.0,1.0
121002,,,,
121003,,,,
121004,,,,
121005,,,,
121006,,,,
121201,16000.0,0.0,2.0,1.0
121202,900.0,0.0,6.0,2.0
121301,,,,
121302,0.0,0.0,2.0,0.0
121401,,,,
121402,,,,
121403,,,,
121404,,,,
121601,,,,
121602,,,,
121603,,,,
121604,,,,
122001,,,,
122002,,,,
122003,40000.0,0.0,6.0,2.0
122101,12400.0,0.0,6.0,2.0
122102,,,,
122103,,,,
122301,20000.0,0.0,6.0,2.0
122302,,0.0,3.0,2.0
122401,,,,
122402,,,,
122403,29000.0,0.0,7.0,3.0
122501,,,,
122502,0.0,,3.0,2.0
122601,,,,
122602,,,,
122701,15000.0,0.0,8.0,5.0
122702,,,,
122703,,,,
122704,13500.0,0.0,3.0,2.0
122801,,,,
122802,,,,
122803,19000.0,0.0,3.0,2.0
123001,73000.0,0.0,8.0,5.0
123002,48000.0,0.0,3.0,2.0
123101,4000.0,0.0,9.0,4.0
123102,4050.0,0.0,6.0,2.0
123301,,,,
123302,,,,
123401,,,,
123402,,,,
123601,35000.0,0.0,8.0,5.0
123602,30000.0,0.0,8.0,4.0
123603,10000.0,0.0,3.0,2.0
123801,,,,
123802,,,,
123803,,,,
123804,,,,
123805,30000.0,0.0,5.0,2.0
124101,,,,
124102,,,,
124103,41000.0,0.0,6.0,2.0
124104,,,,
124201,0.0,0.0,3.0,2.0
124401,60000.0,0.0,7.0,3.0
124402,,,,
124403,35000.0,0.0,3.0,2.0
124601,,,,
124602,,,,
125001,204398.0,0.0,7.0,3.0
125002,,,,
125003,74000.0,0.0,7.0,3.0
125101,,,,
125301,77000.0,0.0,14.0,8.0
125401,,,,
125402,,,,
125403,,,,
125404,,,,
125501,,,,
125801,,,,
125802,90000.0,0.0,8.0,4.0
125803,,,,
125804,,,,
125901,95000.0,0.0,9.0,5.0
126101,,,,
126301,,,,
126901,,,,
126902,,,,
126903,20000.0,0.0,3.0,2.0
127001,,,,
127002,,,,
127101,,,,
127701,,,,
127901,0.0,0.0,8.0,4.0
127902,,,,
127903,,,,
128601,,,,
128602,32000.0,0.0,8.0,5.0
129001,50000.0,0.0,4.0,1.0
129002,,,,
129301,,,,
129302,30000.0,0.0,3.0,2.0
129303,,,,
129501,,,,
129502,,,,
129503,,0.0,4.0,2.0
129504,0.0,0.0,2.0,0.0
129601,,,,
129602,,,,
129701,,,,
129702,,,,
129703,,,,
129801,,,,
129802,,,,
130201,,,,
130401,100000.0,0.0,3.0,2.0
130402,,,,
130403,,,,
130501,54000.0,0.0,8.0,5.0
130502,,,,
130601,,,,
130602,25000.0,0.0,6.0,2.0
130603,,,,
130604,1000.0,0.0,3.0,2.0
130801,,,,
130802,,,,
130803,,,,
131001,78000.0,0.0,8.0,5.0
131002,55000.0,0.0,8.0,5.0
131003,0.0,0.0,8.0,5.0
131201,,,,
131301,,,,
131302,,,,
132201,,,,
132301,70000.0,0.0,8.0,5.0
132302,60000.0,0.0,8.0,5.0
132401,12000.0,0.0,12.0,7.0
132402,,,,
132403,,,,
132404,,,,
132405,3000.0,0.0,6.0,2.0
132601,,0.0,8.0,5.0
132602,0.0,0.0,6.0,2.0
132701,800.0,0.0,7.0,3.0
132702,18000.0,0.0,2.0,1.0
132801,24000.0,0.0,8.0,5.0
132802,82500.0,0.0,6.0,2.0
133501,30000.0,0.0,8.0,4.0
133601,,,,
133602,,,,
133603,,,,
133604,,,,
134101,35000.0,0.0,7.0,3.0
134102,,,,
134103,16000.0,0.0,3.0,2.0
134301,,,,
134302,,,,
134701,,,,
134801,,,,
134802,,,,
134803,,,,
134804,,,,
135201,,,,
135202,,,,
135203,,,,
135601,,0.0,5.0,2.0
135602,65000.0,0.0,12.0,7.0
135901,0.0,0.0,6.0,2.0
135902,30000.0,0.0,6.0,2.0
135903,57000.0,0.0,10.0,6.0
136001,,,,
136101,,,,
136102,,,,
136201,9000.0,0.0,10.0,6.0
136202,36000.0,0.0,8.0,4.0
136601,8000.0,0.0,2.0,1.0
137001,50000.0,0.0,8.0,5.0
137401,90000.0,0.0,3.0,2.0
137402,30000.0,0.0,6.0,2.0
137501,0.0,0.0,6.0,2.0
137502,24000.0,0.0,6.0,2.0
137601,0.0,0.0,6.0,2.0
137602,0.0,0.0,3.0,2.0
137603,,,,
137701,,,,
137702,,,,
137801,9000.0,0.0,6.0,2.0
138101,,0.0,2.0,1.0
138102,,,,
138103,,,,
138201,,,,
138501,,,,
138801,,,,
138802,,,,
138803,,,,
138804,0.0,0.0,6.0,2.0
138901,,,,
138902,,,,
139101,,,,
139102,13000.0,0.0,3.0,2.0
139103,,,,
139401,,,,
139402,82000.0,0.0,10.0,6.0
139801,,,,
139802,,,,
139901,0.0,0.0,6.0,2.0
139902,90000.0,0.0,8.0,5.0
140001,,,,
140002,,,,
140003,,,,
140004,,,,
140101,,,,
140102,,,,
140103,,,,
140104,,,,
140105,,,,
140106,,,,
140107,,,,
140201,97696.0,0.0,8.0,5.0
140601,,1.0,3.0,2.0
140602,,,,
140603,,,,
140604,12000.0,0.0,2.0,1.0
140605,,,,
140606,,,,
140701,,,,
140901,88000.0,0.0,5.0,2.0
140902,41000.0,0.0,3.0,2.0
141001,,,,
141002,,,,
141101,40000.0,0.0,2.0,1.0
141201,,,,
141401,,,,
141402,,,,
141403,,,,
141404,10000.0,0.0,6.0,2.0
141405,,,,
141501,,,,
141502,,1.0,2.0,0.0
141503,,,,
141504,,,,
141505,40000.0,0.0,2.0,0.0
141506,,,,
141507,,,,
141601,25000.0,0.0,2.0,1.0
141602,,,,
141603,60000.0,0.0,2.0,0.0
141901,,,,
141902,73000.0,0.0,3.0,2.0
142101,,,,
142102,,,,
142301,204398.0,0.0,10.0,6.0
142302,15000.0,0.0,3.0,2.0
142303,,,,
142304,,,,
142305,,,,
142601,700.0,0.0,8.0,4.0
143501,,0.0,7.0,3.0
143502,,,,
143503,,,,
143601,14000.0,0.0,6.0,2.0
143602,13000.0,0.0,6.0,2.0
143603,59000.0,0.0,6.0,2.0
143701,6000.0,0.0,3.0,2.0
143702,,,,
143703,29500.0,0.0,5.0,2.0
143801,,,,
143802,,,,
143803,,,,
143901,0.0,0.0,2.0,1.0
144001,,,,
144002,,0.0,2.0,1.0
144003,,,,
144004,,,,
144201,50000.0,0.0,6.0,2.0
144202,,0.0,6.0,2.0
144301,0.0,0.0,8.0,5.0
144302,,,,
144303,800.0,0.0,2.0,0.0
144601,0.0,0.0,6.0,2.0
144602,,,,
144603,,0.0,3.0,2.0
145101,22000.0,0.0,3.0,2.0
145102,,,,
145103,0.0,0.0,3.0,2.0
145401,,,,
145402,,,,
145501,,,,
145502,,,,
145503,,,,
145504,,,,
145901,15000.0,0.0,8.0,4.0
146001,,,,
146002,,,,
146003,,,,
146501,,,,
146701,,,,
146901,,,,
146902,,,,
146903,84500.0,0.0,8.0,5.0
147001,71000.0,0.0,6.0,1.0
147002,117000.0,0.0,1.0,1.0
147401,,,,
147402,,,,
147801,,,,
147802,,,,
148201,,,,
148202,70000.0,0.0,8.0,5.0
148203,30000.0,0.0,3.0,2.0
148401,,,,
148901,,,,
148902,,,,
148903,0.0,0.0,3.0,2.0
148904,30000.0,0.0,3.0,2.0
149001,37000.0,0.0,6.0,2.0
149101,,,,
149102,,,,
149301,,,,
149302,204398.0,0.0,4.0,2.0
149401,,,,
149402,,,,
149403,,,,
149501,,,,
149502,,,,
149801,,,,
149802,,,,
149901,32000.0,0.0,3.0,2.0
149902,45000.0,0.0,10.0,6.0
150201,37000.0,0.0,10.0,6.0
150202,80000.0,0.0,6.0,2.0
150203,58000.0,0.0,8.0,5.0
150204,1000.0,0.0,6.0,2.0
150701,,,,
150702,48000.0,0.0,2.0,1.0
151201,,,,
151202,,0.0,8.0,5.0
151701,,,,
151702,,,,
151703,,,,
151901,,,,
151902,36000.0,0.0,3.0,2.0
151903,48000.0,0.0,3.0,2.0
152201,,,,
152401,,,,
152402,,,,
152403,3000.0,0.0,2.0,0.0
152501,,,,
152502,,,,
152503,55000.0,0.0,7.0,3.0
152504,,,,
152505,40000.0,0.0,7.0,3.0
153101,,,,
153201,78000.0,0.0,7.0,3.0
153202,,,,
153203,34500.0,1.0,8.0,5.0
153204,3000.0,0.0,3.0,2.0
153301,,,,
153302,,,,
153401,,,,
153402,,,,
153801,,,,
153802,27000.0,0.0,5.0,1.0
153901,31000.0,0.0,8.0,5.0
153902,,0.0,7.0,3.0
154001,,0.0,2.0,0.0
154101,45000.0,0.0,2.0,1.0
154102,,,,
154401,18000.0,0.0,2.0,1.0
154402,,,,
154403,35000.0,0.0,3.0,2.0
154601,,,,
154602,,,,
154603,20000.0,0.0,2.0,0.0
154801,10000.0,0.0,4.0,1.0
154802,23000.0,0.0,2.0,0.0
154901,73000.0,0.0,3.0,2.0
154902,,,,
154903,,0.0,3.0,2.0
154904,,,,
155101,,,,
155102,,,,
155201,,,,
155301,,,,
155801,4300.0,0.0,6.0,2.0
155901,,,,
155902,,,,
156201,,,,
156401,,0.0,7.0,3.0
156402,2000.0,0.0,6.0,2.0
156601,,,,
156602,,,,
156603,,,,
156604,,,,
156605,10000.0,0.0,6.0,1.0
157101,,0.0,6.0,2.0
157102,,,,
157901,40000.0,0.0,5.0,2.0
158101,95000.0,0.0,6.0,2.0
158102,,0.0,8.0,5.0
158301,,,,
158302,56000.0,0.0,6.0,2.0
158401,,,,
158402,41000.0,1.0,2.0,1.0
158701,40000.0,0.0,8.0,4.0
158702,25000.0,0.0,8.0,4.0
159201,,,,
159202,24000.0,0.0,3.0,2.0
159301,,,,
159302,,,,
159601,,,,
159602,,,,
159603,,,,
159604,,,,
159605,0.0,0.0,1.0,0.0
159606,,,,
159607,,,,
159801,32000.0,0.0,3.0,2.0
159802,120000.0,0.0,3.0,2.0
159901,,,,
160001,,,,
160002,,,,
160003,,,,
160004,,,,
160501,,0.0,6.0,2.0
160502,,,,
160601,0.0,0.0,2.0,1.0
160602,30000.0,0.0,4.0,1.0
160801,,,,
160901,,,,
160902,,,,
161001,,,,
161002,36000.0,0.0,5.0,2.0
161601,84000.0,0.0,10.0,6.0
161602,67000.0,0.0,8.0,4.0
161701,,,,
161702,,,,
161703,28800.0,0.0,5.0,1.0
162301,,0.0,3.0,2.0
162501,19000.0,0.0,8.0,4.0
162502,0.0,0.0,6.0,2.0
162901,,,,
162902,,,,
163401,18000.0,0.0,6.0,2.0
163801,,,,
163802,3200.0,0.0,3.0,2.0
163803,10000.0,0.0,7.0,3.0
163804,,,,
163901,,,,
163902,89000.0,0.0,8.0,5.0
163903,5000.0,0.0,8.0,5.0
163904,25000.0,0.0,8.0,5.0
164001,,,,
164002,,,,
164201,35000.0,0.0,7.0,3.0
164202,,,,
164203,100000.0,0.0,8.0,5.0
164801,,,,
164802,0.0,0.0,3.0,2.0
164803,0.0,0.0,6.0,2.0
164901,0.0,0.0,2.0,0.0
164902,0.0,0.0,2.0,0.0
164903,0.0,0.0,2.0,0.0
164904,0.0,0.0,2.0,0.0
165001,25000.0,0.0,3.0,2.0
165002,,,,
165003,5000.0,0.0,6.0,2.0
165004,23000.0,0.0,8.0,5.0
165005,0.0,0.0,2.0,0.0
165006,,0.0,3.0,2.0
165201,,,,
165501,,,,
165502,,,,
165601,,,,
165602,65000.0,0.0,6.0,2.0
165701,0.0,0.0,3.0,2.0
165702,1000.0,0.0,7.0,3.0
165801,33000.0,0.0,8.0,4.0
165802,2000.0,0.0,3.0,2.0
166101,,,,
166201,,,,
166202,0.0,0.0,7.0,3.0
166601,0.0,0.0,8.0,5.0
166602,,,,
166603,,,,
167101,,,,
167102,,,,
167401,,,,
167402,,,,
167403,12000.0,0.0,6.0,2.0
167404,,,,
167501,38000.0,0.0,8.0,5.0
167502,50000.0,0.0,7.0,3.0
167503,10000.0,0.0,7.0,3.0
167504,6000.0,0.0,8.0,4.0
167601,204398.0,0.0,8.0,4.0
167602,6461.0,0.0,8.0,5.0
168301,,,,
168501,10000.0,0.0,3.0,2.0
168901,,,,
168902,,,,
168903,,,,
169001,,,,
169002,45000.0,0.0,3.0,2.0
169003,,,,
169004,,,,
169101,,,,
169102,48000.0,0.0,3.0,2.0
169901,,,,
169902,,,,
170401,,,,
170402,0.0,1.0,2.0,1.0
170403,,0.0,7.0,3.0
170404,,,,
170405,,,,
170501,,,,
170502,,,,
170503,,,,
170504,,,,
170505,,,,
171401,45000.0,0.0,3.0,2.0
171601,,,,
171602,,,,
171901,56000.0,0.0,8.0,4.0
172001,,,,
172201,,,,
172202,,,,
172203,,,,
172301,,0.0,7.0,3.0
172302,,,,
172303,80000.0,0.0,3.0,2.0
172501,11000.0,0.0,2.0,0.0
172502,15000.0,0.0,7.0,3.0
172601,,,,
172602,,,,
172603,,,,
172701,,,,
172702,,,,
172901,,,,
172902,,,,
172903,,,,
173001,,,,
173201,,,,
173202,,,,
173301,,,,
173302,65000.0,0.0,8.0,5.0
173401,,,,
173402,,,,
173501,0.0,0.0,8.0,4.0
173502,,,,
173503,,0.0,6.0,2.0
173601,18000.0,0.0,8.0,5.0
173602,10000.0,0.0,8.0,5.0
173701,100.0,0.0,2.0,0.0
173801,,,,
174001,10000.0,0.0,6.0,2.0
174002,1000.0,0.0,3.0,2.0
174501,0.0,0.0,6.0,2.0
174502,0.0,0.0,8.0,4.0
174503,1000.0,0.0,6.0,2.0
174701,,,,
174702,,,,
174901,,,,
175101,80000.0,0.0,3.0,2.0
175201,72000.0,0.0,3.0,2.0
175202,,,,
175401,204398.0,0.0,6.0,2.0
175402,,,,
175403,,,,
175404,,,,
175405,47000.0,0.0,3.0,2.0
175406,50000.0,0.0,6.0,2.0
175407,,,,
175701,,,,
175702,,,,
175801,,,,
175802,45000.0,0.0,6.0,2.0
176001,,,,
176002,,,,
176003,40000.0,0.0,3.0,2.0
176601,2000.0,0.0,8.0,5.0
176801,,0.0,4.0,2.0
176901,24000.0,0.0,4.0,2.0
176902,40000.0,0.0,6.0,2.0
177001,,,,
177002,,,,
177501,32000.0,0.0,8.0,4.0
177502,,,,
177601,71000.0,0.0,12.0,7.0
177602,26000.0,0.0,9.0,5.0
177801,53000.0,0.0,3.0,2.0
177802,77000.0,0.0,8.0,5.0
178501,,,,
178502,75000.0,0.0,10.0,6.0
178503,,,,
178601,204398.0,0.0,8.0,5.0
178602,,,,
178603,82000.0,0.0,6.0,2.0
178604,75000.0,0.0,8.0,5.0
178901,,,,
178902,,,,
178903,,,,
179401,,,,
179402,0.0,1.0,7.0,3.0
179501,,,,
179502,107000.0,0.0,10.0,6.0
179701,,,,
179901,100.0,0.0,1.0,0.0
179902,,,,
179903,,,,
180101,,,,
180301,62000.0,0.0,10.0,6.0
180302,5500.0,0.0,8.0,5.0
180401,99000.0,0.0,8.0,5.0
180402,115000.0,0.0,10.0,6.0
180403,80000.0,0.0,8.0,5.0
180801,117000.0,0.0,14.0,8.0
180802,26000.0,0.0,8.0,4.0
181401,,,,
181402,,,,
181501,,,,
181502,,,,
181601,,,,
181602,,,,
181603,,,,
181604,38600.0,0.0,6.0,2.0
181801,50000.0,0.0,6.0,0.0
181802,0.0,0.0,3.0,2.0
182401,,,,
182402,,,,
182501,32000.0,0.0,6.0,2.0
182502,26500.0,0.0,6.0,2.0
182503,,,,
182504,19000.0,0.0,2.0,1.0
182601,,,,
182602,,,,
182801,6000.0,0.0,6.0,1.0
182901,,,,
182902,,,,
182903,,,,
182904,,0.0,2.0,0.0
183101,,,,
183102,,,,
183201,,,,
183202,,,,
183203,,,,
183301,35000.0,0.0,3.0,2.0
183302,,,,
183303,24000.0,0.0,7.0,3.0
183401,,,,
183402,,,,
183403,,,,
183801,,,,
183802,,,,
183803,1000.0,0.0,6.0,2.0
183901,,,,
183902,,,,
184001,,,,
184201,25000.0,0.0,8.0,4.0
184401,,,,
184402,750.0,0.0,8.0,4.0
184403,,,,
184404,0.0,0.0,8.0,5.0
184405,,,,
184406,,,,
184701,,,,
184801,,,,
184802,113000.0,0.0,12.0,7.0
184901,0.0,0.0,7.0,3.0
184902,0.0,0.0,6.0,2.0
185201,,,,
185301,,,,
185302,,,,
185303,84000.0,0.0,6.0,2.0
185304,,,,
185601,,,,
185801,204398.0,0.0,14.0,8.0
185802,204398.0,0.0,8.0,4.0
186201,82000.0,0.0,7.0,3.0
186202,,,,
186203,,,,
186204,48500.0,0.0,8.0,5.0
186205,,,,
186301,,0.0,7.0,3.0
186302,40000.0,0.0,8.0,5.0
186303,43500.0,0.0,9.0,5.0
186501,,,,
186601,40000.0,0.0,3.0,2.0
186801,,,,
186802,,,,
187001,,,,
187601,,,,
187602,35000.0,0.0,9.0,5.0
187603,68000.0,0.0,3.0,2.0
187801,40000.0,0.0,10.0,6.0
187802,,,,
187803,,,,
188001,,,,
188002,32000.0,0.0,8.0,4.0
188501,58000.0,0.0,10.0,6.0
188502,18000.0,0.0,6.0,2.0
188601,,,,
188602,,,,
189201,,,,
189601,,,,
189602,,,,
189801,,,,
189802,,,,
190001,,,,
190002,48000.0,0.0,8.0,5.0
190003,96000.0,0.0,3.0,2.0
190201,,0.0,4.0,2.0
190202,,,,
190401,,,,
190402,,,,
190403,,,,
190501,97000.0,0.0,10.0,6.0
190502,,0.0,3.0,2.0
190503,2000.0,0.0,6.0,2.0
190504,6000.0,0.0,7.0,3.0
190601,20000.0,0.0,7.0,3.0
190602,0.0,0.0,3.0,2.0
190603,2000.0,0.0,6.0,2.0
190604,,0.0,6.0,2.0
190701,,,,
191201,,,,
191202,90000.0,0.0,6.0,2.0
191501,12000.0,0.0,3.0,2.0
192201,,,,
192202,,,,
192601,36000.0,0.0,7.0,3.0
192602,,,,
192701,,,,
192702,204398.0,0.0,8.0,4.0
192703,38480.0,0.0,6.0,2.0
192704,40000.0,0.0,8.0,5.0
192801,0.0,0.0,3.0,2.0
192802,49000.0,0.0,3.0,2.0
192803,,,,
193201,40000.0,0.0,3.0,2.0
193301,,,,
193302,,,,
193303,,,,
193401,,,,
193402,,,,
193501,,,,
193502,65000.0,0.0,8.0,5.0
193601,,,,
193602,,,,
193701,,,,
193702,,,,
193703,42000.0,0.0,8.0,4.0
193801,204398.0,0.0,12.0,7.0
193802,,,,
193803,35000.0,0.0,8.0,4.0
194001,,0.0,3.0,2.0
194701,,,,
194801,12000.0,0.0,6.0,2.0
195101,51000.0,0.0,8.0,5.0
195102,15000.0,0.0,8.0,5.0
195301,75000.0,1.0,8.0,5.0
195302,3000.0,0.0,2.0,0.0
195401,,,,
195402,52000.0,0.0,5.0,1.0
195403,20012.0,0.0,3.0,2.0
196001,23000.0,0.0,7.0,3.0
196002,35000.0,0.0,3.0,2.0
196201,,,,
196202,,,,
196501,204398.0,0.0,8.0,5.0
196502,,,,
197201,480.0,0.0,7.0,3.0
197401,,,,
197402,,,,
198001,,,,
198002,87000.0,0.0,8.0,5.0
198003,,,,
198601,,,,
199001,,,,
199002,,,,
199301,,,,
199302,,,,
199303,25000.0,0.0,7.0,3.0
199401,204398.0,0.0,8.0,4.0
199402,86000.0,0.0,6.0,2.0
199501,25000.0,0.0,6.0,2.0
199502,50.0,0.0,2.0,0.0
199701,,,,
199702,,,,
199703,65000.0,0.0,10.0,6.0
199704,45000.0,0.0,8.0,5.0
200201,,,,
200202,,,,
200203,38000.0,0.0,7.0,3.0
200204,,,,
200205,12089.0,0.0,6.0,1.0
200206,8000.0,0.0,3.0,2.0
200207,50000.0,0.0,6.0,2.0
200208,0.0,0.0,2.0,0.0
200209,0.0,0.0,3.0,2.0
200210,6000.0,0.0,2.0,0.0
200301,,,,
200401,,,,
200801,,,,
200802,,,,
200803,,,,
200901,30000.0,0.0,6.0,2.0
200902,,0.0,3.0,2.0
201201,89700.0,0.0,8.0,5.0
201202,,,,
201203,,,,
201301,,,,
201302,3000.0,0.0,6.0,2.0
201601,,,,
201602,66000.0,0.0,8.0,4.0
202101,,,,
202102,,,,
202103,,,,
202701,,,,
202702,,,,
203001,12000.0,0.0,6.0,2.0
203501,0.0,0.0,6.0,2.0
203601,,,,
203602,,,,
203603,,,,
204201,38000.0,0.0,10.0,6.0
204202,8000.0,0.0,6.0,2.0
204601,48000.0,0.0,6.0,2.0
204602,12000.0,0.0,8.0,4.0
204901,36000.0,0.0,8.0,4.0
205001,,,,
205002,,,,
205201,,,,
205202,,,,
205301,,,,
205401,62000.0,0.0,3.0,2.0
205402,,,,
205403,,,,
205404,70000.0,0.0,8.0,4.0
205701,,,,
205702,,0.0,3.0,2.0
205801,0.0,0.0,8.0,5.0
205802,82000.0,0.0,8.0,5.0
206101,,,,
206201,,,,
206202,,,,
206301,,,,
206401,,,,
206601,,0.0,3.0,2.0
206602,,,,
206603,,,,
206604,20000.0,0.0,3.0,2.0
206801,,,,
206802,,,,
207001,,,,
207002,,,,
207101,75000.0,0.0,8.0,5.0
207102,30000.0,0.0,6.0,2.0
207103,19000.0,0.0,7.0,3.0
207201,50000.0,0.0,5.0,2.0
207202,,,,
207301,,,,
207302,42000.0,0.0,3.0,2.0
207401,,,,
207402,,,,
207403,,,,
207601,74000.0,0.0,6.0,2.0
207602,,,,
207603,38000.0,0.0,3.0,2.0
207701,,,,
207702,,,,
207703,115000.0,0.0,8.0,5.0
207704,0.0,0.0,6.0,2.0
207901,,,,
207902,,,,
208201,,,,
208301,,,,
208302,,0.0,3.0,2.0
208801,,,,
208802,,,,
209401,80000.0,0.0,6.0,2.0
209402,,,,
209403,204398.0,0.0,8.0,4.0
209801,,,,
209802,,,,
209803,,,,
209804,,0.0,3.0,2.0
209901,2500.0,0.0,8.0,5.0
209902,5000.0,0.0,6.0,2.0
209903,8000.0,0.0,2.0,0.0
210201,84000.0,0.0,10.0,6.0
210202,,,,
210203,58000.0,0.0,8.0,5.0
210204,40000.0,0.0,6.0,2.0
210205,75000.0,0.0,10.0,6.0
210301,83000.0,0.0,8.0,5.0
210302,,,,
210303,130000.0,0.0,8.0,5.0
210304,35000.0,0.0,7.0,3.0
210401,,,,
210402,55000.0,0.0,10.0,6.0
210501,63000.0,0.0,3.0,2.0
210502,,,,
210503,,,,
210504,15000.0,0.0,3.0,2.0
211201,,,,
211202,,,,
211203,,,,
211901,,,,
211902,42000.0,0.0,7.0,3.0
211903,,,,
211904,,,,
212001,,,,
212101,73000.0,0.0,7.0,3.0
212102,,,,
212301,,,,
212302,48000.0,0.0,8.0,5.0
212401,26000.0,0.0,6.0,2.0
212501,40000.0,0.0,3.0,2.0
212502,,,,
212601,0.0,0.0,3.0,2.0
212801,,,,
212802,,,,
213001,,,,
213002,,,,
213003,26000.0,0.0,3.0,2.0
213101,,,,
213102,,,,
213201,,,,
213301,,,,
213401,,,,
213402,10000.0,1.0,2.0,0.0
213701,32000.0,0.0,8.0,5.0
213702,,,,
213703,,,,
213901,,,,
213902,,,,
213903,,,,
213904,,,,
214001,0.0,0.0,6.0,2.0
214201,,,,
214202,,,,
215001,,,,
215301,,,,
215302,46000.0,0.0,7.0,3.0
215303,0.0,0.0,3.0,2.0
215304,0.0,0.0,2.0,1.0
215401,55000.0,0.0,6.0,2.0
215402,,,,
215501,0.0,0.0,8.0,4.0
215502,10000.0,0.0,7.0,3.0
215601,20000.0,0.0,9.0,5.0
215801,28000.0,0.0,8.0,5.0
215802,,,,
216101,,,,
216102,,,,
216401,55000.0,0.0,8.0,5.0
216701,,,,
216702,75000.0,0.0,8.0,5.0
217401,,,,
217402,95000.0,0.0,2.0,1.0
217403,48000.0,0.0,2.0,0.0
217404,55000.0,0.0,2.0,0.0
217501,,,,
217502,,,,
217601,,,,
217901,,,,
217902,,,,
217903,,,,
218101,,,,
218102,,,,
218601,42000.0,0.0,8.0,4.0
218602,35000.0,0.0,8.0,4.0
219001,45000.0,0.0,7.0,3.0
219002,,,,
219003,,,,
219301,,,,
219302,,,,
219601,135000.0,0.0,6.0,2.0
219602,,,,
220001,45000.0,0.0,8.0,5.0
220002,4000.0,0.0,6.0,2.0
220301,,,,
220401,0.0,0.0,6.0,2.0
220402,32000.0,0.0,5.0,2.0
220601,10000.0,0.0,2.0,0.0
220602,,,,
220603,,,,
220604,,,,
220605,,,,
220606,,,,
221001,,,,
221002,45000.0,0.0,7.0,3.0
221003,,,,
221101,,,,
221201,,0.0,8.0,5.0
221202,,,,
221401,60000.0,0.0,7.0,3.0
221402,32000.0,1.0,3.0,2.0
221501,,,,
221502,,,,
221503,21000.0,0.0,4.0,2.0
221504,0.0,0.0,3.0,2.0
221701,,,,
221702,,,,
221703,,,,
222101,,,,
222401,0.0,0.0,3.0,2.0
222402,6000.0,0.0,3.0,2.0
222501,,0.0,3.0,2.0
223001,30000.0,0.0,8.0,5.0
223002,18000.0,0.0,3.0,2.0
223201,,,,
223202,,,,
223401,8000.0,0.0,7.0,3.0
223402,,,,
223501,204398.0,0.0,8.0,5.0
223502,,,,
223701,84000.0,0.0,10.0,6.0
223702,,,,
223703,50000.0,0.0,8.0,4.0
224001,,,,
224002,48000.0,0.0,3.0,2.0
224003,0.0,1.0,2.0,0.0
224301,,,,
224302,,0.0,6.0,2.0
224601,2000.0,0.0,7.0,3.0
224701,,,,
224702,5000.0,0.0,3.0,2.0
224901,43000.0,0.0,2.0,0.0
224902,40000.0,0.0,2.0,1.0
225001,,0.0,3.0,2.0
225002,,,,
225003,,,,
225101,,0.0,8.0,5.0
225102,,,,
225201,,,,
225301,,,,
225302,,,,
225401,,,,
225701,53000.0,0.0,6.0,2.0
226001,,,,
226002,130000.0,0.0,10.0,6.0
226003,,,,
226004,,,,
226201,,,,
226202,0.0,0.0,6.0,2.0
226203,0.0,0.0,7.0,3.0
226204,,,,
226205,350.0,0.0,2.0,0.0
226501,29000.0,0.0,7.0,3.0
226502,3500.0,0.0,3.0,2.0
226503,,,,
226701,,,,
226702,,,,
226703,,,,
226704,,,,
226705,,,,
226706,,,,
226707,,,,
226708,1000.0,0.0,3.0,2.0
226709,,,,
226801,0.0,0.0,2.0,1.0
227001,,,,
227002,21600.0,0.0,6.0,2.0
227101,,,,
227102,49000.0,0.0,6.0,2.0
227201,204398.0,0.0,6.0,2.0
227202,,,,
227401,,,,
227402,,,,
227501,,,,
227502,,,,
227801,,,,
227802,,,,
228001,,,,
228101,,,,
228102,,,,
228103,,,,
228501,,,,
228502,105000.0,0.0,8.0,4.0
228601,,0.0,2.0,0.0
228701,65000.0,0.0,10.0,6.0
228702,10000.0,0.0,8.0,4.0
228703,77000.0,0.0,8.0,4.0
228801,40000.0,0.0,8.0,5.0
228802,4000.0,0.0,7.0,3.0
228901,,,,
229001,86000.0,0.0,14.0,8.0
229002,52000.0,0.0,8.0,5.0
229201,,,,
229202,,,,
229203,,,,
229401,,,,
229402,,,,
229601,24000.0,0.0,8.0,5.0
229602,,,,
229901,,,,
229902,61000.0,0.0,10.0,6.0
229903,85000.0,0.0,12.0,7.0
230101,,,,
230102,0.0,0.0,10.0,6.0
230801,24000.0,0.0,5.0,2.0
230802,,,,
231101,,,,
231102,,,,
231103,0.0,0.0,1.0,1.0
231301,,,,
231302,0.0,0.0,2.0,1.0
231501,,,,
231502,35000.0,0.0,5.0,2.0
231503,30000.0,0.0,2.0,0.0
231701,,,,
231702,27000.0,0.0,6.0,2.0
231901,20000.0,0.0,7.0,3.0
231902,,,,
231903,,,,
231904,,,,
231905,58000.0,0.0,2.0,0.0
231906,,0.0,1.0,0.0
232201,,,,
233301,,,,
233901,25000.0,0.0,8.0,4.0
233902,60000.0,0.0,8.0,5.0
234001,30000.0,0.0,3.0,2.0
234002,,,,
234003,,,,
234201,,,,
234202,,,,
234701,30000.0,0.0,2.0,1.0
234702,,,,
234703,,,,
234801,,,,
235501,62000.0,0.0,3.0,2.0
235502,,,,
235503,80000.0,0.0,6.0,2.0
235701,,,,
235702,,,,
235901,54000.0,0.0,6.0,2.0
235902,,,,
235903,,0.0,6.0,2.0
236001,20000.0,0.0,6.0,2.0
236002,100000.0,0.0,7.0,3.0
236201,,,,
236202,,,,
236203,,,6.0,2.0
236801,,,,
236802,,,,
236901,,,,
237301,,,,
237302,,,,
237401,,,,
237402,,,,
237403,0.0,0.0,3.0,2.0
237404,,,,
237501,36000.0,0.0,6.0,2.0
238301,29000.0,0.0,7.0,3.0
238801,,,,
238802,,,,
239401,34000.0,0.0,8.0,4.0
239402,29000.0,0.0,6.0,2.0
239501,,,,
239502,11000.0,0.0,2.0,0.0
239503,,,,
239504,,,,
239505,45000.0,0.0,2.0,0.0
239601,,,,
239602,,0.0,2.0,1.0
239603,,,,
239604,28000.0,0.0,5.0,2.0
239801,,,,
239802,,,,
239803,14000.0,0.0,3.0,2.0
239804,10000.0,0.0,6.0,2.0
239901,110000.0,0.0,7.0,3.0
239902,,,,
239903,40000.0,0.0,6.0,2.0
240001,,,,
240002,15000.0,0.0,7.0,3.0
240201,95000.0,0.0,6.0,2.0
240202,,,,
240203,,,,
240204,,,,
240401,,,,
240402,15000.0,0.0,3.0,2.0
240403,65000.0,0.0,3.0,2.0
240404,80000.0,0.0,3.0,2.0
240501,,,,
240701,,,,
240702,,,,
240801,,,,
240802,,,,
240803,45000.0,1.0,3.0,2.0
240804,0.0,0.0,3.0,2.0
240901,,,,
240902,,,,
241001,,,,
241002,27000.0,0.0,8.0,5.0
241101,0.0,0.0,6.0,2.0
241102,,,,
241201,,,,
241202,,,,
241203,0.0,0.0,3.0,2.0
241204,10000.0,0.0,3.0,2.0
241401,,,,
241601,,,,
241602,4000.0,0.0,8.0,4.0
241603,42000.0,0.0,8.0,4.0
241801,,,,
242001,,,,
242002,,,,
242401,28000.0,0.0,8.0,4.0
242601,,,,
243001,,,,
243002,,,,
243301,82000.0,0.0,8.0,5.0
243302,4000.0,0.0,6.0,2.0
243401,,,,
243402,,,,
243501,,,,
243601,,,,
243602,50000.0,0.0,8.0,5.0
243701,128000.0,1.0,8.0,4.0
244101,,,,
244102,,,,
244103,,,,
244201,,,,
244202,55000.0,0.0,8.0,4.0
244401,,,,
244402,,,,
244403,13000.0,0.0,6.0,2.0
244404,25000.0,0.0,3.0,2.0
244701,,,,
244702,,,,
244703,,,,
244704,,,,
244801,,,,
244802,0.0,0.0,2.0,1.0
245001,52000.0,0.0,8.0,5.0
245002,,,,
245401,,,,
245402,,,,
245701,,,,
245801,,,,
245802,,,,
245901,,,,
245902,400.0,0.0,3.0,2.0
245903,,,,
246201,,,,
246202,,,,
247101,,,,
247401,,,,
247402,,,,
247801,,,,
247802,50000.0,0.0,10.0,6.0
248001,5000.0,1.0,3.0,2.0
248002,,,,
248201,,,,
248202,,,,
248203,0.0,0.0,3.0,2.0
248204,49500.0,0.0,5.0,2.0
248301,,,,
248302,22000.0,0.0,6.0,2.0
248401,,,,
248402,50000.0,0.0,2.0,0.0
248403,29000.0,0.0,6.0,2.0
248404,0.0,0.0,2.0,0.0
248501,,,,
248801,,,,
248802,,,,
248803,,,,
248804,,,,
249201,,,,
249202,88000.0,0.0,3.0,2.0
249203,65000.0,0.0,3.0,2.0
249204,0.0,0.0,3.0,2.0
249205,0.0,0.0,5.0,2.0
249601,,,,
249901,,,,
249902,46000.0,0.0,3.0,2.0
250001,,,,
250101,,,,
250301,,,,
250501,,,,
250502,,,,
250701,,,,
250702,,,,
251001,0.0,0.0,8.0,4.0
251002,50000.0,0.0,10.0,6.0
251003,15000.0,0.0,3.0,2.0
251101,,,,
251401,75000.0,0.0,10.0,6.0
251402,,,,
251501,,,,
251502,,,,
251503,0.0,0.0,8.0,5.0
251901,,,,
252101,58000.0,0.0,10.0,6.0
252102,91000.0,0.0,10.0,6.0
252301,,,,
252302,,,,
252303,125000.0,0.0,8.0,5.0
252501,41000.0,0.0,2.0,1.0
252502,,,,
252503,,,,
252801,,,,
252802,,,,
252901,50000.0,0.0,3.0,2.0
252902,,,,
253001,,,,
253002,32000.0,0.0,3.0,2.0
253101,,,,
253102,,,,
253103,,,,
253104,,,,
253301,0.0,0.0,8.0,5.0
253601,,,,
253602,,,,
253603,55000.0,0.0,7.0,3.0
253604,,,,
253801,25000.0,0.0,3.0,2.0
253802,,,,
253803,57000.0,0.0,8.0,5.0
254201,60000.0,0.0,8.0,4.0
254202,89000.0,0.0,8.0,4.0
254401,,,,
254402,,,,
254901,0.0,0.0,8.0,5.0
254902,40000.0,0.0,8.0,4.0
254903,13000.0,0.0,6.0,2.0
255101,,,,
255201,,,,
255202,24000.0,0.0,6.0,2.0
255401,,,,
255801,2000.0,0.0,8.0,4.0
255802,5600.0,0.0,6.0,2.0
255803,200.0,0.0,6.0,2.0
255901,,,,
255902,,,3.0,2.0
255903,2000.0,0.0,2.0,1.0
256001,44000.0,0.0,2.0,1.0
256002,,,,
256003,,,,
256401,11900.0,0.0,3.0,2.0
256402,,,,
256403,55000.0,0.0,7.0,3.0
256404,,,,
256501,,,,
256502,,,,
256503,43400.0,0.0,7.0,3.0
256601,20000.0,0.0,8.0,4.0
256701,47000.0,0.0,10.0,6.0
256901,,,,
256902,0.0,0.0,8.0,4.0
256903,1000.0,0.0,3.0,2.0
257001,,,,
257002,40000.0,0.0,8.0,5.0
257301,,0.0,11.0,6.0
257701,,,,
257702,75000.0,0.0,6.0,2.0
258001,,,,
258501,0.0,0.0,3.0,2.0
258801,,,,
259101,,,,
259201,,,,
259601,,,,
259901,,,,
259902,,,,
259903,0.0,0.0,2.0,0.0
260501,,,,
260601,112500.0,0.0,3.0,2.0
260602,,,,
260701,,,,
260702,54000.0,0.0,10.0,6.0
260801,,,,
261501,,,,
261502,,,,
261503,,,,
261504,,,,
262301,,,,
262601,35000.0,0.0,10.0,6.0
262602,2000.0,0.0,8.0,4.0
262701,0.0,0.0,8.0,5.0
262702,0.0,0.0,6.0,2.0
262901,,,,
263501,,,,
263601,,,,
263801,60000.0,0.0,7.0,3.0
264001,,,,
264002,63000.0,0.0,2.0,1.0
264501,,,,
264502,,,,
264601,60000.0,0.0,8.0,4.0
264801,,,,
264802,,,,
265101,,,,
265102,14000.0,0.0,3.0,2.0
265103,10000.0,0.0,3.0,2.0
265201,,,,
265202,65000.0,0.0,8.0,5.0
265401,,,,
265402,15000.0,0.0,2.0,0.0
265403,31000.0,0.0,5.0,2.0
265501,,,,
265502,,,,
265503,5000.0,0.0,3.0,2.0
265504,45000.0,0.0,2.0,1.0
265505,,0.0,3.0,2.0
265506,,,,
265507,1000.0,0.0,3.0,2.0
265901,9000.0,0.0,2.0,1.0
265902,,,,
266201,,,,
266202,,,,
266203,,,,
266301,,,,
266302,,,,
266303,,,,
266304,,,,
266305,0.0,0.0,3.0,2.0
266306,3900.0,0.0,3.0,2.0
266307,,,,
266308,,,,
266309,,,,
266401,,,,
266901,100000.0,0.0,3.0,2.0
266902,,0.0,6.0,2.0
267001,,,,
267002,,,,
267201,39000.0,0.0,6.0,2.0
267202,,,,
267501,,,,
267502,43000.0,0.0,2.0,1.0
267503,,0.0,3.0,2.0
267504,,0.0,2.0,0.0
267701,0.0,,3.0,2.0
267702,,,,
267901,,,,
267902,,,,
267903,,,,
267904,600.0,0.0,2.0,0.0
267905,,,,
267906,23000.0,0.0,2.0,1.0
268001,78000.0,0.0,14.0,8.0
268002,40000.0,0.0,3.0,2.0
268101,,,,
268102,0.0,0.0,2.0,0.0
268103,86000.0,0.0,3.0,2.0
268104,0.0,0.0,6.0,2.0
268301,30000.0,0.0,2.0,1.0
268302,30000.0,0.0,6.0,1.0
268303,,,,
268304,,,,
268305,27000.0,0.0,3.0,2.0
268901,,,,
268902,,,,
269001,,,,
269002,40000.0,0.0,3.0,2.0
269003,29000.0,0.0,7.0,3.0
269101,40000.0,0.0,8.0,4.0
269102,,,,
269201,,,,
269202,,,,
269203,,0.0,2.0,0.0
269801,,,,
269901,48000.0,0.0,6.0,2.0
269902,2000.0,0.0,6.0,2.0
270001,,,,
270002,0.0,0.0,6.0,2.0
270101,0.0,0.0,3.0,2.0
270401,,,,
270501,,,,
270502,,,,
270503,,,,
270601,34000.0,0.0,6.0,2.0
270602,75000.0,0.0,3.0,2.0
270901,24000.0,0.0,6.0,2.0
271001,,,,
271002,,,,
271003,,0.0,2.0,0.0
271201,33000.0,0.0,8.0,5.0
271202,47000.0,0.0,6.0,2.0
271203,13000.0,0.0,3.0,2.0
272001,,,,
272002,,,,
272003,,,,
272201,,,,
272301,46000.0,0.0,8.0,5.0
272302,30000.0,0.0,8.0,5.0
272701,20000.0,0.0,3.0,2.0
272901,0.0,0.0,1.0,0.0
272902,,,,
272903,0.0,0.0,3.0,2.0
273101,,,,
273102,1500.0,0.0,3.0,2.0
273501,,,,
273601,,,,
273701,,,,
273702,33000.0,0.0,6.0,2.0
273703,24000.0,0.0,3.0,2.0
273901,51000.0,0.0,7.0,3.0
273902,35000.0,0.0,8.0,5.0
274001,,,,
274002,11000.0,0.0,7.0,3.0
274201,,,,
274202,130000.0,0.0,8.0,5.0
274301,,,,
274302,10000.0,0.0,6.0,2.0
274401,0.0,0.0,2.0,1.0
274601,,,,
274602,48000.0,0.0,8.0,4.0
274801,30000.0,0.0,3.0,2.0
274802,,,,
275201,,,,
275202,,,,
275203,,,,
275301,,,,
275302,62000.0,0.0,7.0,3.0
275601,,,,
275602,,,,
275701,,,,
275702,,,,
275703,,,,
275801,,,,
275802,,,,
276901,,,,
276902,,,,
276903,,,,
277001,,,,
277002,35000.0,0.0,8.0,5.0
277003,50000.0,0.0,8.0,5.0
277101,,,,
277102,56000.0,0.0,6.0,2.0
277103,,,,
277501,,,,
277502,,,,
277503,,,,
277801,15000.0,0.0,2.0,0.0
277802,,,,
277803,35000.0,0.0,2.0,0.0
278101,,,,
278102,,,,
278103,,,,
278401,,,,
278501,,,,
278901,,,,
278902,,,,
278903,,,,
279001,,,,
279002,,,,
279201,204398.0,0.0,6.0,2.0
279202,32400.0,0.0,6.0,2.0
279203,24000.0,0.0,6.0,2.0
279501,66000.0,0.0,7.0,3.0
279502,29000.0,0.0,2.0,1.0
279503,,,,
279504,,,,
279601,,,,
279602,,,,
279603,,,,
279604,,,,
280401,40000.0,0.0,10.0,6.0
280402,50000.0,0.0,10.0,6.0
280801,,,,
280802,28000.0,0.0,8.0,5.0
280803,,0.0,6.0,2.0
280901,,,,
280902,,0.0,14.0,8.0
281001,,,,
281401,96000.0,0.0,10.0,6.0
281402,87000.0,0.0,10.0,6.0
281701,,,,
281702,,,,
281703,,,,
281801,60000.0,0.0,3.0,2.0
281802,,,,
281901,,,,
281902,,,,
282201,,,,
282202,,,,
282301,,,,
282302,,,,
282601,,,,
282602,25000.0,0.0,6.0,2.0
282603,38480.0,0.0,6.0,2.0
282801,13000.0,0.0,7.0,3.0
282802,,,,
282803,10000.0,0.0,5.0,2.0
282901,,,,
282902,,,,
283401,21000.0,0.0,8.0,4.0
283402,,,,
283403,,0.0,6.0,2.0
283501,,,,
283502,30000.0,0.0,8.0,5.0
284101,85000.0,0.0,14.0,8.0
284102,,,,
284103,105000.0,0.0,8.0,5.0
285001,0.0,0.0,8.0,4.0
285002,10000.0,0.0,6.0,2.0
285501,,,,
285502,,,,
285503,45000.0,0.0,5.0,2.0
286401,,0.0,3.0,2.0
286901,,,,
287701,58000.0,0.0,8.0,5.0
287702,30000.0,0.0,8.0,5.0
287801,,,,
287802,,,,
287803,,,,
287804,55000.0,0.0,2.0,1.0
287805,,,,
287806,,,,
287901,,,,
287902,,,,
288001,,,,
288002,42500.0,0.0,8.0,4.0
288301,,,,
288302,,0.0,8.0,5.0
288303,,,,
288501,,,,
288502,90000.0,0.0,8.0,4.0
288503,55000.0,0.0,6.0,2.0
288601,,,,
288602,,,,
288603,40000.0,0.0,3.0,2.0
288701,,,,
288901,5000.0,0.0,2.0,0.0
288902,500.0,0.0,2.0,0.0
289201,33000.0,0.0,10.0,6.0
289202,,,,
289203,8000.0,0.0,6.0,2.0
289401,10000.0,0.0,8.0,5.0
289402,2500.0,0.0,6.0,2.0
289403,5000.0,0.0,2.0,0.0
290001,,,,
290002,,,,
290201,,,,
290202,0.0,0.0,8.0,5.0
290801,,,,
290802,,,,
290803,75000.0,0.0,8.0,4.0
290901,,,,
290902,,,,
291001,5000.0,0.0,1.0,0.0
291002,,,1.0,0.0
291101,,,,
291102,,,,
291103,50000.0,0.0,3.0,2.0
291104,0.0,0.0,7.0,3.0
291801,93000.0,0.0,10.0,6.0
291802,,,,
291901,20000.0,0.0,8.0,5.0
292601,,,,
292602,,,,
292603,,,,
292604,,,,
292801,31000.0,0.0,8.0,4.0
292802,53000.0,0.0,8.0,5.0
293001,,,,
293401,82000.0,0.0,10.0,6.0
293402,,,,
293403,55000.0,0.0,10.0,6.0
293501,,,,
293502,,,,
293601,94000.0,0.0,8.0,4.0
293801,35000.0,1.0,6.0,2.0
294301,120000.0,0.0,6.0,2.0
294302,7000.0,0.0,8.0,4.0
294303,6000.0,0.0,3.0,2.0
294601,34000.0,0.0,8.0,4.0
294602,12000.0,0.0,10.0,6.0
294801,,,,
294802,60000.0,0.0,6.0,2.0
294803,,,,
294804,82000.0,0.0,12.0,7.0
294901,,,,
294902,,,,
294903,,,,
294904,,0.0,3.0,2.0
295201,20000.0,0.0,7.0,3.0
295501,,,,
295502,15000.0,0.0,8.0,5.0
295901,10000.0,0.0,8.0,4.0
295902,20000.0,0.0,6.0,2.0
295903,200.0,0.0,2.0,0.0
296101,,,,
296102,15000.0,0.0,7.0,3.0
296103,1500.0,0.0,3.0,2.0
296401,35000.0,0.0,8.0,5.0
296402,0.0,0.0,2.0,0.0
296901,,,,
297001,,,,
297002,,,,
297003,0.0,0.0,3.0,2.0
297801,,,,
297802,,,,
297901,75000.0,0.0,8.0,5.0
297902,60000.0,0.0,8.0,4.0
297903,6000.0,0.0,6.0,2.0
298301,0.0,0.0,8.0,4.0
298302,56000.0,0.0,8.0,5.0
299001,40000.0,0.0,8.0,5.0
299002,30000.0,0.0,4.0,2.0
299301,,,,
299302,,,,
299501,80000.0,0.0,6.0,2.0
300401,,0.0,5.0,2.0
300402,,,,
300403,,,,
300404,,,,
300701,,,,
301001,,0.0,6.0,2.0
301101,,,,
301102,45000.0,0.0,11.0,6.0
301201,75000.0,0.0,7.0,3.0
301301,,,,
301302,,,,
301303,,,,
301304,,,,
301401,,,,
302001,48000.0,0.0,6.0,2.0
302101,125000.0,0.0,6.0,2.0
302102,,,,
302103,28000.0,0.0,7.0,3.0
302104,51250.0,0.0,6.0,2.0
302301,,,,
302302,,,,
302501,57000.0,0.0,10.0,6.0
302502,,,,
302701,,,,
302702,,,,
302703,,,,
302704,38000.0,0.0,6.0,2.0
303501,,,,
303502,56000.0,0.0,6.0,2.0
303503,30000.0,0.0,8.0,5.0
303504,,,,
303505,43000.0,0.0,8.0,5.0
303601,0.0,0.0,6.0,2.0
303602,,,,
303801,,,,
303802,,,,
303803,,,,
304101,,,,
304102,13000.0,0.0,6.0,1.0
304103,,,,
304104,20000.0,0.0,2.0,1.0
304201,53000.0,0.0,8.0,4.0
304301,0.0,0.0,6.0,2.0
304302,2000.0,0.0,2.0,0.0
304501,,,,
304502,,,,
304503,,,,
304504,,,,
304601,,,,
304602,20000.0,0.0,3.0,2.0
304603,,,,
304604,,,,
304605,,,,
304701,,,,
304702,30000.0,0.0,6.0,2.0
304801,,,,
304802,,,,
304901,30000.0,0.0,6.0,1.0
304902,28000.0,0.0,2.0,1.0
305101,,,,
305102,,,,
305103,15000.0,0.0,3.0,2.0
305301,,,,
305401,,,,
305402,,0.0,2.0,1.0
305403,10000.0,0.0,6.0,2.0
305701,,,,
305702,,,,
305801,,,,
305802,,,,
305803,204398.0,0.0,10.0,6.0
305804,124000.0,0.0,10.0,6.0
305805,90000.0,0.0,10.0,6.0
306101,69000.0,0.0,8.0,4.0
306601,0.0,1.0,2.0,1.0
306602,,,,
306801,,,,
306802,,,,
306901,120000.0,0.0,8.0,5.0
306902,70000.0,0.0,6.0,2.0
307301,65000.0,0.0,4.0,2.0
307302,5000.0,0.0,6.0,2.0
307401,,,,
307402,,,,
307403,,,,
307501,,,,
307801,,,,
307802,,,,
307901,,,,
308001,,,,
308101,,,,
308501,22000.0,0.0,8.0,4.0
309301,,,,
309302,0.0,0.0,3.0,2.0
309501,,,,
309502,65000.0,0.0,3.0,2.0
309601,,,,
309602,,,,
309801,37000.0,0.0,8.0,5.0
309802,26000.0,0.0,3.0,2.0
309901,20000.0,0.0,8.0,4.0
309902,2500.0,0.0,6.0,2.0
310101,52000.0,0.0,6.0,2.0
310102,,,,
310103,18000.0,0.0,6.0,1.0
310501,,,,
310502,,,,
310601,3200.0,0.0,6.0,2.0
310701,,,,
310702,0.0,0.0,2.0,0.0
310801,,,,
310802,,,,
310803,24000.0,0.0,10.0,6.0
310901,0.0,0.0,8.0,5.0
311101,,,,
311102,,,,
311301,,,,
311302,84500.0,0.0,8.0,4.0
311501,3000.0,0.0,8.0,4.0
311701,,,,
311702,42000.0,0.0,5.0,2.0
311801,0.0,0.0,6.0,2.0
311802,13000.0,0.0,8.0,5.0
311901,,,,
312001,,,,
312002,,,,
312101,,,,
312102,,,,
312103,30000.0,0.0,6.0,2.0
312201,,,,
312202,,,,
312901,,,,
312902,32000.0,0.0,9.0,5.0
313001,,,,
313002,,,,
313501,,,,
313502,,,,
314501,,0.0,8.0,4.0
314502,20000.0,0.0,10.0,6.0
315001,47000.0,0.0,10.0,6.0
315002,63000.0,0.0,8.0,5.0
315101,,,,
315102,,,,
315103,105000.0,0.0,8.0,4.0
315401,,,,
315402,,0.0,10.0,6.0
315403,,,,
315404,,,,
315501,,,,
315502,70000.0,0.0,3.0,2.0
315503,,,,
315601,50000.0,0.0,12.0,7.0
315602,90000.0,0.0,8.0,5.0
316201,72000.0,0.0,8.0,4.0
316202,20000.0,0.0,8.0,4.0
316301,,,,
316302,204398.0,0.0,6.0,2.0
316303,80000.0,0.0,7.0,3.0
316401,70000.0,0.0,7.0,3.0
316402,,,,
316501,50000.0,0.0,6.0,2.0
316502,52000.0,0.0,7.0,3.0
316503,30000.0,0.0,6.0,2.0
317601,,,,
317602,,,,
317801,,,,
317802,,,,
317901,0.0,0.0,8.0,4.0
318201,60000.0,0.0,9.0,4.0
318202,,,,
318203,,0.0,1.0,0.0
318801,,,,
318802,,,,
319001,35000.0,0.0,8.0,4.0
319002,,,,
319003,26000.0,0.0,4.0,2.0
319004,,,,
319005,1500.0,0.0,6.0,2.0
319006,,0.0,2.0,0.0
319701,,,,
319702,,,,
319801,,,,
319802,,,,
320101,,,,
320102,0.0,0.0,8.0,4.0
320103,20000.0,0.0,6.0,1.0
320401,,,,
320402,20000.0,0.0,3.0,2.0
320601,65000.0,0.0,8.0,5.0
321201,,,,
321701,,,,
322101,,,,
322102,105000.0,0.0,10.0,6.0
322201,,,,
322501,,,,
322502,,,,
322503,,,,
322504,0.0,0.0,1.0,0.0
322505,50000.0,0.0,7.0,3.0
323301,,,,
323601,15000.0,0.0,6.0,2.0
323701,,,,
324201,,,,
324202,36000.0,0.0,8.0,5.0
324301,,,,
324302,,,,
324303,,,,
324401,55000.0,0.0,10.0,6.0
324402,61000.0,0.0,8.0,5.0
324501,4000.0,0.0,7.0,3.0
324801,,,,
324802,31000.0,0.0,8.0,5.0
325001,,,,
325002,45000.0,0.0,6.0,2.0
325003,38000.0,0.0,3.0,2.0
325004,38000.0,0.0,3.0,2.0
325201,,,,
325202,,,,
325301,65000.0,0.0,8.0,5.0
325401,25000.0,0.0,3.0,2.0
325402,65000.0,0.0,6.0,2.0
325901,,,,
325902,,,,
325903,60000.0,0.0,2.0,0.0
325904,,0.0,5.0,2.0
326001,,,,
326002,0.0,1.0,2.0,0.0
326801,,,,
326802,48000.0,0.0,6.0,2.0
326803,,,,
326804,,,,
326805,,,,
326806,,,,
326807,25000.0,0.0,3.0,2.0
326808,0.0,0.0,3.0,2.0
326901,,,,
327301,,,,
327302,,,,
327303,1000.0,0.0,2.0,0.0
327801,,,,
328001,0.0,0.0,6.0,2.0
328002,5000.0,0.0,6.0,2.0
328003,7000.0,0.0,3.0,2.0
328601,,,,
328602,,,,
328603,40000.0,0.0,8.0,4.0
328701,54000.0,0.0,8.0,4.0
328702,40000.0,0.0,6.0,2.0
328703,56000.0,1.0,3.0,2.0
328704,10000.0,0.0,6.0,2.0
328801,,,,
328802,,,,
329101,27000.0,0.0,8.0,4.0
329102,25000.0,0.0,8.0,5.0
329201,,,,
329301,,,,
329302,,,,
329801,,,,
329901,,,,
329902,,,,
330301,204398.0,0.0,11.0,6.0
330302,,,,
330303,40000.0,0.0,10.0,6.0
330401,68000.0,0.0,6.0,2.0
330601,,,,
330602,,0.0,2.0,1.0
330901,28000.0,0.0,6.0,2.0
331201,,,,
331501,,,,
331502,,0.0,6.0,1.0
331503,,,,
331504,42000.0,0.0,6.0,1.0
331505,,0.0,6.0,2.0
331506,40000.0,0.0,6.0,2.0
331601,20000.0,0.0,8.0,4.0
331602,,,,
331603,,,,
331604,,,,
331605,,,,
331701,,,,
331702,45000.0,0.0,3.0,2.0
331703,,,,
331704,,0.0,7.0,3.0
331705,,,,
332001,,,,
332002,,,,
332003,,,,
332101,0.0,0.0,6.0,2.0
332102,,,,
332201,7000.0,0.0,6.0,2.0
332501,,,,
333801,,,,
333901,,,,
333902,,,,
333903,,,,
334101,500.0,0.0,8.0,5.0
334201,,,,
334501,,,,
334701,110000.0,0.0,14.0,8.0
334702,,,,
334801,,,,
334802,,,,
334803,,,,
334804,,,,
334805,,,,
334806,,,,
335001,,,,
335002,35000.0,0.0,7.0,3.0
335201,,,,
335202,20000.0,0.0,8.0,4.0
335203,,,,
335501,,,,
335502,,,,
335503,30000.0,0.0,7.0,3.0
335801,,,,
335802,,,,
336001,0.0,0.0,10.0,6.0
336002,45000.0,0.0,3.0,2.0
336201,,,,
336301,,,,
336302,54000.0,0.0,3.0,2.0
336401,35000.0,0.0,7.0,3.0
336402,31000.0,0.0,8.0,5.0
336501,27000.0,0.0,8.0,5.0
336502,94000.0,0.0,9.0,5.0
336503,122000.0,0.0,8.0,5.0
336504,,0.0,7.0,3.0
336901,,,,
336902,,0.0,8.0,5.0
337001,68500.0,0.0,8.0,5.0
337002,16000.0,0.0,6.0,2.0
337003,,0.0,6.0,2.0
337101,0.0,0.0,6.0,2.0
337102,,,,
337103,,,,
337104,,,,
337105,0.0,0.0,3.0,2.0
337301,,,,
337302,,,,
337701,,,,
338301,,,,
338401,,,,
338601,,,,
338701,0.0,0.0,8.0,4.0
338702,,,,
338703,20000.0,0.0,3.0,2.0
339301,15000.0,0.0,8.0,5.0
339302,4000.0,0.0,3.0,2.0
339701,98000.0,0.0,8.0,4.0
339702,,,,
339703,,,,
340201,9000.0,0.0,6.0,2.0
340202,4000.0,0.0,7.0,3.0
340203,450.0,0.0,3.0,2.0
340701,,,,
340702,,,,
340801,,,,
340802,,,,
340803,,,,
340804,,,,
341101,76000.0,0.0,11.0,6.0
341102,,,,
341201,,,,
341202,,,,
341301,,,,
341302,,,,
341601,2000.0,0.0,6.0,2.0
341801,83000.0,0.0,8.0,5.0
342101,,,,
342102,90000.0,0.0,8.0,5.0
342201,12000.0,0.0,13.0,4.0
342202,10000.0,0.0,4.0,2.0
342301,82000.0,0.0,8.0,5.0
342302,,,,
342303,,,,
342304,20000.0,0.0,8.0,4.0
342401,,,,
342402,,,,
342601,120000.0,0.0,8.0,5.0
342602,42000.0,0.0,8.0,5.0
342603,88000.0,0.0,8.0,4.0
342801,,,,
342802,125000.0,0.0,10.0,6.0
342803,75000.0,0.0,14.0,8.0
342901,40000.0,0.0,12.0,7.0
342902,75000.0,0.0,10.0,6.0
342903,94000.0,0.0,10.0,6.0
342904,32000.0,0.0,8.0,5.0
343001,,,,
343002,0.0,0.0,8.0,4.0
343003,,,,
343004,60000.0,0.0,10.0,6.0
343005,30000.0,0.0,10.0,6.0
343006,50000.0,0.0,8.0,4.0
343007,30000.0,0.0,3.0,2.0
343008,10000.0,0.0,3.0,2.0
343201,15639.0,0.0,5.0,2.0
343202,2000.0,0.0,3.0,2.0
343203,,,,
343301,,,,
343302,70000.0,0.0,11.0,6.0
343303,,,,
343401,,,,
343501,,,,
343502,25000.0,0.0,6.0,1.0
343601,,,,
343602,,,,
343603,,,,
343604,,,,
343801,,,,
343802,,,,
343803,,,,
344201,,,,
344202,,,,
344401,7300.0,0.0,10.0,6.0
344402,,,,
344501,15000.0,0.0,8.0,5.0
344601,,,,
344602,11000.0,0.0,7.0,3.0
344603,26000.0,0.0,5.0,2.0
344701,,,,
344702,,,,
344703,,,,
344704,,,,
344705,,0.0,3.0,2.0
344801,,,,
344802,,,,
344803,40000.0,0.0,2.0,0.0
344804,,,,
344805,,,,
344806,,,,
345101,,,,
345102,30000.0,0.0,6.0,2.0
345103,20000.0,0.0,7.0,3.0
345201,80000.0,0.0,7.0,3.0
345202,10000.0,0.0,10.0,6.0
345401,0.0,0.0,8.0,4.0
345402,,,,
345403,,,,
345601,,,,
345602,62000.0,0.0,2.0,1.0
345701,,,,
345702,,,,
345801,53000.0,0.0,7.0,3.0
345802,63000.0,0.0,8.0,4.0
345803,38000.0,0.0,7.0,3.0
345901,21000.0,0.0,10.0,6.0
345902,15000.0,0.0,8.0,4.0
346501,58000.0,0.0,6.0,2.0
346502,,,,
346503,45000.0,0.0,7.0,3.0
346701,,,,
346702,27700.0,0.0,8.0,4.0
346703,41000.0,0.0,8.0,5.0
346901,30000.0,0.0,8.0,5.0
346902,5800.0,0.0,8.0,4.0
347501,,,,
347502,,,,
347503,,0.0,1.0,0.0
347601,,,,
347602,,,,
347603,50000.0,0.0,6.0,2.0
347604,,0.0,3.0,2.0
348001,,,,
348101,36000.0,0.0,8.0,4.0
348102,,,,
348103,,,,
348501,,,,
348502,,,,
348601,65000.0,0.0,8.0,5.0
348602,204398.0,0.0,8.0,5.0
348603,77000.0,0.0,8.0,5.0
348604,,0.0,8.0,5.0
348701,204398.0,0.0,8.0,5.0
348702,,,,
348703,43500.0,0.0,8.0,4.0
349101,,,,
349102,,,,
349103,10000.0,0.0,6.0,2.0
349801,,,,
349802,,,,
350001,,,,
350002,,,,
350003,,,,
350101,,,,
350201,,,,
350202,63000.0,0.0,8.0,4.0
350401,,,,
350501,40000.0,0.0,7.0,3.0
350601,46000.0,0.0,7.0,3.0
350602,64000.0,0.0,8.0,5.0
350603,55000.0,0.0,8.0,5.0
351101,66000.0,0.0,8.0,5.0
351102,,,,
351201,2000.0,0.0,3.0,2.0
351401,,,,
351402,,,,
351403,0.0,0.0,3.0,2.0
351801,800.0,0.0,6.0,2.0
351802,,,,
351901,0.0,0.0,3.0,2.0
351902,9600.0,0.0,10.0,6.0
351903,23000.0,0.0,6.0,2.0
352201,33000.0,0.0,6.0,2.0
352202,21000.0,0.0,6.0,2.0
352301,,,,
352302,28000.0,0.0,3.0,2.0
352401,40000.0,0.0,8.0,5.0
352402,55000.0,0.0,3.0,2.0
352701,,,,
352702,,,,
352703,,,,
353101,,,,
353102,45000.0,0.0,6.0,2.0
353201,62000.0,0.0,3.0,2.0
353202,50000.0,0.0,7.0,3.0
353203,30000.0,0.0,3.0,2.0
353204,42000.0,0.0,10.0,6.0
353601,,,,
353602,,,,
353701,8000.0,0.0,6.0,2.0
353702,68000.0,0.0,6.0,2.0
354201,0.0,0.0,2.0,1.0
354202,,,,
354203,,,,
354301,,,,
354302,,,,
354303,,,,
354401,,,,
354402,,,,
354403,,,,
354404,0.0,0.0,3.0,2.0
354405,,,,
354406,,,,
354407,0.0,1.0,3.0,2.0
354408,0.0,0.0,5.0,2.0
354501,,,,
354502,63000.0,0.0,6.0,2.0
354503,,,,
354601,,,,
354602,38000.0,0.0,8.0,4.0
354701,,,,
354801,,,,
354802,,,,
354803,43000.0,0.0,3.0,2.0
354901,,0.0,3.0,2.0
354902,20000.0,0.0,2.0,1.0
355101,55000.0,0.0,10.0,6.0
355102,65000.0,0.0,8.0,5.0
355201,70000.0,0.0,5.0,2.0
355202,,,,
355401,,,,
355501,,,,
355502,80972.0,0.0,8.0,5.0
355601,,,,
355602,,,,
355603,,,,
355701,,,,
355702,4000.0,0.0,4.0,2.0
355703,45000.0,0.0,6.0,2.0
355801,45000.0,0.0,8.0,4.0
355802,49000.0,0.0,8.0,5.0
356001,,,,
356002,1000.0,0.0,3.0,2.0
356401,,,,
356402,45000.0,0.0,3.0,2.0
356501,48000.0,0.0,6.0,2.0
356502,,,,
356503,,,,
356601,,,,
356602,,,,
356603,70000.0,0.0,7.0,3.0
356801,,,,
356802,,,,
356803,,,,
357201,106000.0,0.0,8.0,5.0
357202,,,,
357203,40000.0,0.0,8.0,4.0
357301,,,,
357302,,,,
357601,6700.0,0.0,8.0,5.0
357602,85000.0,0.0,8.0,5.0
358401,43500.0,0.0,10.0,6.0
358402,,,,
358601,,,,
358602,,0.0,2.0,1.0
359401,,,,
359402,105000.0,0.0,10.0,6.0
359403,43000.0,0.0,6.0,2.0
359701,,,,
359702,,,,
359703,,,,
359704,51000.0,0.0,7.0,3.0
359705,,,,
360101,45000.0,0.0,6.0,2.0
360102,,,,
360103,35000.0,0.0,7.0,3.0
360301,,,,
360302,,,,
360303,,,,
360501,,,,
360502,,,,
360601,,,,
360602,52000.0,0.0,2.0,1.0
360603,,,,
360901,,,,
360902,5000.0,0.0,3.0,2.0
360903,15000.0,0.0,3.0,2.0
361001,,,,
361101,58000.0,0.0,10.0,6.0
361102,,,,
361103,23000.0,0.0,6.0,2.0
361301,38000.0,0.0,8.0,5.0
361401,47127.0,0.0,8.0,5.0
361402,42043.0,0.0,3.0,2.0
362401,,,,
362402,29000.0,0.0,8.0,4.0
362601,40000.0,0.0,3.0,2.0
362602,,,,
363101,,,,
363301,,,,
363302,,,,
363303,23894.0,0.0,6.0,2.0
363501,,,,
363502,,,,
363701,,,,
363702,,,,
363703,,,,
364101,,,,
364102,57000.0,0.0,14.0,8.0
364103,,,,
364701,,,,
364702,,,,
364703,,,,
364801,,,,
364802,,,,
364803,,,,
364804,,,,
364805,,0.0,2.0,0.0
364901,,,,
364902,76000.0,0.0,2.0,1.0
364903,,,,
365001,39000.0,0.0,3.0,2.0
365002,,,,
365003,,,,
365101,204398.0,0.0,10.0,6.0
365201,,,,
365202,,,,
365401,,,,
365402,,,,
365403,,,,
365404,30000.0,0.0,8.0,4.0
365405,24000.0,0.0,2.0,1.0
365406,30000.0,0.0,3.0,2.0
365407,20000.0,0.0,7.0,3.0
365408,0.0,0.0,7.0,3.0
365409,20000.0,0.0,3.0,2.0
365410,,0.0,2.0,0.0
365501,,,,
365502,,,,
365901,,0.0,2.0,1.0
365902,,,,
365903,24000.0,0.0,2.0,0.0
366101,1000.0,0.0,9.0,4.0
366201,,,,
366202,0.0,0.0,3.0,2.0
366301,,,,
366302,,,,
366701,,,,
366901,,,,
366902,90000.0,0.0,8.0,4.0
366903,20000.0,0.0,8.0,5.0
367401,,,,
367402,,,,
367701,68000.0,0.0,8.0,4.0
367702,1000.0,0.0,6.0,2.0
367801,,,,
367901,,,,
367902,60000.0,0.0,6.0,2.0
367903,55000.0,0.0,8.0,4.0
368101,,,,
368102,,,,
368201,,,,
368202,,,,
368203,,,,
368701,48000.0,0.0,8.0,5.0
368702,70000.0,0.0,8.0,4.0
368801,,,,
368802,,,,
368803,,,,
368804,,,,
369101,70000.0,0.0,3.0,2.0
369102,,,,
369103,,,,
369201,,,,
369202,35000.0,0.0,5.0,2.0
369701,,,,
369702,,,,
369703,0.0,,2.0,1.0
369704,19000.0,0.0,3.0,2.0
369705,0.0,0.0,3.0,2.0
369801,,,,
369802,72000.0,0.0,3.0,2.0
369803,,,,
369901,,,,
370301,18000.0,0.0,2.0,0.0
370302,15000.0,0.0,2.0,1.0
370303,,,,
370401,,,,
370402,0.0,0.0,7.0,3.0
370403,,,,
370501,,,,
370502,,,,
371101,,,,
371102,,,,
371103,44000.0,0.0,2.0,1.0
371104,,,,
371105,30000.0,0.0,3.0,2.0
371401,,,,
371402,15000.0,1.0,2.0,1.0
371403,31000.0,0.0,2.0,1.0
371501,,,,
371502,50000.0,0.0,10.0,6.0
371503,,,,
371504,,,,
371701,,,,
371702,22000.0,0.0,6.0,2.0
371801,,,,
371802,,,,
371803,,,,
371901,,,,
371902,25000.0,0.0,3.0,2.0
371903,0.0,0.0,3.0,2.0
372001,,,,
372002,,,,
372601,64000.0,0.0,10.0,6.0
372602,76000.0,0.0,8.0,5.0
372603,,,,
372701,40000.0,0.0,6.0,2.0
372702,,,,
372703,32000.0,0.0,3.0,2.0
372801,30000.0,0.0,6.0,2.0
372802,,,,
372803,54000.0,0.0,3.0,2.0
372804,,,,
372901,,,,
372902,0.0,0.0,2.0,1.0
372903,,,,
372904,,0.0,3.0,2.0
372905,3000.0,0.0,2.0,0.0
373401,80000.0,0.0,8.0,4.0
373402,50000.0,0.0,6.0,2.0
373403,26000.0,0.0,8.0,5.0
373501,45000.0,0.0,3.0,2.0
373502,,,,
373503,30000.0,0.0,3.0,2.0
373504,10000.0,0.0,8.0,4.0
373601,70000.0,0.0,6.0,2.0
373602,,1.0,3.0,2.0
373701,,,,
373702,16000.0,0.0,8.0,5.0
373703,2000.0,0.0,2.0,0.0
373801,,,,
373901,30000.0,0.0,5.0,2.0
373902,70000.0,0.0,10.0,6.0
374001,,,,
374002,,,,
374101,,,,
374401,105000.0,0.0,3.0,2.0
374601,112000.0,0.0,10.0,6.0
374602,40000.0,0.0,10.0,6.0
374603,,,,
375201,36700.0,0.0,6.0,2.0
375301,49250.0,0.0,10.0,6.0
375302,39000.0,0.0,9.0,4.0
375303,,,,
375304,33000.0,0.0,8.0,5.0
375601,36000.0,0.0,8.0,4.0
375801,,,,
375901,68000.0,0.0,7.0,3.0
375902,,,,
375903,55000.0,0.0,7.0,3.0
376801,,,,
376802,0.0,0.0,3.0,2.0
376901,,,,
376902,,,,
376903,16000.0,0.0,4.0,1.0
377001,,,,
377002,31000.0,0.0,8.0,5.0
377101,0.0,0.0,3.0,2.0
377102,30000.0,0.0,6.0,2.0
377103,35000.0,0.0,8.0,5.0
377104,30000.0,0.0,6.0,2.0
377201,,,,
377202,,,,
377203,,,,
377301,,,,
377302,,,,
377303,,,,
377401,,,,
377402,,,,
377901,,,,
377902,,,,
377903,,,,
377904,36000.0,0.0,8.0,5.0
378101,86000.0,0.0,8.0,5.0
378102,35000.0,0.0,8.0,5.0
378301,36000.0,0.0,10.0,6.0
378302,600.0,0.0,10.0,6.0
378401,20000.0,0.0,7.0,3.0
378402,,,,
378601,31000.0,0.0,6.0,2.0
378602,10000.0,0.0,8.0,4.0
378701,,,,
378702,,,,
378703,,,,
378704,20000.0,1.0,3.0,2.0
379001,,,,
379002,,,,
379101,71000.0,0.0,7.0,3.0
379102,25000.0,0.0,7.0,3.0
379103,45000.0,0.0,6.0,2.0
379301,,,,
379302,30000.0,0.0,7.0,3.0
379401,,,,
379402,120000.0,0.0,14.0,8.0
379403,103000.0,0.0,8.0,4.0
379701,20000.0,0.0,7.0,3.0
379801,0.0,0.0,10.0,6.0
379802,,,,
379803,60000.0,0.0,10.0,6.0
379804,,,,
379805,11000.0,0.0,8.0,5.0
379901,20000.0,0.0,6.0,2.0
379902,,0.0,6.0,2.0
380001,60000.0,0.0,10.0,6.0
380002,110000.0,0.0,8.0,4.0
380201,,,,
380401,,,,
380402,46000.0,0.0,10.0,6.0
380601,,,,
380602,67000.0,0.0,10.0,6.0
380901,400.0,0.0,2.0,0.0
381201,,,,
381301,,,,
381302,,,,
381303,,,,
381304,0.0,0.0,8.0,5.0
381401,28000.0,0.0,8.0,5.0
381701,8000.0,0.0,8.0,5.0
381901,,,,
381902,,,,
381903,,,,
381904,44000.0,0.0,6.0,2.0
382101,35000.0,0.0,6.0,2.0
382102,,,,
382301,,,,
382302,45000.0,0.0,6.0,2.0
382401,40000.0,0.0,6.0,2.0
382402,65000.0,0.0,3.0,2.0
382403,37000.0,0.0,7.0,3.0
382601,,,,
383201,,,,
383501,,,,
383601,,,,
383602,20000.0,0.0,8.0,4.0
383701,,,,
383702,,,,
383703,36000.0,0.0,3.0,2.0
383901,,,,
383902,,,,
383903,,,,
384201,,,,
384202,,,,
384203,35000.0,0.0,3.0,2.0
384301,,,,
384302,,,,
384601,,,,
384602,,,,
384901,52000.0,0.0,6.0,2.0
385101,,,,
385102,,,,
385301,,,,
385302,45000.0,0.0,11.0,6.0
385901,0.0,0.0,6.0,2.0
386401,,,,
387601,2000.0,0.0,6.0,2.0
387701,,,,
387702,,,,
387703,,,,
387901,,,,
387902,,,,
388901,130000.0,0.0,6.0,2.0
388902,,,,
389301,,,,
389302,,,,
389901,,,,
389902,30000.0,0.0,7.0,3.0
389903,50000.0,0.0,7.0,3.0
389904,35000.0,0.0,8.0,4.0
390601,,,,
390602,,,,
390801,,,,
390802,51000.0,0.0,8.0,4.0
391301,3000.0,0.0,8.0,5.0
391302,3000.0,0.0,6.0,2.0
391401,,,,
391402,,,,
391501,73487.0,0.0,8.0,5.0
391502,22000.0,0.0,6.0,2.0
391503,,0.0,2.0,0.0
391801,9000.0,0.0,8.0,4.0
391802,6000.0,0.0,6.0,2.0
391901,,,,
391902,47000.0,0.0,6.0,2.0
391903,30000.0,0.0,7.0,3.0
392101,74000.0,0.0,8.0,4.0
392102,75000.0,0.0,6.0,2.0
392103,39000.0,0.0,6.0,2.0
392201,125000.0,0.0,14.0,8.0
392301,,,,
392302,69000.0,0.0,8.0,5.0
392303,65000.0,0.0,8.0,4.0
392304,,0.0,7.0,3.0
392401,18000.0,0.0,6.0,2.0
392402,12000.0,0.0,6.0,2.0
392701,,,,
392801,,,,
392901,,,,
392902,,,,
393101,,,,
393102,,,,
393103,,0.0,3.0,2.0
393104,71000.0,0.0,3.0,2.0
393105,,,,
393401,90000.0,0.0,3.0,2.0
393501,204398.0,0.0,6.0,2.0
393502,,,,
393601,45000.0,0.0,6.0,2.0
393602,,,,
394001,,,,
394401,,,,
394402,,,,
394501,,,,
394502,,,,
394801,80000.0,0.0,2.0,1.0
394802,,,,
394803,,,,
394804,,,,
395201,60000.0,0.0,6.0,2.0
395202,,,,
395301,76000.0,0.0,3.0,2.0
395302,15000.0,0.0,3.0,2.0
395303,27000.0,0.0,8.0,5.0
395304,50000.0,0.0,8.0,5.0
396001,3600.0,0.0,3.0,2.0
396201,12000.0,0.0,7.0,3.0
396202,,,3.0,2.0
396203,,0.0,5.0,2.0
396204,,,,
396401,,,,
396402,53500.0,0.0,8.0,5.0
396901,45000.0,0.0,6.0,1.0
396902,16000.0,0.0,6.0,2.0
397001,24000.0,0.0,8.0,5.0
397002,0.0,0.0,6.0,2.0
397003,10000.0,0.0,3.0,2.0
397201,64000.0,0.0,8.0,5.0
397202,25000.0,0.0,6.0,2.0
397203,33000.0,0.0,5.0,2.0
397501,,,,
397502,,0.0,2.0,1.0
397503,,,,
397504,,,,
397701,,,,
397702,,,,
397801,,,,
398201,16000.0,0.0,1.0,0.0
398202,,,,
398203,,,,
398204,,,,
398301,,,,
398302,,,,
398601,,,,
398602,35000.0,0.0,3.0,2.0
398801,70000.0,0.0,8.0,4.0
398802,,0.0,3.0,2.0
399101,0.0,0.0,6.0,2.0
399102,,,,
399201,,,,
399301,,,,
399302,32000.0,0.0,5.0,2.0
399303,,,,
399501,120000.0,0.0,3.0,2.0
399502,50000.0,0.0,8.0,5.0
399503,,,,
399601,,,,
399602,,,,
399801,,,,
400101,36400.0,0.0,6.0,2.0
400102,33280.0,0.0,6.0,2.0
400201,72000.0,0.0,7.0,3.0
400202,,,,
400301,,,,
400302,,,,
400501,,,,
400502,,,,
400503,25000.0,0.0,6.0,2.0
400701,,,,
400702,,,,
401201,,,,
401202,,,,
401501,8000.0,0.0,7.0,3.0
401502,,,,
401503,,0.0,6.0,2.0
401601,50000.0,0.0,8.0,4.0
401602,,,,
401901,,,,
401902,30000.0,0.0,8.0,4.0
402101,34000.0,0.0,3.0,2.0
402301,0.0,0.0,6.0,2.0
402302,13000.0,0.0,3.0,2.0
402401,,,,
402402,,,,
402403,60000.0,0.0,3.0,2.0
402601,,,,
402602,,,,
402603,,,,
402701,,,,
402702,,,,
402703,,,,
402704,,,,
402801,17000.0,0.0,6.0,2.0
402802,,,,
402803,65000.0,0.0,1.0,0.0
403301,15000.0,0.0,10.0,6.0
403302,2000.0,0.0,7.0,3.0
403501,25000.0,0.0,2.0,1.0
403502,50000.0,0.0,5.0,2.0
403701,,,,
403801,26000.0,0.0,3.0,2.0
403802,35000.0,0.0,6.0,2.0
404001,,,,
404002,,,,
404101,0.0,0.0,6.0,2.0
404102,,,,
404103,,,,
404501,,,,
404502,,,,
404503,0.0,0.0,4.0,2.0
404901,,,,
404902,,,,
404903,50000.0,0.0,6.0,2.0
404904,75000.0,0.0,8.0,4.0
405001,,,,
405002,,,,
405003,,0.0,6.0,2.0
405101,,,,
405102,25000.0,0.0,6.0,2.0
405103,26000.0,0.0,3.0,2.0
405701,,,,
405702,,,,
405703,43000.0,0.0,8.0,5.0
406001,450.0,0.0,6.0,2.0
406002,,,,
406501,,,,
406502,38000.0,0.0,6.0,1.0
406503,25000.0,0.0,2.0,0.0
406601,55000.0,0.0,7.0,3.0
406602,,,,
407101,9000.0,0.0,3.0,2.0
407401,,,,
407402,,,,
407403,,,,
407701,48000.0,0.0,6.0,1.0
407702,,1.0,3.0,2.0
407703,32000.0,0.0,2.0,0.0
407801,50000.0,0.0,3.0,2.0
407901,24000.0,0.0,9.0,5.0
407902,60000.0,0.0,3.0,2.0
408001,,,,
408002,,,,
408301,,,,
408401,,,,
408402,,,,
408403,,,,
408501,,,,
408901,40000.0,0.0,3.0,2.0
408902,15000.0,1.0,2.0,1.0
408903,,,,
409201,15000.0,0.0,6.0,2.0
409401,95000.0,0.0,8.0,5.0
409402,1000.0,0.0,3.0,2.0
409501,0.0,0.0,8.0,5.0
409502,5000.0,0.0,10.0,6.0
409503,3000.0,0.0,3.0,2.0
409901,18000.0,0.0,3.0,2.0
410301,,,,
410302,,,,
410501,,,,
410502,,,,
410801,,,,
410802,,,,
410901,64000.0,0.0,10.0,6.0
410902,50000.0,0.0,7.0,3.0
411001,,,,
411002,,,,
411201,,,,
411202,,,,
411203,,,,
411501,,,,
411502,,,,
412001,,,,
412002,,,,
412101,,,,
412102,,,,
412103,0.0,0.0,3.0,2.0
412301,,,,
412302,,,,
412303,22000.0,0.0,3.0,2.0
413201,,,,
413202,0.0,0.0,3.0,2.0
413203,,,,
413204,,,,
413301,,,,
413302,,,,
413303,80000.0,0.0,6.0,2.0
413601,47000.0,0.0,7.0,3.0
413602,,,,
413603,,,,
414201,,,8.0,5.0
414501,,,,
414801,,,,
414802,75000.0,1.0,7.0,3.0
414803,4000.0,0.0,3.0,2.0
414901,60000.0,1.0,8.0,4.0
414902,70000.0,0.0,8.0,5.0
415001,,,,
415101,,,,
415102,,,,
415301,,,,
415302,,,,
415303,,,,
415401,,,,
415402,,,,
415403,,,,
415701,,,,
415702,,,,
415703,,,,
415704,,,,
416201,,,,
416202,,,,
416301,23000.0,0.0,3.0,2.0
416701,,,,
416702,,,,
416901,0.0,,2.0,1.0
417001,,,,
417002,,,,
417003,,,,
417501,,,,
417502,,,,
417601,,,,
417602,500.0,0.0,7.0,3.0
417701,10000.0,0.0,1.0,0.0
417801,0.0,0.0,2.0,1.0
417802,,,,
417803,,0.0,3.0,2.0
417901,94000.0,0.0,10.0,6.0
417902,,,,
417903,0.0,0.0,7.0,3.0
418001,,,,
418002,,,,
418003,47000.0,0.0,7.0,3.0
418004,0.0,0.0,2.0,0.0
418201,0.0,0.0,10.0,6.0
418202,,,,
418401,,,,
418402,,,,
418403,204398.0,0.0,2.0,1.0
418404,,,,
418501,20000.0,0.0,6.0,2.0
418502,23000.0,0.0,6.0,2.0
418601,,,,
418602,,,,
418701,,,,
418702,30000.0,0.0,7.0,3.0
419001,,,,
419002,,,,
419201,120000.0,0.0,8.0,5.0
419202,,,,
419401,,,,
419402,9600.0,0.0,7.0,3.0
419403,,,,
419501,,,,
419502,,,,
419503,,0.0,7.0,3.0
419701,10000.0,0.0,3.0,2.0
419702,17000.0,0.0,2.0,1.0
419703,,,,
419801,,,,
419901,73000.0,0.0,8.0,5.0
419902,,,,
419903,,0.0,2.0,1.0
419904,,,,
419905,,,,
420001,,,,
420002,27000.0,0.0,10.0,6.0
420301,,,,
420302,20000.0,0.0,8.0,5.0
420303,,,,
420304,1500.0,0.0,7.0,3.0
420305,15000.0,0.0,7.0,3.0
420601,,,,
420602,,,,
420801,55000.0,0.0,8.0,5.0
421001,50000.0,0.0,7.0,3.0
421002,75000.0,0.0,7.0,3.0
421201,,,,
421202,17000.0,0.0,6.0,2.0
421203,0.0,0.0,5.0,2.0
421204,,,,
421205,,,,
421401,47880.0,0.0,7.0,3.0
421402,,0.0,6.0,2.0
421501,,,,
421801,40000.0,0.0,6.0,2.0
421802,,,,
421901,,,,
422001,,,,
422002,19000.0,0.0,6.0,2.0
422003,45000.0,0.0,6.0,2.0
422301,0.0,0.0,8.0,4.0
422302,6000.0,0.0,6.0,2.0
422401,,,,
422402,60000.0,0.0,8.0,4.0
422701,,,,
422702,2000.0,0.0,8.0,5.0
422801,,,,
423101,,,,
423102,52000.0,0.0,3.0,2.0
423103,29000.0,0.0,6.0,1.0
423104,,0.0,3.0,2.0
423201,0.0,0.0,6.0,2.0
423202,,,,
423203,2000.0,0.0,7.0,3.0
423204,10000.0,0.0,2.0,0.0
423601,,,,
423602,,,,
424601,,,,
424602,,,,
424603,,,,
424901,,,,
424902,25000.0,1.0,5.0,2.0
425001,17500.0,0.0,6.0,2.0
425002,,0.0,6.0,2.0
425201,204398.0,0.0,7.0,3.0
425202,30000.0,0.0,7.0,3.0
425401,,,,
425402,18410.0,0.0,7.0,3.0
425403,12000.0,0.0,8.0,4.0
425601,,,,
425602,204398.0,0.0,14.0,8.0
426201,,,,
426202,50000.0,0.0,2.0,0.0
426203,,,,
426204,,,,
426501,,,,
426801,,,,
427001,,,,
427002,,,,
427003,67000.0,0.0,2.0,1.0
427201,16000.0,0.0,8.0,5.0
427202,30000.0,0.0,3.0,2.0
427401,,,,
427402,28000.0,0.0,6.0,1.0
427403,,,,
427501,,,,
427502,,,,
427701,,,,
427702,,,,
427703,,,,
428001,,,,
428002,,,,
428101,,,,
428201,,,,
428202,,,,
428203,30000.0,0.0,7.0,3.0
428301,,,,
428302,,,,
428303,,,,
428304,,,,
428401,,,,
428402,,,,
428601,,,,
428602,,,,
428603,,,,
429001,,,,
429002,,,,
429101,32000.0,0.0,3.0,2.0
429201,60000.0,0.0,8.0,4.0
429401,,,,
429402,,,,
429501,,,,
429502,,,,
429503,,,,
429601,,,,
429602,,,,
430001,,,,
430401,,,,
430501,42000.0,0.0,6.0,2.0
430502,10000.0,0.0,8.0,4.0
430601,,,,
430602,70000.0,0.0,8.0,5.0
430801,,,,
431001,,,,
431002,,,,
431003,60000.0,0.0,7.0,3.0
431901,,,,
432001,1200.0,0.0,6.0,2.0
432301,,,,
432302,,,,
432303,40000.0,0.0,6.0,2.0
432304,,,,
432501,8000.0,0.0,3.0,2.0
432502,,,,
432601,58000.0,0.0,8.0,5.0
432602,45000.0,0.0,8.0,5.0
433701,,,,
433702,22000.0,0.0,8.0,5.0
433901,48000.0,0.0,8.0,4.0
433902,61000.0,0.0,6.0,2.0
434101,,,,
434501,,,,
434601,,,,
434602,87000.0,0.0,8.0,4.0
434603,55000.0,0.0,6.0,2.0
435201,32000.0,0.0,8.0,5.0
435202,12000.0,0.0,7.0,3.0
435401,,,,
435402,120000.0,0.0,14.0,8.0
435403,,,,
436601,,,,
436602,110000.0,0.0,5.0,2.0
436701,56500.0,0.0,3.0,2.0
436702,,,,
436703,44000.0,0.0,5.0,1.0
436801,,,,
436802,,,,
437101,,,,
437102,0.0,0.0,2.0,1.0
437201,,,,
437301,,,,
437501,,,,
437601,,,,
437602,,,,
437801,,,,
437802,,,,
437803,,,,
437804,,,,
437901,,,,
437902,60000.0,0.0,5.0,2.0
438101,0.0,0.0,5.0,2.0
438102,25000.0,0.0,3.0,2.0
438301,66000.0,0.0,8.0,5.0
438302,,,,
438601,10000.0,0.0,6.0,1.0
438602,,,,
438603,,1.0,6.0,1.0
439101,,,,
439102,110000.0,0.0,3.0,2.0
439103,,,,
439104,25000.0,0.0,7.0,3.0
439105,33000.0,0.0,3.0,2.0
439201,,,,
439601,,,,
439602,,,,
440001,,,,
440002,,,,
440401,0.0,0.0,6.0,2.0
440402,70000.0,0.0,5.0,2.0
441101,0.0,0.0,2.0,0.0
441102,,0.0,2.0,0.0
441601,,,,
441602,,,,
441603,,,,
441604,35000.0,0.0,3.0,2.0
441605,40000.0,0.0,6.0,2.0
441606,,,,
441701,,,,
441702,,,,
441703,65000.0,0.0,2.0,0.0
441704,34000.0,0.0,2.0,0.0
442301,,,,
442401,35000.0,0.0,6.0,2.0
442801,,,,
442802,40000.0,0.0,10.0,6.0
442803,39600.0,0.0,8.0,4.0
443101,,,,
443102,,,,
443401,,,,
443402,,,,
443701,23000.0,0.0,6.0,2.0
443702,50000.0,0.0,3.0,2.0
443801,57000.0,0.0,8.0,4.0
443802,,,,
443901,,,,
443902,15000.0,0.0,7.0,3.0
444001,,,,
444101,,,,
444102,,,,
444501,35000.0,0.0,7.0,3.0
444502,,,,
444503,0.0,0.0,3.0,2.0
444701,,,,
444702,55000.0,0.0,3.0,2.0
444703,40000.0,0.0,8.0,4.0
445001,55000.0,0.0,6.0,2.0
445002,,,,
445101,83000.0,0.0,8.0,4.0
445102,13000.0,0.0,7.0,3.0
445501,,,,
445601,,,,
445602,,,,
445701,,,,
445702,,,,
445801,,,,
446301,,0.0,2.0,1.0
446302,,,,
446303,,,,
446401,65000.0,0.0,10.0,6.0
446501,30000.0,0.0,6.0,2.0
446502,89000.0,0.0,5.0,2.0
446503,,0.0,3.0,2.0
446901,51000.0,0.0,3.0,2.0
447301,,,,
447302,,,,
447303,29000.0,0.0,3.0,2.0
447304,,,,
447401,25000.0,0.0,3.0,2.0
447402,0.0,0.0,5.0,2.0
447501,,,,
447502,,,,
447503,,,,
447601,0.0,0.0,6.0,2.0
447801,,,,
447901,,,,
447902,,,,
448101,,,,
448102,,,,
448103,,,,
448201,3000.0,1.0,3.0,2.0
448301,,,,
448302,,,,
448303,,,,
448304,89000.0,0.0,2.0,1.0
448305,,,,
448306,,,,
448307,,0.0,2.0,0.0
448501,,,,
448502,,,,
448701,,,,
448702,,,,
448801,2400.0,0.0,2.0,0.0
448802,,0.0,1.0,0.0
448803,,,1.0,0.0
449001,85000.0,0.0,3.0,2.0
449002,,,,
449003,,,,
449401,,,,
449402,85000.0,0.0,8.0,5.0
449501,12000.0,0.0,7.0,3.0
449502,46000.0,0.0,6.0,2.0
449601,110000.0,0.0,7.0,3.0
449602,,,,
449901,,,,
449902,,,,
449903,20000.0,0.0,3.0,2.0
449904,16000.0,0.0,5.0,2.0
450501,,,,
450502,,,,
450503,,,,
450504,,,,
450505,,,,
450601,38000.0,0.0,6.0,2.0
450602,24000.0,0.0,7.0,3.0
452201,,,,
452202,,,,
452301,,,,
452302,110000.0,0.0,8.0,5.0
452501,0.0,0.0,13.0,4.0
452601,68000.0,0.0,4.0,2.0
452602,18000.0,0.0,6.0,2.0
452701,,,,
452801,30000.0,0.0,8.0,4.0
453301,0.0,0.0,8.0,4.0
453302,,,,
453401,53000.0,0.0,10.0,6.0
453402,80000.0,0.0,10.0,6.0
453601,,,,
453602,36000.0,0.0,3.0,2.0
453603,,0.0,3.0,2.0
453604,15000.0,0.0,8.0,5.0
453605,84000.0,0.0,2.0,1.0
453701,,,,
453702,,,,
453703,,,,
453704,,,,
453705,20000.0,0.0,3.0,2.0
453801,120000.0,0.0,3.0,2.0
453802,,,,
453901,,,,
453902,8000.0,0.0,8.0,5.0
453903,17000.0,0.0,8.0,4.0
454101,,,,
454102,,,,
454301,,,,
454302,50000.0,0.0,3.0,2.0
454401,124000.0,0.0,10.0,6.0
454402,,,,
454403,,,,
454404,,0.0,2.0,0.0
454601,,,,
455101,,,,
455102,,,,
455103,,,,
455301,,,,
455302,,,,
455303,,,,
455304,,,,
455401,,,,
455701,,,,
455702,,,,
455703,0.0,0.0,2.0,0.0
456101,,,,
456102,,,,
456401,,,,
456402,,,,
456501,5000.0,0.0,6.0,2.0
456502,2000.0,0.0,6.0,2.0
457001,26000.0,0.0,6.0,2.0
457002,,,,
457003,35000.0,0.0,3.0,2.0
457101,,,,
457102,204398.0,0.0,8.0,4.0
457801,0.0,0.0,2.0,1.0
457802,0.0,0.0,3.0,2.0
458001,,,,
458101,,,,
458102,15000.0,0.0,2.0,1.0
458201,,,,
458202,,,,
458401,,,,
458402,64686.0,0.0,7.0,3.0
458403,,0.0,2.0,0.0
458501,,,,
458801,,,,
458901,,,,
458902,36000.0,0.0,3.0,2.0
459001,,,,
459002,25000.0,0.0,6.0,2.0
459201,100000.0,0.0,8.0,4.0
459202,33000.0,0.0,10.0,6.0
459301,0.0,0.0,7.0,3.0
459401,,,,
459402,,,,
459801,,,,
460001,,,,
460002,,,,
460201,,,,
460202,15000.0,0.0,8.0,5.0
461301,30000.0,0.0,3.0,2.0
461302,1200.0,0.0,2.0,0.0
461401,13000.0,0.0,6.0,1.0
461402,25000.0,0.0,2.0,0.0
461801,0.0,0.0,5.0,2.0
461802,,,,
462201,,,,
462202,,0.0,5.0,2.0
462501,,,,
462502,130000.0,0.0,8.0,5.0
463101,,0.0,7.0,3.0
463102,,,,
463103,,,,
463104,,,,
463201,55000.0,0.0,8.0,5.0
463202,120000.0,0.0,6.0,2.0
463701,,,,
463702,,,,
463703,54000.0,0.0,7.0,3.0
463801,,0.0,3.0,2.0
463802,0.0,0.0,3.0,2.0
463803,,,,
463804,,,,
464101,20000.0,0.0,7.0,3.0
464102,,,,
464103,12000.0,0.0,3.0,2.0
464501,,,,
464502,,,,
465001,,,,
465002,120000.0,0.0,8.0,5.0
465101,,,,
465102,,,,
465301,43000.0,0.0,6.0,2.0
465701,,,,
465702,,,,
465703,,,,
465801,,,,
465802,,,,
465901,,,,
466001,,,,
466002,,,,
466201,,,,
466202,4000.0,0.0,7.0,3.0
466203,8000.0,0.0,2.0,0.0
466301,26000.0,0.0,6.0,2.0
466401,,,,
466402,8000.0,0.0,3.0,2.0
466501,,,,
467001,18000.0,0.0,8.0,4.0
467002,44000.0,0.0,3.0,2.0
467003,25000.0,0.0,6.0,2.0
467201,,,,
467401,,,,
467501,,,,
467901,,,,
467902,,,,
468201,,,,
468202,,,,
468301,42000.0,0.0,10.0,6.0
468302,5000.0,0.0,8.0,4.0
468303,12000.0,0.0,8.0,4.0
468401,204398.0,0.0,8.0,4.0
468402,60000.0,0.0,9.0,5.0
468901,65000.0,0.0,8.0,4.0
468902,11040.0,0.0,10.0,6.0
469001,,,,
469002,73000.0,0.0,10.0,6.0
469003,,,,
469004,75000.0,0.0,7.0,3.0
469101,6500.0,0.0,2.0,0.0
469102,,,1.0,0.0
469201,32500.0,0.0,10.0,6.0
469202,20000.0,0.0,8.0,5.0
469203,1000.0,0.0,6.0,2.0
469401,,,,
469402,,,,
469601,,,,
470001,,,,
470002,86000.0,0.0,10.0,6.0
470301,,,,
470302,15000.0,0.0,8.0,5.0
470501,20000.0,0.0,8.0,5.0
470502,0.0,0.0,6.0,2.0
470601,,,,
470602,,,,
470603,0.0,0.0,2.0,0.0
470801,20000.0,0.0,3.0,2.0
471101,,,,
471102,,,,
471103,,,,
471301,,,,
471302,,,,
471401,,,,
471402,,,,
471403,40000.0,0.0,3.0,2.0
471701,,,,
471702,15000.0,0.0,10.0,6.0
472301,204398.0,0.0,14.0,8.0
472302,,,,
472303,60000.0,0.0,8.0,5.0
472401,35000.0,0.0,7.0,3.0
472402,,,,
472601,,,,
472602,,,,
472603,,,,
472604,25000.0,0.0,3.0,2.0
472701,,,,
472702,,,,
472801,,,,
472802,,,,
472803,,,,
472804,,,,
473001,,,,
473002,32000.0,0.0,3.0,2.0
473003,65000.0,0.0,2.0,0.0
473301,,,,
473302,21000.0,0.0,3.0,2.0
473303,23000.0,0.0,2.0,0.0
473401,20000.0,0.0,6.0,2.0
473402,,,,
473403,,,,
473404,,,,
473501,,,,
473502,,,,
473503,,,,
474101,,,,
474102,48000.0,0.0,6.0,1.0
474103,,,,
474401,,,,
474402,,,,
474403,0.0,0.0,6.0,2.0
474501,,,,
474502,,,,
474503,38000.0,0.0,4.0,1.0
474601,,,,
474602,,,,
474603,62000.0,0.0,6.0,2.0
474604,,,,
474901,,,,
474902,,,,
475301,,,,
475302,0.0,0.0,13.0,6.0
475401,60000.0,0.0,8.0,5.0
475701,55000.0,0.0,14.0,8.0
475702,120000.0,0.0,8.0,4.0
475703,8000.0,0.0,10.0,6.0
475704,40000.0,0.0,9.0,5.0
475705,6000.0,0.0,8.0,5.0
475706,,,,
476301,,,,
476302,,,,
476601,68000.0,0.0,8.0,4.0
476801,,,,
476802,,,,
476803,,,,
476804,36000.0,0.0,5.0,2.0
476901,12000.0,0.0,2.0,1.0
476902,,,,
476903,45000.0,0.0,7.0,3.0
476904,,,,
477201,,,,
477401,21000.0,0.0,7.0,3.0
477402,,,,
477701,,,,
477702,,,,
478001,65000.0,0.0,8.0,5.0
478002,,,,
478301,25000.0,0.0,6.0,2.0
478302,20000.0,1.0,3.0,2.0
478401,,,,
478402,22000.0,0.0,2.0,1.0
478403,25000.0,0.0,4.0,2.0
478501,6000.0,0.0,6.0,2.0
478502,30000.0,0.0,3.0,2.0
478701,,,,
478702,20000.0,0.0,7.0,3.0
479001,,,,
479002,,,,
479003,,,,
479004,,,,
479201,,,,
479601,,,,
479602,,,,
479701,,,,
479702,,,,
479801,35000.0,0.0,8.0,5.0
480101,,,,
480102,,,,
480103,,,,
480201,,,,
480202,,,,
480301,,,,
480302,35000.0,0.0,7.0,3.0
480401,,,,
480402,,,,
480901,62000.0,0.0,6.0,2.0
481001,,,,
481002,,,,
481003,540.0,0.0,5.0,2.0
481501,204398.0,0.0,12.0,7.0
481502,,,,
481701,,,,
481702,,,,
481703,,,,
481704,50000.0,0.0,10.0,6.0
481901,36000.0,0.0,10.0,6.0
481902,50000.0,0.0,8.0,5.0
482001,29000.0,0.0,6.0,1.0
482002,23000.0,0.0,3.0,2.0
482101,,,,
482102,60000.0,0.0,8.0,4.0
482601,,,,
482602,,,,
483301,,,,
483701,29000.0,0.0,7.0,3.0
483702,48000.0,0.0,7.0,3.0
483801,,,,
483802,25000.0,0.0,2.0,0.0
483901,,,,
483902,,,,
484201,204398.0,0.0,7.0,3.0
484202,64000.0,0.0,7.0,3.0
484203,52000.0,0.0,10.0,6.0
484204,30000.0,0.0,8.0,4.0
484801,90000.0,0.0,10.0,6.0
484802,70000.0,0.0,6.0,2.0
484901,0.0,0.0,2.0,1.0
484902,,,,
485201,,,,
485202,67000.0,0.0,6.0,2.0
485203,20000.0,0.0,3.0,2.0
486301,55000.0,0.0,7.0,3.0
486302,23000.0,0.0,7.0,3.0
486303,,,,
486401,72000.0,0.0,9.0,5.0
486501,26000.0,0.0,8.0,5.0
486502,,0.0,6.0,2.0
486701,,,,
486901,,,,
486902,,,,
487001,22000.0,0.0,8.0,5.0
487002,59000.0,0.0,5.0,2.0
487101,,,,
487102,,,,
487103,10000.0,0.0,9.0,2.0
487104,23000.0,0.0,6.0,2.0
487301,30000.0,0.0,8.0,5.0
487302,10000.0,0.0,8.0,5.0
487303,2000.0,0.0,6.0,2.0
487401,,,,
487402,87000.0,0.0,8.0,5.0
487601,,,,
487602,,,,
487801,200.0,0.0,2.0,0.0
488001,109000.0,0.0,12.0,7.0
488002,47000.0,0.0,8.0,5.0
488201,69000.0,0.0,8.0,4.0
488202,,,,
488501,,,,
488502,,,,
488503,125000.0,0.0,10.0,6.0
488504,,,,
488505,,,,
488601,30.0,0.0,2.0,0.0
488701,,,,
488702,,,,
488703,,,,
489301,,,,
489302,,,,
489303,0.0,0.0,2.0,1.0
489901,,,,
489902,35000.0,0.0,3.0,2.0
490601,0.0,0.0,7.0,3.0
490602,0.0,0.0,6.0,2.0
490901,,,,
490902,,,,
491001,7500.0,0.0,8.0,4.0
491002,,,,
491601,,,,
491602,,,,
491603,,,,
491901,,,,
491902,53000.0,0.0,7.0,3.0
491903,,,,
492001,,,,
492002,50000.0,0.0,6.0,2.0
492003,,,,
492201,,,,
492202,0.0,0.0,6.0,2.0
492501,25000.0,0.0,8.0,5.0
492502,,,,
492503,,,,
492701,34000.0,0.0,6.0,2.0
492702,0.0,0.0,8.0,5.0
492703,0.0,0.0,6.0,2.0
492801,,,,
492802,,,,
492901,,,,
493001,,,,
493002,,,,
493003,43000.0,0.0,7.0,3.0
493101,15000.0,0.0,6.0,2.0
493301,,,,
493302,45000.0,0.0,8.0,5.0
493401,28000.0,0.0,6.0,2.0
493402,,,,
493801,,,,
493802,,,,
494301,,,,
494701,,,,
494702,5000.0,0.0,2.0,1.0
494703,,0.0,3.0,2.0
494704,0.0,0.0,2.0,0.0
494801,,,,
494802,0.0,0.0,6.0,2.0
495001,,,,
495002,25000.0,0.0,2.0,1.0
495003,,,,
495004,45000.0,0.0,2.0,0.0
495101,,,,
495102,,,,
495201,54000.0,0.0,6.0,2.0
495202,,,,
495301,,,,
495302,0.0,1.0,2.0,1.0
495303,,,,
495304,0.0,0.0,6.0,2.0
495401,65000.0,0.0,8.0,4.0
495402,76000.0,0.0,10.0,6.0
495403,55000.0,0.0,8.0,5.0
495404,20000.0,1.0,6.0,2.0
495501,82000.0,0.0,6.0,2.0
495502,64000.0,0.0,8.0,4.0
495601,70000.0,0.0,3.0,2.0
495602,15000.0,0.0,6.0,2.0
495603,0.0,0.0,8.0,5.0
495701,0.0,1.0,5.0,1.0
495702,,,,
495801,,,,
495901,,,,
495902,,,,
496201,,,,
496202,65000.0,0.0,10.0,6.0
496203,0.0,0.0,6.0,1.0
497101,29000.0,0.0,3.0,2.0
497201,32000.0,0.0,8.0,4.0
497202,32000.0,0.0,11.0,6.0
497203,7000.0,0.0,10.0,6.0
497301,,,,
497302,,,,
497303,25000.0,0.0,8.0,5.0
497304,,,,
497305,,,,
497401,,,,
497402,,,,
497403,70000.0,0.0,6.0,2.0
497404,24000.0,0.0,3.0,2.0
497601,,,,
497602,36000.0,0.0,12.0,7.0
497801,,,,
497802,,,,
498101,58000.0,0.0,8.0,4.0
498102,,,,
498103,1200.0,0.0,6.0,2.0
498401,,,,
498402,,,,
498701,204398.0,0.0,8.0,5.0
498801,200.0,0.0,2.0,0.0
498901,135000.0,0.0,6.0,2.0
498902,8000.0,0.0,8.0,5.0
499001,20000.0,0.0,8.0,5.0
499002,25000.0,0.0,8.0,4.0
499003,15000.0,0.0,6.0,2.0
499101,,,,
499102,35000.0,0.0,8.0,4.0
499103,900.0,0.0,6.0,2.0
499201,,,,
499202,0.0,0.0,8.0,5.0
499301,,,,
499302,,,,
499401,,,,
499501,,,,
499502,,,,
499701,,,,
499702,,,,
499703,44000.0,0.0,3.0,2.0
499901,126000.0,0.0,8.0,5.0
499902,,,,
499903,135000.0,0.0,10.0,6.0
500101,25000.0,0.0,3.0,2.0
500102,3000.0,0.0,8.0,4.0
500103,7000.0,0.0,6.0,2.0
500201,6000.0,0.0,8.0,4.0
500202,35000.0,0.0,8.0,4.0
500203,2000.0,0.0,8.0,4.0
500801,,,,
500901,0.0,0.0,8.0,4.0
501401,25000.0,0.0,3.0,2.0
501402,,,,
501501,29000.0,0.0,6.0,2.0
501502,,,,
501601,,,,
501901,204398.0,0.0,10.0,6.0
501902,,0.0,13.0,4.0
502301,,,,
502302,,,,
502601,40000.0,0.0,8.0,5.0
502602,29000.0,1.0,8.0,5.0
502801,110000.0,0.0,9.0,4.0
502802,45000.0,0.0,10.0,6.0
503201,90000.0,0.0,10.0,6.0
503501,0.0,1.0,6.0,2.0
503502,25000.0,0.0,8.0,5.0
503701,,,,
504101,81052.0,0.0,8.0,4.0
504102,,,,
504401,0.0,1.0,7.0,3.0
504501,15000.0,0.0,2.0,0.0
504502,58000.0,0.0,6.0,2.0
504503,13000.0,0.0,7.0,3.0
504701,,,,
504702,,,,
504703,,,,
504901,7000.0,1.0,6.0,2.0
504902,,,,
504903,10000.0,0.0,6.0,1.0
505001,,,,
505002,0.0,0.0,7.0,3.0
505201,7000.0,0.0,6.0,2.0
505202,20000.0,0.0,8.0,5.0
505701,,,,
505702,,,,
505901,,,,
505902,,0.0,3.0,2.0
506101,,,,
506102,26270.0,0.0,7.0,3.0
506103,,,,
506104,,,,
506301,37000.0,0.0,6.0,2.0
506302,43000.0,0.0,7.0,3.0
506303,37000.0,0.0,3.0,2.0
506401,,,,
506402,,,,
506403,,,,
506404,0.0,0.0,6.0,1.0
506501,,,,
506502,,,,
506601,,,,
506602,,,,
506901,0.0,0.0,7.0,3.0
506902,,,,
507101,,,,
507102,800.0,0.0,1.0,1.0
507401,50000.0,0.0,6.0,1.0
508101,,,,
508102,,,,
508103,,,,
508401,20000.0,0.0,7.0,3.0
508501,,,,
508502,5000.0,0.0,2.0,1.0
508801,30000.0,0.0,3.0,2.0
508802,,,,
508901,48000.0,0.0,6.0,2.0
508902,26000.0,0.0,7.0,3.0
508903,0.0,0.0,2.0,0.0
509001,,,,
509002,,0.0,3.0,2.0
509101,50000.0,0.0,8.0,5.0
509102,10000.0,0.0,8.0,5.0
509601,,,,
509602,,0.0,6.0,2.0
509603,41000.0,0.0,7.0,3.0
509801,,,,
509802,,,,
509803,0.0,0.0,2.0,0.0
509901,,,,
509902,37000.0,0.0,3.0,2.0
510001,96000.0,0.0,10.0,6.0
510002,40000.0,0.0,8.0,5.0
510301,36000.0,0.0,7.0,3.0
510302,,,,
510401,,,,
510402,,,,
510403,,,,
510501,,,,
510502,,,,
510503,,,,
510701,56000.0,0.0,10.0,6.0
510702,204398.0,0.0,10.0,6.0
510703,,,,
510801,,,,
510802,,,,
511001,,,,
511101,,,,
511102,,,,
511301,,,,
511302,,,,
511401,100000.0,0.0,10.0,6.0
511402,32000.0,0.0,8.0,5.0
511403,45000.0,0.0,7.0,3.0
511404,,0.0,8.0,4.0
511501,,,,
511502,,,,
511503,65000.0,0.0,7.0,3.0
511701,35000.0,0.0,2.0,1.0
511702,,,,
511703,15000.0,0.0,6.0,2.0
511901,,,,
512001,,,,
512002,,,,
512101,103000.0,0.0,6.0,1.0
512102,,,,
512103,,,,
512301,28000.0,0.0,7.0,3.0
512302,,,,
512501,19000.0,0.0,10.0,6.0
512502,,,,
512503,105000.0,0.0,14.0,8.0
512504,,,,
512701,,,,
513101,,,,
513102,80000.0,0.0,8.0,5.0
513401,5000.0,0.0,6.0,1.0
513402,,,,
513403,,,,
513404,0.0,0.0,3.0,2.0
513405,25000.0,0.0,3.0,2.0
513501,,,,
513502,0.0,1.0,2.0,1.0
513503,,,,
513504,,,,
513801,,,,
514201,,0.0,6.0,2.0
514202,400.0,0.0,2.0,0.0
514301,204398.0,0.0,10.0,6.0
514302,85000.0,0.0,10.0,6.0
514303,1200.0,0.0,6.0,2.0
514801,,,,
514802,,,,
515101,,,,
515102,,,,
515201,,,,
515202,37400.0,0.0,6.0,2.0
515203,,,,
515301,,0.0,7.0,3.0
515401,,,,
515701,40000.0,0.0,7.0,3.0
515702,0.0,0.0,8.0,5.0
516201,,,,
516202,,0.0,8.0,4.0
516301,60000.0,0.0,8.0,5.0
516302,75000.0,0.0,6.0,2.0
516401,,,,
516402,,,,
516403,20000.0,0.0,6.0,2.0
517101,,,,
517601,,,,
517602,,,,
517901,,,,
518001,,,,
518002,45000.0,0.0,7.0,3.0
518003,,,,
518901,,,,
518902,,,,
519101,20000.0,0.0,3.0,2.0
519102,33000.0,0.0,3.0,2.0
519301,20000.0,0.0,3.0,2.0
519501,0.0,0.0,6.0,2.0
519502,0.0,0.0,6.0,2.0
519503,56000.0,0.0,3.0,2.0
519504,240.0,,7.0,3.0
519801,115000.0,0.0,3.0,2.0
519802,0.0,0.0,3.0,2.0
519803,,,,
519901,,,,
519902,,,,
520001,,,,
520002,,,,
520101,,,,
520801,40000.0,0.0,2.0,1.0
520802,,,,
520803,15000.0,1.0,8.0,5.0
520901,,,,
520902,78000.0,0.0,7.0,3.0
521201,,,,
521202,,,,
521401,,,,
521402,58000.0,0.0,8.0,5.0
521601,,1.0,2.0,0.0
521602,,,,
521603,3000.0,1.0,3.0,2.0
521604,1000.0,0.0,3.0,2.0
521901,,,,
521902,120000.0,0.0,3.0,2.0
521903,,,,
522401,,,,
522402,,,,
522403,,,,
522501,0.0,0.0,8.0,5.0
523101,,,,
523102,30700.0,0.0,7.0,3.0
523201,,,,
523202,,,,
523203,16000.0,0.0,3.0,2.0
523301,,,,
523302,35000.0,0.0,3.0,2.0
523601,,,,
523602,,,,
524001,20000.0,0.0,8.0,4.0
524002,,,,
524601,35000.0,0.0,8.0,5.0
524701,48000.0,0.0,7.0,3.0
524702,,,,
525501,,,,
525601,,,,
525602,,,,
525801,60000.0,0.0,8.0,5.0
525802,7000.0,0.0,6.0,2.0
525901,300.0,0.0,3.0,2.0
526101,,,,
526102,48000.0,0.0,3.0,2.0
526401,,,,
526402,,,,
526501,,,,
526801,,0.0,7.0,3.0
527101,,,,
527102,,,,
527103,36000.0,0.0,6.0,2.0
527201,,,,
527202,36000.0,0.0,7.0,3.0
527203,,,,
527204,16000.0,0.0,7.0,3.0
527301,,,,
527302,95000.0,0.0,7.0,3.0
527303,,,,
527601,80000.0,0.0,3.0,2.0
527701,,,,
527702,24000.0,0.0,2.0,0.0
528001,,,,
528002,,,,
528003,0.0,1.0,2.0,1.0
528301,,,,
528302,12000.0,0.0,6.0,2.0
528303,,,,
528304,33000.0,0.0,6.0,2.0
528501,,,,
528502,,,,
528601,0.0,0.0,2.0,0.0
528602,,,,
528603,,,,
528604,,,,
528801,,,,
528802,,,,
528901,,,,
528902,,,,
529001,75000.0,0.0,10.0,6.0
529002,8000.0,0.0,6.0,2.0
529401,,,,
529402,,,,
529501,,,,
529502,43000.0,0.0,8.0,5.0
529503,,,,
529801,,,,
529802,,0.0,5.0,2.0
529803,40000.0,0.0,2.0,1.0
529804,,0.0,3.0,2.0
529901,,0.0,10.0,6.0
529902,,,,
529903,24000.0,0.0,8.0,5.0
529904,0.0,0.0,2.0,0.0
529905,,,,
530101,,,,
530102,,,,
530501,,,,
530502,39000.0,0.0,3.0,2.0
530801,,,,
530802,6500.0,0.0,8.0,4.0
530901,,,,
530902,,,,
530903,,,,
531001,67000.0,0.0,8.0,5.0
531002,58000.0,0.0,8.0,5.0
531101,,,,
531102,,,,
531103,,,,
531401,,,,
531402,80000.0,0.0,6.0,2.0
531403,30000.0,0.0,7.0,3.0
531404,35000.0,0.0,3.0,2.0
531501,,,,
531502,53000.0,0.0,8.0,5.0
531503,,,,
531701,,,,
531702,67000.0,0.0,3.0,2.0
531703,1000.0,0.0,3.0,2.0
531704,10000.0,0.0,3.0,2.0
532501,12000.0,0.0,8.0,4.0
532502,,,,
532503,0.0,0.0,6.0,2.0
532601,16000.0,0.0,8.0,5.0
532602,0.0,0.0,3.0,2.0
532701,,,,
532702,24000.0,0.0,6.0,2.0
532703,50000.0,0.0,7.0,3.0
532801,,,,
532802,,,,
532803,18000.0,0.0,5.0,2.0
533001,20000.0,0.0,10.0,6.0
533002,,,,
533003,,,,
533201,5500.0,0.0,6.0,2.0
533202,63000.0,0.0,5.0,2.0
533203,,,,
533204,2000.0,0.0,8.0,5.0
533205,,,,
533301,25000.0,0.0,8.0,5.0
533302,25000.0,0.0,6.0,1.0
533303,,,,
533801,26000.0,1.0,7.0,3.0
533802,,,,
533803,,,,
533901,,,,
533902,,,,
534101,,,,
534102,,,,
534103,,,,
534901,50000.0,0.0,6.0,2.0
534902,,,,
534903,,,,
535301,35000.0,0.0,3.0,2.0
535302,,,,
535501,65000.0,0.0,11.0,6.0
536001,,,,
536002,,,,
536003,,,,
536901,62000.0,0.0,7.0,3.0
536902,,,,
537001,,,,
537002,50000.0,0.0,5.0,2.0
537201,204398.0,0.0,8.0,4.0
537202,,,,
537301,70000.0,0.0,14.0,8.0
537302,,,,
537303,40000.0,0.0,8.0,5.0
537304,18000.0,0.0,8.0,4.0
537401,,,,
537402,,,,
537403,950.0,0.0,6.0,0.0
537601,0.0,1.0,4.0,1.0
537602,,,,
537801,,,,
537802,,,,
538001,,,,
538002,,,,
538101,113057.0,0.0,8.0,5.0
538102,62000.0,0.0,8.0,5.0
538501,,,,
538502,65000.0,0.0,8.0,4.0
538503,,,,
538504,0.0,0.0,8.0,4.0
538701,,,,
538702,15000.0,0.0,6.0,2.0
538703,,,,
538704,30000.0,0.0,3.0,2.0
538705,,,,
538801,48000.0,0.0,8.0,5.0
538802,75000.0,0.0,10.0,6.0
538803,,,,
538901,49000.0,0.0,10.0,6.0
538902,,,,
539101,204398.0,0.0,10.0,6.0
539102,,,,
539103,,,,
539104,,,,
539301,15000.0,0.0,2.0,0.0
539701,15000.0,0.0,8.0,5.0
539702,,,,
539703,,,,
540601,,,,
540602,107000.0,0.0,7.0,3.0
540603,90000.0,0.0,5.0,2.0
540604,,,,
540605,45000.0,0.0,3.0,2.0
540801,,,,
540802,,,,
540901,57000.0,0.0,7.0,3.0
540902,2030.0,0.0,2.0,1.0
540903,,,,
542101,,,,
542102,78000.0,0.0,12.0,7.0
542103,,,,
542104,89000.0,0.0,10.0,6.0
542201,,,,
542202,,,,
542401,,,,
542402,71500.0,0.0,12.0,7.0
542501,204398.0,0.0,14.0,8.0
542502,,,,
542701,,,,
542702,,,,
542703,,,,
542801,,0.0,7.0,3.0
542802,,0.0,6.0,2.0
543401,,,,
543402,,,,
543403,,,,
543404,,,,
543405,,,,
543601,,,,
543602,38000.0,0.0,3.0,2.0
543603,,,,
544201,,,,
544202,17000.0,0.0,2.0,1.0
544501,40000.0,0.0,2.0,0.0
544502,,,,
545201,,,,
545202,,,,
545203,,,,
545301,,,,
545401,85000.0,0.0,6.0,2.0
545402,,,,
545501,,,,
545801,,,,
545901,,,,
545902,13000.0,0.0,7.0,3.0
546001,38000.0,0.0,7.0,3.0
546201,,,,
546202,35000.0,0.0,6.0,2.0
546203,50000.0,1.0,6.0,1.0
546401,,,,
546501,,,,
546502,38000.0,0.0,3.0,2.0
546503,0.0,0.0,3.0,2.0
546504,,,,
546505,11000.0,0.0,3.0,2.0
546506,586.0,0.0,3.0,2.0
546601,,,,
546602,31000.0,0.0,7.0,3.0
546701,,,,
546702,,,,
546703,,,,
546704,35000.0,0.0,3.0,2.0
546705,1200.0,0.0,3.0,2.0
546706,,,,
546901,64706.0,0.0,7.0,3.0
546902,,,,
547201,,,,
547301,,,,
547302,48000.0,0.0,8.0,5.0
547401,20000.0,0.0,3.0,2.0
547402,20000.0,0.0,3.0,2.0
547601,,,,
547602,,,,
547701,42000.0,0.0,10.0,6.0
547702,,,,
547801,,,,
547802,0.0,0.0,2.0,0.0
548001,,,,
548002,,,,
548301,,,,
548302,42000.0,0.0,6.0,2.0
548501,60000.0,0.0,10.0,6.0
548601,,,,
548701,0.0,0.0,7.0,3.0
548801,,,,
548802,,,,
548803,,,,
549201,,,,
549202,,,,
549203,,,,
549801,,,,
549802,,,,
550201,0.0,0.0,8.0,5.0
550801,43000.0,0.0,8.0,5.0
550802,,,,
550901,,,,
550902,10200.0,0.0,5.0,2.0
551101,,,,
551102,,,,
551501,0.0,1.0,3.0,2.0
551801,,,,
551802,,,,
552201,38000.0,0.0,8.0,5.0
552202,35000.0,0.0,8.0,4.0
552203,32000.0,0.0,7.0,3.0
552301,,,,
552302,,,,
552303,,,,
552304,,,,
552401,,,,
552402,,,,
552403,0.0,0.0,2.0,0.0
552601,,,,
552602,78000.0,0.0,3.0,2.0
552801,65000.0,0.0,7.0,3.0
552802,40000.0,0.0,6.0,2.0
553001,,,,
553002,,,,
553301,,,,
553601,55000.0,0.0,2.0,0.0
553701,25000.0,0.0,3.0,2.0
553702,,,,
554401,20000.0,0.0,3.0,2.0
554402,30000.0,0.0,3.0,2.0
554601,30000.0,0.0,6.0,2.0
554602,50000.0,0.0,6.0,2.0
554701,,,,
554702,,1.0,2.0,1.0
554703,,,,
554704,,,,
554705,,,,
554801,,,,
554802,,,,
555001,30000.0,0.0,3.0,2.0
555002,,,,
555101,16000.0,0.0,2.0,1.0
555301,14000.0,0.0,6.0,2.0
555501,,,,
555502,,,,
555701,,,,
555702,,,,
555901,,,,
556001,,,,
556002,,,,
556003,,0.0,7.0,3.0
556101,,,,
556301,,,,
556501,38000.0,0.0,6.0,2.0
556502,2000.0,0.0,8.0,4.0
556601,25000.0,0.0,5.0,1.0
556801,,,,
557101,,,,
557102,,,,
557401,26000.0,0.0,3.0,2.0
557601,,,,
557701,,,,
557702,,,,
557801,,,,
558101,0.0,0.0,2.0,1.0
558102,,,,
558201,,,,
558202,,,,
558301,,0.0,5.0,2.0
558302,,,,
558901,,,,
558902,,,,
558903,,,,
558904,,,,
559301,,,,
559302,40000.0,0.0,6.0,2.0
559303,,,,
559501,,,,
559502,28000.0,0.0,3.0,2.0
559503,,,,
559601,,,,
559602,,,,
560001,,,,
560501,,,,
560502,,,,
560503,,,,
560601,,,,
560602,60000.0,0.0,10.0,6.0
560901,,,,
560902,,,,
561201,24000.0,0.0,6.0,2.0
561202,106000.0,0.0,8.0,5.0
561203,,,,
561204,,,,
561401,,,,
561402,,,,
561403,20000.0,0.0,6.0,2.0
561501,,,,
561502,43000.0,0.0,7.0,3.0
561901,,,,
561902,24000.0,0.0,6.0,1.0
562001,,,,
562002,,,,
562401,,,,
562402,,,,
562601,,,,
562701,,,,
562702,,,,
562703,,,,
563101,,,,
563102,,,,
563103,,,,
563104,30000.0,0.0,6.0,2.0
563401,16000.0,0.0,7.0,3.0
564001,36000.0,0.0,8.0,5.0
564002,,,,
564003,,,,
564601,,,,
564701,5000.0,0.0,4.0,2.0
564702,,,,
564703,37000.0,0.0,6.0,2.0
564801,,,,
564802,,,,
564803,5000.0,0.0,8.0,4.0
564804,,,,
565201,,,,
565202,36000.0,0.0,6.0,2.0
565401,135000.0,0.0,8.0,5.0
565402,0.0,0.0,8.0,5.0
565601,,,,
565602,,,,
565701,,,,
565901,,,,
565902,,,,
566101,,,,
566901,204398.0,0.0,10.0,6.0
567002,30000.0,0.0,8.0,4.0
567301,,,,
567302,9000.0,0.0,3.0,2.0
567303,3000.0,0.0,3.0,2.0
567401,,,,
567402,,,,
567501,10000.0,0.0,10.0,6.0
568101,,,,
568102,,,,
568103,,,,
568104,130000.0,0.0,3.0,2.0
568105,12000.0,0.0,3.0,2.0
568201,204398.0,0.0,6.0,1.0
568202,,,,
568203,,,,
568204,,,,
568401,71000.0,0.0,6.0,1.0
568402,,,,
568501,,,,
568502,,,,
568503,,,,
568601,,,,
568602,86000.0,0.0,8.0,5.0
568603,72000.0,0.0,3.0,2.0
568701,,,,
568702,,,,
568703,,,,
568901,,,,
568902,,,,
569001,74000.0,1.0,3.0,2.0
569501,,,,
569502,85000.0,0.0,12.0,7.0
569503,13000.0,0.0,8.0,4.0
570101,116000.0,0.0,10.0,6.0
570201,,,,
570501,,,,
570502,8000.0,0.0,7.0,3.0
570601,,,,
570701,,,,
570702,15000.0,0.0,3.0,2.0
570703,,,,
570801,55000.0,0.0,4.0,2.0
570802,10000.0,0.0,6.0,2.0
570803,34000.0,0.0,5.0,2.0
570901,0.0,0.0,3.0,2.0
571201,,0.0,3.0,2.0
571202,,1.0,3.0,2.0
571301,,,,
571302,,,,
571303,,,,
571304,0.0,0.0,3.0,2.0
571501,,,,
571502,,,,
571503,,,,
571601,,,,
571602,,,,
571701,25000.0,0.0,3.0,2.0
571702,79000.0,0.0,6.0,2.0
571801,,,,
571802,15000.0,0.0,8.0,4.0
572001,,,,
572002,,,,
572003,,,,
572401,,,,
572402,,,,
572801,,,,
572802,,,,
572803,55000.0,0.0,10.0,6.0
572901,,,,
572902,25000.0,0.0,6.0,2.0
572903,,,,
572904,,,,
573201,3000.0,0.0,6.0,2.0
573202,2000.0,0.0,2.0,0.0
573401,,,,
573701,,,,
573702,,,,
573703,,,,
574001,,,,
574002,45000.0,0.0,7.0,3.0
574003,,,,
574004,50000.0,0.0,7.0,3.0
574005,38000.0,0.0,7.0,3.0
574101,82000.0,0.0,8.0,4.0
574102,,,,
574103,7000.0,0.0,8.0,4.0
574401,,,,
574402,,,,
574403,,0.0,6.0,2.0
574601,600.0,0.0,5.0,2.0
574602,60000.0,0.0,6.0,2.0
574603,28000.0,0.0,6.0,2.0
575301,,,,
575302,22200.0,0.0,3.0,2.0
575601,45000.0,0.0,8.0,4.0
575602,,,,
575603,22000.0,0.0,6.0,2.0
576001,,,,
576601,,,,
576602,0.0,1.0,7.0,3.0
576701,,,,
576702,32000.0,0.0,3.0,2.0
576801,,,,
576802,,,,
576803,,,,
576901,,,,
577001,,,,
577002,,,,
577003,8000.0,0.0,8.0,5.0
577301,,,,
577302,0.0,0.0,6.0,2.0
577303,6932.0,0.0,6.0,1.0
577304,,0.0,2.0,0.0
577305,,0.0,1.0,0.0
577401,25000.0,0.0,4.0,2.0
577402,,,,
577403,107000.0,0.0,2.0,1.0
577701,,,,
577702,,,,
578001,,,,
578002,0.0,,2.0,0.0
578003,20000.0,0.0,6.0,2.0
578101,,,,
578102,29000.0,0.0,7.0,3.0
578103,18000.0,0.0,6.0,2.0
578201,,,6.0,1.0
578202,,,,
579001,0.0,0.0,6.0,2.0
579002,46000.0,0.0,10.0,6.0
579301,,,,
579302,55000.0,0.0,3.0,2.0
579303,204398.0,0.0,12.0,7.0
579304,,,,
579305,,,,
579601,,,,
579801,24000.0,0.0,6.0,2.0
579802,,,,
579803,40000.0,0.0,12.0,7.0
579804,0.0,0.0,9.0,5.0
579901,80000.0,0.0,8.0,5.0
579902,0.0,0.0,3.0,2.0
580101,100000.0,0.0,3.0,2.0
580102,42000.0,0.0,7.0,3.0
580103,15000.0,0.0,6.0,2.0
580201,58000.0,1.0,3.0,2.0
580202,25000.0,0.0,6.0,2.0
580301,,,,
580302,,,,
580501,,,,
580502,,,,
580601,,,,
580602,,,,
580901,52000.0,0.0,10.0,6.0
580902,,,,
580903,,,,
581101,,,,
581201,,,,
581202,,,,
581301,,,,
581302,22000.0,0.0,6.0,2.0
581303,,,,
581701,,,,
581702,,,,
581801,56000.0,0.0,7.0,3.0
581802,,,,
581901,,,,
581902,,,,
582001,,,,
582002,19000.0,0.0,5.0,2.0
582003,,,,
582004,64000.0,0.0,6.0,2.0
582101,20000.0,0.0,9.0,4.0
582102,600.0,0.0,8.0,4.0
582201,,,,
582202,,,,
582701,,,,
582901,,,,
583301,,,,
583302,,,,
583303,,,,
583401,50000.0,0.0,3.0,2.0
583402,,,,
583403,14550.0,0.0,3.0,2.0
583501,,,,
583601,,,,
583602,,,,
583603,,,,
583604,,,,
583901,,,,
583902,0.0,0.0,3.0,2.0
584001,,,,
584002,,,,
584003,,0.0,1.0,0.0
584004,,,,
584005,,,,
584006,,,,
584101,,,,
584102,,,,
584401,,1.0,2.0,1.0
584402,900.0,0.0,6.0,1.0
584403,,,,
584901,,,,
584902,,,,
585201,,,,
585202,,,,
585203,29000.0,0.0,3.0,2.0
585204,0.0,0.0,9.0,5.0
585301,,,,
585302,28000.0,0.0,3.0,2.0
585501,,,,
585502,,,,
585503,30000.0,0.0,8.0,4.0
585801,,,,
585802,,,,
585803,,,,
586101,,,,
586102,51000.0,0.0,6.0,2.0
586103,,,,
586104,,,,
586201,18000.0,0.0,6.0,2.0
586202,,,,
586203,17000.0,0.0,3.0,2.0
586801,,,,
586802,72000.0,0.0,10.0,6.0
586803,,,,
586804,,,,
587001,38000.0,0.0,7.0,3.0
587002,40000.0,0.0,3.0,2.0
587003,,,,
587301,45000.0,0.0,6.0,2.0
587302,59000.0,0.0,7.0,3.0
587303,,,,
587401,48000.0,0.0,6.0,2.0
587402,30000.0,0.0,7.0,3.0
587801,,,,
587802,,,,
587803,,,,
588001,,,,
588301,54000.0,0.0,10.0,6.0
588302,,,,
588701,,,,
588702,0.0,0.0,6.0,2.0
588801,,,,
588802,,,,
588803,,,,
588804,,,,
588901,,,,
588902,31000.0,0.0,8.0,5.0
588903,,,,
588904,,,,
589201,,,,
589202,,,,
589501,,,,
589502,,,,
589701,0.0,0.0,5.0,2.0
589702,,,,
589703,30000.0,0.0,6.0,2.0
589901,14000.0,0.0,3.0,2.0
589902,26000.0,0.0,6.0,2.0
590601,,,,
590602,,,,
590603,,,,
590901,,,,
590902,34000.0,0.0,6.0,2.0
590903,,,,
590904,25000.0,0.0,3.0,2.0
591101,,,,
591301,94000.0,0.0,10.0,6.0
591302,55000.0,0.0,3.0,2.0
591303,,,,
591401,55000.0,0.0,7.0,3.0
591601,204398.0,0.0,3.0,2.0
591602,,,,
591603,31000.0,0.0,6.0,1.0
591901,,,,
591902,,,,
591903,75000.0,0.0,6.0,2.0
591904,,,,
592301,,,,
592302,,0.0,5.0,2.0
592601,,,,
592602,,,,
592603,,,,
592604,20000.0,0.0,7.0,3.0
592701,,,,
592702,,,,
592703,4000.0,0.0,2.0,1.0
592704,,0.0,5.0,2.0
593201,,,,
593202,,,,
593203,,,,
593204,,,,
593205,,,,
593206,15000.0,0.0,6.0,2.0
593401,,,,
593601,,,,
594101,,,,
594102,65000.0,0.0,8.0,5.0
594103,34000.0,0.0,8.0,4.0
594401,,,,
594701,,,,
594702,,,,
594703,,,,
594704,,,,
594801,0.0,0.0,5.0,2.0
594802,,,,
595101,6000.0,0.0,2.0,0.0
595102,,,,
595103,,,,
595104,,,,
595105,,,,
595201,,,,
595202,,,,
595203,,0.0,2.0,0.0
595204,,,,
595301,,,,
595401,,,,
595601,,,,
595602,,,,
595701,44000.0,0.0,6.0,2.0
595702,,,,
596301,,,,
596302,3000.0,0.0,6.0,2.0
596501,,,,
596502,,,,
596503,,,,
596504,,,,
596505,15000.0,0.0,6.0,2.0
596901,6000.0,0.0,7.0,3.0
596902,5000.0,0.0,3.0,2.0
597301,,0.0,3.0,2.0
597302,,,,
597303,,,,
597304,0.0,0.0,6.0,2.0
597305,,,,
597306,10000.0,0.0,3.0,2.0
597307,500.0,0.0,6.0,2.0
597601,40000.0,0.0,6.0,2.0
597602,,,,
597603,,0.0,1.0,0.0
597701,28000.0,0.0,8.0,5.0
597801,,0.0,3.0,2.0
597802,,,,
597803,,,,
597804,,,,
598001,,,,
598002,,,,
598301,,,,
598501,56000.0,0.0,8.0,5.0
598502,65000.0,0.0,3.0,2.0
598601,0.0,0.0,6.0,2.0
598602,,,,
599101,,,,
599102,,,,
599801,,,,
599802,55000.0,0.0,5.0,2.0
599803,30000.0,0.0,6.0,2.0
599804,30000.0,0.0,3.0,2.0
599901,,,,
599902,,,,
600201,65000.0,0.0,8.0,4.0
600202,0.0,0.0,3.0,2.0
600203,38000.0,0.0,8.0,4.0
600301,,,,
600302,,,,
600401,12997.0,0.0,7.0,3.0
600402,,0.0,7.0,3.0
600501,,,,
600502,,,,
600503,,,,
600701,,,,
600702,,,,
600703,,,,
601501,50000.0,0.0,6.0,2.0
601901,103000.0,0.0,6.0,2.0
601902,,,,
601903,33000.0,0.0,6.0,2.0
602201,,,,
602301,,,,
602302,80000.0,0.0,7.0,3.0
602303,,,,
602304,11000.0,0.0,6.0,2.0
602401,,,,
602701,,,,
602801,,,,
602802,35000.0,0.0,4.0,2.0
603001,,,,
603002,0.0,0.0,2.0,1.0
603003,,,,
603101,,,,
603301,,,,
603302,,,,
603303,7000.0,0.0,2.0,0.0
603304,,,,
603601,56000.0,0.0,3.0,2.0
603602,,,,
603603,,,,
603701,,,,
603901,,,,
604001,,,,
604002,,,,
604003,,,,
604004,30000.0,0.0,7.0,3.0
604301,,,,
604302,,,,
604401,204398.0,0.0,8.0,5.0
604402,,,,
604601,0.0,0.0,1.0,1.0
604602,45000.0,0.0,2.0,1.0
604603,,,,
604604,0.0,0.0,2.0,1.0
604605,0.0,0.0,2.0,0.0
604606,,,,
604607,25000.0,0.0,5.0,1.0
604701,,,,
604702,,,,
604703,5000.0,0.0,6.0,2.0
604704,,,,
604801,,,,
604802,,0.0,2.0,0.0
604803,,,,
604804,,,,
604901,40000.0,0.0,11.0,6.0
604902,,,,
605301,,,,
605302,30000.0,0.0,6.0,2.0
605303,0.0,0.0,7.0,3.0
605501,,,,
605502,,,,
605801,,,,
605802,1200.0,0.0,2.0,0.0
606101,,,,
606102,65000.0,0.0,6.0,2.0
606301,35000.0,0.0,8.0,4.0
606601,,,,
606602,,,,
606901,,,,
606902,,,,
606903,67000.0,0.0,8.0,4.0
606904,0.0,0.0,2.0,0.0
607201,23000.0,0.0,3.0,2.0
607202,,,,
607203,,,,
607301,,,,
607302,,,,
607401,,,,
607402,0.0,0.0,3.0,2.0
607403,25000.0,0.0,11.0,6.0
607601,,,,
607602,60000.0,0.0,3.0,2.0
607603,50000.0,0.0,6.0,2.0
607801,17000.0,0.0,5.0,2.0
607802,,,,
607803,,,,
608001,39252.0,0.0,8.0,5.0
608002,,,,
608201,13000.0,0.0,8.0,4.0
608202,20000.0,0.0,10.0,6.0
608203,35000.0,0.0,6.0,2.0
608301,,,,
608302,,,,
608401,,,,
608402,,,,
608403,0.0,0.0,3.0,2.0
608404,,,,
608405,40000.0,0.0,6.0,2.0
608801,,,,
608802,,,,
608803,,,,
609101,,,,
609102,60000.0,0.0,7.0,3.0
610101,46000.0,0.0,6.0,2.0
610102,,,,
610201,,,,
610202,76000.0,0.0,8.0,5.0
610701,10000.0,0.0,5.0,2.0
610702,30000.0,0.0,6.0,2.0
610703,,,,
610704,,,,
610705,,,,
610706,40000.0,0.0,2.0,1.0
611401,,,,
611402,53000.0,0.0,8.0,5.0
611403,14000.0,0.0,7.0,3.0
611404,0.0,0.0,3.0,2.0
611601,,,,
611602,15000.0,0.0,6.0,2.0
611801,70000.0,0.0,2.0,1.0
611802,24000.0,0.0,8.0,5.0
611901,,,,
611902,,,,
611903,,,,
611904,,,,
612601,25000.0,0.0,3.0,2.0
612901,,,,
613001,,,,
613201,55000.0,0.0,8.0,5.0
613401,,,,
613402,,0.0,6.0,2.0
613403,,,,
614601,,,,
614602,,,,
614603,,,,
615001,,,,
615101,50000.0,0.0,6.0,1.0
615102,0.0,0.0,6.0,2.0
615103,0.0,1.0,2.0,0.0
615401,,,,
615901,,,,
616001,,,,
616101,20000.0,0.0,6.0,2.0
616102,,,,
616103,,,,
616104,40000.0,0.0,7.0,3.0
616105,45000.0,0.0,2.0,1.0
616106,0.0,0.0,2.0,1.0
616301,0.0,0.0,3.0,2.0
616302,74255.0,0.0,10.0,6.0
616303,,0.0,9.0,4.0
616304,0.0,0.0,6.0,2.0
616401,34000.0,0.0,5.0,2.0
616402,20000.0,0.0,2.0,1.0
616801,24500.0,0.0,6.0,1.0
616802,,,,
616803,65000.0,0.0,8.0,5.0
616901,15000.0,0.0,7.0,3.0
616902,,,,
616903,1900.0,0.0,3.0,2.0
616904,,,,
617101,700.0,0.0,3.0,2.0
617201,14000.0,0.0,8.0,5.0
617401,,,,
617402,,,,
617501,,,,
617502,,,,
617503,0.0,0.0,2.0,0.0
617701,,,,
617702,,,,
617703,18000.0,0.0,7.0,3.0
617801,,0.0,2.0,1.0
617802,,,,
617803,1000.0,0.0,2.0,1.0
617901,,,,
617902,,,,
618101,,,,
618102,,,,
618301,,,,
618501,37000.0,0.0,5.0,2.0
618901,,,,
619001,,,,
619002,,,,
619201,,,,
619202,,,,
619203,,,,
619501,,,,
619701,,0.0,7.0,3.0
619702,,,,
619703,80000.0,0.0,8.0,5.0
620201,,,,
620202,,,,
620301,,,,
620302,,,,
620401,,,,
620402,,,,
620501,,,,
620502,,,,
620503,5000.0,0.0,3.0,2.0
620601,,,,
620901,15000.0,0.0,2.0,1.0
620902,,,,
621001,,,,
621002,,,,
621003,56000.0,0.0,8.0,5.0
621201,,,,
621401,15000.0,0.0,8.0,5.0
621402,,,,
621501,35000.0,0.0,8.0,5.0
621502,30000.0,0.0,6.0,2.0
621701,23000.0,0.0,7.0,3.0
621702,,0.0,8.0,4.0
621901,29000.0,0.0,7.0,3.0
622001,70000.0,0.0,8.0,5.0
622002,45000.0,0.0,6.0,2.0
622101,,,,
622102,,,,
622301,,,,
622302,17600.0,0.0,3.0,2.0
622303,25000.0,0.0,3.0,2.0
622501,,,,
622502,,,,
622503,,,,
622701,,,,
622702,98000.0,0.0,7.0,3.0
622703,35000.0,0.0,4.0,2.0
623101,,,,
623102,90000.0,0.0,6.0,2.0
623201,,,,
623202,0.0,0.0,6.0,1.0
623301,,,,
623302,,,,
623303,10000.0,0.0,5.0,2.0
623401,,,,
623402,,,,
623403,2500.0,0.0,2.0,1.0
623501,,,,
623502,28000.0,0.0,6.0,2.0
623503,,,,
623801,50000.0,0.0,10.0,6.0
623802,70000.0,0.0,6.0,2.0
623901,1000.0,0.0,3.0,2.0
623902,,,,
623903,29000.0,0.0,6.0,2.0
624001,25000.0,0.0,8.0,4.0
624301,,,,
624302,,,,
624401,,0.0,5.0,2.0
624402,,,,
624501,,,,
624502,42000.0,0.0,7.0,3.0
624503,,,,
625501,103000.0,0.0,6.0,2.0
625502,,,,
625801,,,,
625802,0.0,0.0,6.0,2.0
625803,,,,
625804,,,,
625901,,,,
625902,,,,
625903,,,,
626201,,,,
626202,,,,
626301,,,,
626401,,,,
626402,,,,
626501,,,,
626801,100000.0,0.0,8.0,5.0
626802,,0.0,3.0,2.0
627001,65000.0,0.0,8.0,5.0
627002,40000.0,0.0,8.0,5.0
627003,35000.0,0.0,8.0,5.0
627004,22000.0,0.0,8.0,5.0
627301,,,,
627302,,,,
627401,,,,
627402,,,,
627403,20000.0,0.0,7.0,3.0
627404,35000.0,0.0,6.0,2.0
627405,,,,
627406,10500.0,0.0,7.0,3.0
627501,71000.0,0.0,14.0,8.0
627502,40000.0,0.0,3.0,2.0
627701,48400.0,0.0,10.0,6.0
627702,30000.0,0.0,11.0,6.0
627703,27000.0,0.0,8.0,5.0
627801,,,,
627802,36000.0,0.0,2.0,0.0
627803,54000.0,0.0,6.0,2.0
627804,40000.0,0.0,5.0,2.0
628001,,,,
628002,43000.0,0.0,6.0,2.0
628003,,,,
628004,,,6.0,2.0
628005,25000.0,0.0,6.0,2.0
628006,,,,
628201,,,,
628202,,,,
628203,,,,
628204,0.0,0.0,2.0,1.0
628205,27000.0,0.0,2.0,1.0
628206,,,,
628207,,,,
628208,,,,
628301,,,,
628302,,,,
628401,34000.0,0.0,6.0,2.0
628402,45000.0,0.0,8.0,5.0
628403,,,,
628601,,,,
628602,,,,
628901,,,,
628902,18000.0,0.0,6.0,2.0
628903,,,,
628904,20000.0,0.0,10.0,6.0
628905,13000.0,0.0,8.0,5.0
629001,120000.0,0.0,6.0,2.0
629002,,0.0,3.0,2.0
629003,5000.0,0.0,6.0,2.0
629101,69990.0,0.0,3.0,2.0
629102,,,,
629103,,,,
629301,,,,
629302,,,,
629303,,,,
629304,0.0,0.0,6.0,2.0
629305,20000.0,0.0,4.0,0.0
629401,,,,
629402,,,,
629403,0.0,0.0,2.0,0.0
629404,17000.0,0.0,2.0,0.0
629501,,,,
629502,45000.0,0.0,3.0,2.0
629503,16000.0,0.0,3.0,2.0
629601,,,,
629602,,,,
629603,,,,
629701,0.0,0.0,2.0,1.0
629702,4332.0,0.0,2.0,0.0
629703,32000.0,0.0,3.0,2.0
629704,,,,
629901,,,,
629902,,,,
630701,,,,
630702,,,,
630703,,,,
630704,,,,
630801,,,,
630802,,,,
631001,,,,
631002,,,,
631003,,,,
631004,,,,
631005,,,,
631101,15000.0,0.0,2.0,0.0
631102,40000.0,0.0,3.0,2.0
631201,65000.0,0.0,7.0,3.0
631202,51000.0,0.0,6.0,2.0
631203,30000.0,0.0,6.0,2.0
631301,,,,
631302,38000.0,0.0,6.0,2.0
631501,,,,
631502,0.0,0.0,6.0,1.0
631503,,,,
631801,,,,
631802,,,,
632001,,,,
632101,44000.0,0.0,8.0,4.0
632201,2000.0,0.0,6.0,2.0
632202,,,,
632203,38000.0,0.0,6.0,2.0
632204,3000.0,0.0,6.0,2.0
632205,21000.0,0.0,3.0,2.0
632206,0.0,0.0,3.0,2.0
632401,,,,
632701,55000.0,0.0,10.0,6.0
632702,47000.0,0.0,4.0,2.0
632703,40000.0,0.0,6.0,2.0
632704,13000.0,0.0,6.0,2.0
632705,,,,
632706,,,,
633101,,,,
633201,,,,
633202,,,,
633301,,,,
633302,,,,
633401,60000.0,0.0,4.0,2.0
633402,25000.0,0.0,8.0,5.0
633501,,,,
633502,41000.0,0.0,6.0,1.0
633503,,,,
633601,,,,
633602,16600.0,0.0,6.0,2.0
633603,70000.0,0.0,6.0,2.0
633701,,,,
633702,21000.0,0.0,6.0,2.0
633801,,,,
633802,,,,
633803,57000.0,0.0,8.0,5.0
633804,20000.0,0.0,6.0,2.0
633901,,,,
633902,98000.0,0.0,8.0,4.0
633903,65000.0,0.0,6.0,2.0
634201,26000.0,0.0,6.0,2.0
634202,,,,
634203,,0.0,6.0,2.0
634204,,0.0,6.0,2.0
634205,0.0,0.0,3.0,2.0
634401,,0.0,4.0,2.0
634402,,,,
634403,,,,
634501,30000.0,0.0,6.0,2.0
634502,,,,
634503,,,,
634504,,,,
634801,,,,
634802,,,,
634901,,,,
635001,,,,
635002,,,,
635301,,,,
635302,15000.0,0.0,7.0,3.0
635303,23000.0,0.0,6.0,2.0
635601,15000.0,0.0,2.0,0.0
635602,18000.0,0.0,2.0,1.0
635603,0.0,0.0,3.0,2.0
635701,57000.0,0.0,5.0,2.0
635801,,,,
635802,,,,
635803,16300.0,0.0,8.0,5.0
635804,30000.0,0.0,10.0,6.0
636201,,,,
636202,1100.0,0.0,7.0,3.0
636203,,0.0,2.0,0.0
636301,,,,
636302,45000.0,0.0,6.0,2.0
636303,,,,
636401,30000.0,,6.0,2.0
636402,,,,
636403,30000.0,0.0,2.0,1.0
636404,,0.0,3.0,2.0
636501,30000.0,0.0,2.0,1.0
636502,,,,
636503,45000.0,0.0,3.0,2.0
636504,,,,
636505,3000.0,0.0,3.0,2.0
636506,,,,
636601,,0.0,6.0,2.0
636602,,,,
636701,,,,
636801,,,,
636802,,0.0,2.0,1.0
636803,,,,
636901,,,,
636902,,,,
637001,,,,
637002,,,,
637003,800.0,0.0,3.0,2.0
637101,,,,
637102,,,,
637103,22000.0,0.0,2.0,0.0
637104,3000.0,0.0,2.0,0.0
637105,,,,
637106,3500.0,0.0,5.0,2.0
637107,,,,
637108,,,,
637109,20000.0,0.0,2.0,0.0
637110,5000.0,0.0,2.0,1.0
637111,0.0,0.0,6.0,2.0
637201,40000.0,0.0,7.0,3.0
637202,,,,
637203,,,,
637401,28000.0,0.0,3.0,2.0
637402,36000.0,0.0,6.0,2.0
637403,2000.0,0.0,3.0,2.0
637501,5000.0,0.0,8.0,4.0
637502,,,,
637503,,,,
637504,,,,
637701,,,,
637901,,,,
637902,17000.0,0.0,3.0,2.0
638001,,,,
638101,,,,
638102,17000.0,0.0,2.0,1.0
638201,,,,
638202,10000.0,0.0,3.0,2.0
638301,0.0,0.0,2.0,1.0
638302,,,,
638303,,,,
638401,0.0,0.0,6.0,2.0
638402,60000.0,0.0,7.0,3.0
638403,,,,
638701,,,,
638702,45000.0,0.0,7.0,3.0
638901,,,,
638902,45000.0,0.0,3.0,2.0
639301,,,,
639302,,,,
639401,,,,
639402,,,,
639403,,,,
639404,,,,
639601,65000.0,0.0,11.0,6.0
639602,45000.0,0.0,8.0,5.0
639701,20000.0,0.0,6.0,2.0
639901,,,,
639902,0.0,0.0,3.0,2.0
639903,,,,
639904,,,,
640001,,,,
640002,,,,
640003,0.0,0.0,2.0,1.0
640401,32000.0,0.0,6.0,2.0
640402,,,,
640501,,,,
640502,0.0,0.0,6.0,2.0
640701,,,,
640702,20000.0,0.0,6.0,2.0
640703,,0.0,6.0,2.0
640801,0.0,0.0,3.0,2.0
640802,,,,
640901,,,,
640902,,,,
640903,,,,
641001,,,,
641002,,,,
641201,0.0,0.0,6.0,2.0
641301,,,,
641401,32000.0,0.0,7.0,3.0
641402,,,,
641403,,0.0,3.0,2.0
641601,16797.0,0.0,7.0,3.0
641602,,,,
641603,,,,
641701,,0.0,8.0,5.0
641702,11000.0,0.0,6.0,2.0
642401,,,,
642601,3000.0,0.0,2.0,0.0
642602,,,,
642701,,,,
642702,,,,
642801,18000.0,0.0,3.0,2.0
642802,,0.0,1.0,0.0
642901,20000.0,0.0,7.0,3.0
642902,,,,
642903,,,,
642904,65000.0,0.0,9.0,4.0
643401,38000.0,0.0,4.0,1.0
643402,,,,
643403,,,,
643404,,0.0,4.0,2.0
643701,,,,
644201,,,,
644202,,,,
644203,,,,
644401,,,,
644402,,,,
644501,,,,
644502,,,,
644503,0.0,1.0,2.0,1.0
644504,,,,
644505,,0.0,3.0,2.0
644801,,,,
644802,5000.0,0.0,7.0,3.0
644803,32000.0,0.0,7.0,3.0
644804,,,,
644805,22000.0,0.0,2.0,1.0
644806,,,,
644807,7890.0,0.0,7.0,3.0
644901,,,,
645001,,,,
645002,0.0,0.0,5.0,2.0
645501,,,,
645502,,0.0,6.0,2.0
645503,,,,
645701,,0.0,3.0,2.0
645702,,,,
646101,3000.0,0.0,2.0,1.0
646102,0.0,0.0,2.0,0.0
647001,,,,
647002,,0.0,6.0,2.0
647003,,0.0,1.0,0.0
647201,,,,
647202,,,,
647203,,0.0,3.0,2.0
647204,,,,
647205,28000.0,0.0,3.0,2.0
648101,,,,
648102,,,,
648201,22000.0,0.0,3.0,2.0
648202,,,,
648203,,,,
648204,,,,
648205,13000.0,0.0,7.0,3.0
648301,,,,
648501,,,,
648601,,,,
648602,,,,
648701,,,,
648702,,,,
648703,,,,
648901,,,,
650201,,,,
651201,,,,
651202,,,,
651203,,,,
651301,80000.0,0.0,12.0,7.0
651302,,,,
651501,38000.0,0.0,3.0,2.0
651502,2500.0,0.0,6.0,2.0
651601,50000.0,0.0,4.0,2.0
651602,,,,
651603,25000.0,0.0,3.0,2.0
651604,,,,
651605,,,,
652001,,,,
652002,,,,
652101,,,,
652102,,,,
652103,,,,
652201,,,,
652202,,,,
652203,,,,
652301,,,,
652302,,,,
652303,,,,
652304,,,,
652305,,,,
652306,,,,
652307,,,,
652401,,,,
652402,,,,
652501,,,,
652502,,,,
652503,,,,
652504,,,,
652601,,,,
652602,,,,
652603,,,,
653201,,,,
653202,,,,
653203,,,,
653401,,,,
653601,,,,
653602,,,,
653801,,,,
653802,,,,
653803,,,,
653901,,,,
654001,,,,
654101,,,,
654301,,,,
654801,,,,
654901,,,,
655201,,,,
655401,,,,
655501,28000.0,0.0,6.0,2.0
655601,,,,
655602,,,,
655603,,,,
656301,,,,
656302,,,,
656701,,,,
656801,,,,
656802,,,,
657201,,,,
657202,,,,
657501,,,,
657801,,,,
657802,,,,
657901,,,,
657902,,,,
657903,,,,
657904,,,,
658601,,,,
658602,,,,
658701,,,,
658702,48000.0,0.0,3.0,2.0
658703,22000.0,0.0,7.0,3.0
658704,,,,
659001,,,,
659002,,,,
659101,,,,
659102,,,,
659103,,,,
659104,,,,
659201,,,,
659202,,,,
659203,,,,
660201,,,,
660202,8000.0,0.0,6.0,2.0
660203,,0.0,7.0,3.0
660401,42000.0,0.0,4.0,2.0
660402,68000.0,0.0,6.0,2.0
660403,800.0,0.0,3.0,2.0
660404,0.0,0.0,2.0,0.0
660501,,,,
660502,30000.0,0.0,7.0,3.0
660601,,,,
660602,,,,
660603,,,,
660604,44000.0,0.0,6.0,2.0
660901,,,,
660902,,,,
661001,,,,
661002,,,,
661003,,,,
661004,,,,
661101,,,,
661201,,,,
661202,,,,
661301,,,,
661302,,,,
661401,,,,
661402,,,,
661403,,,,
661501,,,,
661502,,,,
661801,,,,
661802,,,,
661803,,,,
661804,,,,
661805,,,,
661806,,,,
661807,,,,
662201,,,,
662202,,,,
662203,,,,
662701,,,,
662801,,,,
662802,,,,
662901,,,,
662902,,,,
662903,,,,
662904,,,,
663001,,,,
663002,,,,
663701,,,,
663702,,,,
663801,,,,
663802,,,,
663901,,,,
663902,,,,
663903,,,,
664101,,,,
664102,,,,
664201,,,,
664202,,,,
664203,55000.0,0.0,6.0,2.0
664301,,,,
664302,,,,
664303,,,,
664401,,,,
664402,,,,
664501,,,,
664502,,,,
664601,19000.0,0.0,3.0,2.0
664602,,0.0,3.0,2.0
664701,32000.0,0.0,7.0,3.0
664702,10000.0,0.0,7.0,3.0
665101,,,,
665102,,0.0,3.0,2.0
665201,,,,
665401,29000.0,0.0,3.0,2.0
665402,16600.0,0.0,5.0,2.0
665403,14000.0,0.0,3.0,2.0
665801,,,,
665802,,,,
665803,3200.0,0.0,7.0,3.0
665901,30000.0,0.0,3.0,2.0
665902,,,,
666201,30000.0,0.0,3.0,2.0
666202,20000.0,0.0,6.0,2.0
666203,,1.0,3.0,2.0
666401,,,,
666501,,,,
666502,,,,
666601,74000.0,0.0,6.0,2.0
666701,,,,
666702,,,,
666801,50000.0,0.0,9.0,4.0
666802,,,,
666901,,,,
666902,,,,
666903,,,,
667101,,,,
667102,,,,
667103,,,,
667104,,0.0,6.0,2.0
667105,25000.0,0.0,5.0,2.0
667106,,,,
667201,,,,
667202,,,,
667203,,,,
667401,,,,
667402,15000.0,0.0,8.0,4.0
667403,10000.0,0.0,8.0,5.0
667501,0.0,0.0,12.0,7.0
667502,,,,
667503,,,,
667601,60000.0,0.0,3.0,2.0
667602,,,,
667603,,,,
668401,,,,
668402,,,,
668403,,,,
668501,,,,
669201,,,,
669202,,,,
669301,204398.0,0.0,10.0,6.0
669302,10000.0,0.0,8.0,4.0
669401,0.0,0.0,6.0,2.0
669501,,,,
669502,,,,
669901,,,,
669902,,,,
670301,,0.0,10.0,6.0
670302,40000.0,0.0,8.0,4.0
670303,,,,
670401,,,,
670402,,,,
670403,,,,
670701,22000.0,0.0,7.0,3.0
670702,30000.0,0.0,8.0,5.0
670703,50000.0,0.0,8.0,4.0
670801,70000.0,0.0,3.0,2.0
670901,,,,
670902,,,,
670903,10000.0,0.0,3.0,2.0
671101,65000.0,0.0,3.0,2.0
671102,,,,
671201,,,,
671202,88000.0,0.0,8.0,5.0
671401,,,,
671801,,0.0,2.0,0.0
672001,0.0,0.0,2.0,1.0
672201,,,,
672501,65500.0,0.0,6.0,2.0
672502,,,,
673001,,,,
673101,,,,
673401,,,,
673402,56000.0,0.0,7.0,3.0
673801,54000.0,0.0,8.0,4.0
673802,10000.0,0.0,3.0,2.0
674001,0.0,0.0,2.0,1.0
674101,,,,
674201,,,,
674202,0.0,0.0,2.0,0.0
674203,,,,
674401,,,,
674402,,,,
674501,,,,
674502,,,,
674701,,,,
674702,,,,
674901,100000.0,0.0,8.0,5.0
674902,,,,
674903,,,,
674904,,,,
675201,,,,
675202,40000.0,0.0,7.0,3.0
675203,,,,
675204,0.0,0.0,3.0,2.0
675205,,,,
675301,,,,
675302,50000.0,0.0,8.0,4.0
675501,95000.0,0.0,6.0,2.0
675502,,,,
675601,,,,
675602,,,,
675701,,,,
675801,92000.0,0.0,8.0,4.0
675802,,,,
676101,0.0,0.0,2.0,0.0
676301,,,,
676501,24000.0,0.0,3.0,2.0
676502,,,,
676701,,,,
676702,,,,
677201,0.0,0.0,2.0,1.0
677202,,,,
677301,3000.0,0.0,1.0,0.0
677302,,0.0,2.0,0.0
677303,,,,
677401,,,,
677402,,,,
677403,,0.0,7.0,3.0
677404,,,,
677405,,,,
677701,,,,
677702,,,,
677703,,,,
678001,,,,
678002,0.0,0.0,2.0,0.0
678301,60000.0,0.0,7.0,3.0
678302,,,,
678701,69000.0,0.0,2.0,1.0
678702,,,,
678703,32000.0,0.0,6.0,1.0
678704,42000.0,0.0,8.0,4.0
678801,,,,
678802,,,,
678803,10000.0,0.0,3.0,2.0
678804,13500.0,1.0,6.0,2.0
679701,,,,
680701,,,,
680702,,,,
680703,,,,
681001,,,,
681401,,,,
681601,,,,
681602,70000.0,0.0,10.0,6.0
681701,55000.0,0.0,8.0,5.0
681702,51000.0,0.0,8.0,4.0
682501,,,,
682502,,,,
682601,204398.0,0.0,8.0,4.0
682602,0.0,0.0,6.0,2.0
682801,,,,
682802,0.0,0.0,3.0,2.0
682803,,,,
682901,,0.0,8.0,5.0
682902,110000.0,0.0,10.0,6.0
682903,7500.0,0.0,8.0,4.0
683201,,,,
683202,,,,
683501,30000.0,0.0,8.0,5.0
683901,,,,
683902,51000.0,0.0,8.0,5.0
683903,0.0,0.0,6.0,2.0
684201,,,,
684202,25000.0,0.0,8.0,4.0
684203,60000.0,0.0,8.0,5.0
684501,,,,
684502,,,,
684503,25000.0,0.0,5.0,2.0
684701,,,,
684702,,,,
684703,,,,
684704,,,,
684705,39000.0,0.0,2.0,0.0
685201,8000.0,0.0,6.0,2.0
685202,,,,
685401,204398.0,0.0,10.0,6.0
685402,73000.0,0.0,10.0,6.0
685601,,,,
685602,,,,
685603,,,,
685801,12000.0,0.0,2.0,1.0
685802,37000.0,0.0,7.0,3.0
685803,,,,
685804,,,,
685805,13000.0,0.0,2.0,0.0
685806,,,,
686201,,0.0,5.0,2.0
686202,,,,
686203,32000.0,0.0,3.0,2.0
686204,15000.0,0.0,3.0,2.0
686601,58000.0,0.0,6.0,2.0
687001,,,,
687002,,,,
687501,,,,
687601,26000.0,0.0,3.0,2.0
687602,,,,
687701,,,,
687702,,,,
688001,25000.0,0.0,7.0,3.0
688002,3000.0,0.0,6.0,2.0
688101,,,,
688102,50000.0,0.0,6.0,2.0
688103,0.0,0.0,6.0,2.0
688501,,,,
688502,10000.0,0.0,6.0,2.0
688701,200.0,0.0,7.0,3.0
689001,,,,
689002,,,,
689101,104000.0,0.0,8.0,5.0
689102,40000.0,0.0,7.0,3.0
690101,54000.0,0.0,3.0,2.0
690501,0.0,0.0,6.0,2.0
691301,33000.0,0.0,7.0,3.0
691302,,0.0,8.0,4.0
691303,0.0,0.0,3.0,2.0
691501,,,,
691601,,,,
691602,,,,
691603,,,,
691604,,,,
691701,,,,
691702,,,,
691901,,,,
691902,,,,
692001,,,,
692002,,,,
692003,,,,
692004,,,,
693001,,,,
693002,,,,
693003,70000.0,0.0,3.0,2.0
693101,,,,
693301,,,,
693701,,,,
693702,,,,
693901,50000.0,0.0,10.0,6.0
693902,20000.0,0.0,7.0,3.0
694001,110000.0,0.0,8.0,5.0
694002,,,,
694301,,,,
694302,,,,
694501,,,,
694502,,,,
694801,,,,
694802,,,,
695001,,,,
695002,42000.0,0.0,8.0,4.0
695003,0.0,0.0,6.0,2.0
695101,,,,
695102,,,,
695201,20000.0,0.0,2.0,1.0
695202,,,,
695301,,,,
695302,,,,
695303,14000.0,0.0,2.0,1.0
695304,18000.0,0.0,3.0,2.0
695601,,,,
695602,,,,
695603,,,,
695701,,,,
695702,29000.0,0.0,3.0,2.0
696201,,,,
696202,,,,
696203,,,,
696301,,,,
696302,,,,
696303,,,,
696501,,,,
696502,,,,
696503,,,,
696601,,0.0,2.0,1.0
696602,,,,
696603,0.0,0.0,2.0,0.0
696701,24000.0,0.0,2.0,1.0
696702,220.0,,2.0,1.0
696703,25000.0,0.0,8.0,5.0
696704,,,,
696705,17000.0,0.0,2.0,0.0
696706,24000.0,0.0,3.0,2.0
696801,26000.0,0.0,5.0,2.0
697001,8000.0,0.0,3.0,2.0
697002,,,,
697101,,,,
697102,35000.0,0.0,8.0,5.0
697103,20000.0,0.0,6.0,2.0
698301,,,,
698302,,,,
698901,45000.0,0.0,8.0,5.0
698902,,,,
699201,,,,
699202,,,,
699203,,,,
699401,,,,
699501,,,,
699502,0.0,0.0,2.0,1.0
699503,,,,
699504,,,,
700001,,,,
700002,,,,
700003,,,,
700004,,,,
700201,,,,
700202,32000.0,0.0,8.0,4.0
700203,,,,
700601,,,,
700602,,,,
700603,,,,
701201,,,,
701501,,,,
701502,,,,
701503,,,,
701504,,,,
701601,,,,
701901,,,,
701902,,,,
702001,,,,
702101,,,,
702201,,,,
702202,,,,
702203,,,,
702801,,,,
702802,,,,
703001,,,,
703101,,,,
703102,,,,
703201,,,,
703401,,,,
703402,,,,
703403,,,,
703801,,,,
703802,,,,
703901,,,,
703902,,,,
703903,,,,
704201,,,,
704501,,,,
704502,,,,
704503,,,,
704601,,,,
704602,,,,
704603,,,,
704801,200.0,0.0,2.0,0.0
704901,,,,
704902,65000.0,0.0,6.0,2.0
704903,7000.0,0.0,6.0,2.0
704904,1400.0,0.0,2.0,0.0
705101,,,,
705201,,,,
705301,,,,
705302,,,,
705303,,,,
705304,,,,
705305,,,,
705401,,,,
705501,,,,
705801,,,,
706401,,,,
706402,0.0,0.0,2.0,0.0
706501,,,,
706502,,,,
706503,43000.0,0.0,2.0,0.0
706601,,,,
706602,,,,
706603,40000.0,0.0,6.0,2.0
706604,,,,
706605,34000.0,0.0,5.0,2.0
707301,,,,
707302,,,,
707303,30000.0,1.0,5.0,1.0
707401,83000.0,0.0,8.0,4.0
707402,,,,
707501,85000.0,0.0,12.0,7.0
707502,,,,
707701,35000.0,0.0,6.0,1.0
707702,,,,
707703,,,,
708101,42000.0,0.0,3.0,2.0
708102,20000.0,0.0,3.0,2.0
708401,,,,
708402,64000.0,0.0,10.0,6.0
708403,,,,
708501,,,,
708502,,,,
708503,0.0,0.0,3.0,2.0
708601,35000.0,0.0,8.0,4.0
708602,46000.0,0.0,8.0,5.0
708603,16000.0,0.0,8.0,4.0
708801,,,,
708802,,,,
708803,,,,
708804,,,,
708901,,,,
708902,,,,
708903,,,,
708904,,0.0,8.0,4.0
708905,0.0,1.0,3.0,2.0
709201,60000.0,0.0,10.0,6.0
709401,0.0,0.0,2.0,1.0
709402,0.0,0.0,6.0,2.0
709403,0.0,0.0,4.0,1.0
709701,28000.0,0.0,8.0,5.0
709801,,,,
709802,,,,
710201,38000.0,0.0,6.0,2.0
710202,86000.0,0.0,14.0,8.0
710501,,,,
710502,47000.0,0.0,6.0,2.0
710601,,0.0,8.0,5.0
711101,,,,
711102,,,,
711501,19000.0,1.0,6.0,2.0
711502,,,,
711601,,,,
711602,,,,
711603,,,,
711801,,,,
712001,50000.0,0.0,8.0,5.0
712301,32000.0,0.0,3.0,2.0
712302,,,,
712303,35000.0,0.0,3.0,2.0
712401,,,,
712402,,,,
712601,,,,
712602,,,,
712603,,,,
712701,,,,
712702,12000.0,0.0,2.0,1.0
712703,,,,
712704,,,,
712801,40000.0,0.0,3.0,2.0
712802,,,,
713001,,,,
713002,100000.0,0.0,10.0,6.0
713701,15000.0,0.0,3.0,2.0
713702,1500.0,0.0,2.0,1.0
713801,,,,
713802,,,,
713803,,,,
713901,,,,
713902,,,,
713903,0.0,0.0,2.0,0.0
714401,,,,
714402,73000.0,0.0,3.0,2.0
714601,30000.0,0.0,6.0,2.0
714602,43000.0,0.0,8.0,4.0
714701,,,,
714801,,,,
714802,45000.0,0.0,8.0,4.0
715201,24000.0,0.0,5.0,2.0
715202,45000.0,0.0,3.0,2.0
715203,38000.0,0.0,7.0,3.0
715204,42000.0,0.0,6.0,2.0
715301,2500.0,0.0,5.0,2.0
715302,,,,
715601,,,,
715602,,,,
715603,40000.0,0.0,6.0,2.0
715701,,,,
715702,,,,
715801,35000.0,0.0,7.0,3.0
715802,,,,
715803,,,,
715804,,,,
715805,,0.0,4.0,2.0
716001,,,,
716301,50000.0,0.0,10.0,6.0
716302,,,,
716303,,,,
716304,60000.0,0.0,8.0,5.0
716601,39000.0,0.0,8.0,5.0
716602,7298.0,0.0,8.0,4.0
716701,,,,
716702,,,,
716901,,,,
716902,,,,
716903,,,,
716904,,,,
717001,,,,
717002,20000.0,0.0,2.0,0.0
717003,,,,
717101,0.0,0.0,2.0,0.0
717102,0.0,0.0,2.0,0.0
717401,,,,
717402,,,,
717501,0.0,0.0,8.0,4.0
717901,60000.0,0.0,3.0,2.0
717902,45000.0,0.0,6.0,2.0
717903,,,,
718001,29000.0,0.0,4.0,2.0
718002,,,,
718101,,,,
718301,,,,
718302,39283.0,0.0,8.0,4.0
718303,,,,
718401,,,,
718402,,0.0,5.0,2.0
718403,,,,
718404,,,,
718601,0.0,0.0,3.0,2.0
718602,59803.0,0.0,6.0,2.0
718901,,,,
718902,,,,
718903,0.0,1.0,1.0,0.0
719201,,,,
719401,,,,
719402,57000.0,0.0,10.0,6.0
719701,26000.0,0.0,6.0,2.0
719702,,,,
719801,,,,
719802,,,,
719803,,,,
719901,,,,
720201,,,,
720701,,,,
720702,,,,
720703,,,,
720704,,,,
720901,0.0,0.0,6.0,2.0
720902,,,,
721101,63000.0,0.0,8.0,4.0
721102,5000.0,0.0,6.0,2.0
721401,204398.0,0.0,8.0,4.0
721402,1500.0,0.0,6.0,2.0
721501,,,,
721502,50000.0,0.0,7.0,3.0
721601,100.0,,2.0,1.0
721701,,,,
721702,,,,
721703,,,,
721704,,0.0,6.0,1.0
721705,,,,
721706,,,,
722001,,,,
722002,,,,
722003,25000.0,0.0,3.0,2.0
722004,,,,
722401,6000.0,0.0,2.0,1.0
722601,,,,
722602,22000.0,0.0,6.0,2.0
722801,18000.0,0.0,2.0,0.0
722802,29000.0,0.0,5.0,2.0
722803,32000.0,0.0,6.0,2.0
723101,,,,
723201,,,,
723202,300.0,0.0,1.0,0.0
723501,,,,
723502,74000.0,0.0,10.0,6.0
723503,43000.0,0.0,6.0,2.0
723601,46000.0,0.0,6.0,2.0
723602,,,,
724101,58000.0,0.0,9.0,5.0
724102,48000.0,0.0,8.0,5.0
724401,12000.0,0.0,7.0,3.0
724402,16000.0,0.0,4.0,2.0
724403,,,,
724501,,,,
724601,0.0,0.0,8.0,4.0
724602,43000.0,0.0,8.0,5.0
724603,,,,
724701,,,,
724901,,,,
724902,,,,
724903,,,,
724904,15000.0,0.0,6.0,2.0
725201,72000.0,0.0,7.0,3.0
725202,,,,
725301,,,,
725302,,,,
725303,,,,
725501,,,,
725601,,,,
725602,17000.0,0.0,6.0,1.0
725603,,,,
725604,,,,
725801,,,,
725802,0.0,0.0,5.0,1.0
725901,,,,
725902,0.0,0.0,3.0,2.0
725903,,,,
725904,25000.0,0.0,3.0,2.0
725905,42000.0,0.0,3.0,2.0
726301,,,,
726302,,,,
726303,,,,
726304,,,,
726305,,,,
726306,,,,
726307,,,,
726308,,,,
726309,,,,
726310,,,,
726311,,0.0,2.0,0.0
726401,,,,
727501,,,,
727502,32000.0,0.0,6.0,2.0
727503,,,,
727601,,,,
727602,,,,
727801,45000.0,0.0,5.0,2.0
727802,50000.0,0.0,3.0,2.0
727803,0.0,0.0,3.0,2.0
727804,9800.0,0.0,2.0,0.0
728201,,,,
728301,,,,
728401,,,,
728501,,,,
728502,0.0,0.0,3.0,2.0
728503,16000.0,0.0,6.0,2.0
728504,0.0,,2.0,0.0
728601,45000.0,0.0,8.0,5.0
728602,0.0,0.0,8.0,5.0
729101,,,,
729501,,,,
729502,60000.0,0.0,7.0,3.0
730001,38500.0,0.0,3.0,2.0
730201,,,,
730202,,,,
730203,,,,
730301,,,,
730401,,,,
730402,30000.0,0.0,3.0,2.0
730501,0.0,0.0,4.0,2.0
730502,18300.0,0.0,5.0,2.0
730801,,,,
730802,,,,
731001,,,,
731002,,,,
731003,,,,
731004,,,,
731401,85000.0,0.0,8.0,5.0
731402,,,,
731403,,,,
731601,40000.0,0.0,5.0,1.0
731602,50000.0,0.0,10.0,6.0
731603,83000.0,0.0,8.0,5.0
731701,24000.0,0.0,3.0,2.0
731702,,,,
732201,,,,
732202,204398.0,0.0,6.0,2.0
732203,,0.0,3.0,2.0
732301,5000.0,0.0,2.0,1.0
732302,5000.0,0.0,2.0,1.0
732401,,,,
732402,,,,
732403,,,,
732404,,,,
732405,,,,
732406,,,,
732501,100000.0,0.0,6.0,2.0
732502,,,,
732503,,,,
732504,1680.0,0.0,6.0,2.0
732505,,,,
732701,,,,
733101,,,,
733102,,,,
733103,,,,
733901,,,,
733902,,,,
734101,,,,
734401,,,,
734402,,,,
734501,,,,
734502,,,,
734503,,,,
734801,,,,
735001,,,,
735002,,,,
735003,,,,
735201,,,,
735501,,,,
735502,,,,
735801,,,,
735802,,,,
735803,,,,
735901,,,,
735902,,,,
735903,,,,
736701,,,,
736702,,,,
736703,,,,
736704,,,,
736801,4000.0,0.0,6.0,2.0
737501,,,,
737502,,,,
737601,,,,
737602,,,,
737701,,0.0,3.0,2.0
737702,33000.0,0.0,2.0,1.0
737801,,0.0,6.0,2.0
737802,1500.0,0.0,3.0,2.0
738201,,,,
738301,,,,
738302,,,,
738801,,,,
738802,,,,
738901,,,,
738902,,,,
738903,0.0,0.0,8.0,5.0
739001,1000.0,0.0,2.0,1.0
739002,,,,
739003,44000.0,0.0,2.0,1.0
739101,49000.0,0.0,6.0,2.0
739102,,,,
739201,,,,
739301,30000.0,0.0,3.0,2.0
739302,21000.0,0.0,3.0,2.0
739401,26580.0,0.0,8.0,5.0
739601,35000.0,0.0,10.0,6.0
739602,2000.0,0.0,6.0,2.0
739603,0.0,0.0,3.0,2.0
740301,,,,
740801,,,,
740802,,,,
740901,,,,
740902,,,,
741401,,,,
741402,,,,
741501,,,,
741502,,,,
741801,9000.0,0.0,7.0,3.0
741802,50000.0,0.0,6.0,2.0
741803,,,,
742001,,,,
742002,,,,
742101,,,,
742201,,,,
742301,,,,
742302,,,,
742601,,,,
742602,41000.0,0.0,8.0,5.0
742801,,,,
743001,,,,
743002,,,,
743201,,,,
743301,18000.0,0.0,2.0,0.0
743302,,,,
743303,20000.0,0.0,2.0,0.0
743304,,,,
743501,30000.0,0.0,8.0,5.0
743502,0.0,0.0,6.0,2.0
743601,,,,
743602,,,,
743701,,,,
743702,18000.0,0.0,3.0,2.0
743801,0.0,0.0,3.0,2.0
743802,69000.0,0.0,3.0,2.0
743803,,,,
743901,,,,
743902,30000.0,0.0,8.0,4.0
744101,6000.0,0.0,2.0,0.0
744102,0.0,0.0,2.0,0.0
744103,,,,
744201,,,,
744202,124000.0,0.0,6.0,2.0
744301,,,,
744302,0.0,0.0,6.0,2.0
744303,20000.0,0.0,3.0,2.0
744501,,,,
744502,,0.0,3.0,2.0
744601,0.0,0.0,3.0,2.0
744602,,,,
744701,,,,
744702,,,,
744703,,,,
744704,,,,
744801,20000.0,0.0,3.0,2.0
744802,,,,
744803,,,,
744804,1500.0,0.0,2.0,1.0
744805,4000.0,0.0,2.0,0.0
744901,,0.0,2.0,1.0
744902,25000.0,0.0,7.0,3.0
744903,3000.0,0.0,8.0,4.0
745001,,,,
745002,,,,
745101,,,,
745102,70000.0,0.0,7.0,3.0
745103,36000.0,0.0,8.0,5.0
745104,,,,
745201,,,,
745301,,,,
745302,,,,
745303,,,,
745501,,,,
745502,,,,
745503,,,,
745504,,,,
745505,,,,
745506,,0.0,7.0,3.0
745507,,0.0,6.0,1.0
745801,,,,
745901,40000.0,0.0,7.0,3.0
745902,0.0,0.0,2.0,0.0
745903,,,,
745904,11000.0,0.0,3.0,2.0
746001,,,,
746002,,,,
746003,,,,
746004,,,,
746201,,,,
746202,46000.0,0.0,7.0,3.0
746203,,,,
746401,,,,
746402,43000.0,0.0,7.0,3.0
746403,,,,
746404,,0.0,7.0,3.0
746801,,,,
746802,,,,
746803,,,,
747001,,,,
747002,,,,
747003,56820.0,0.0,6.0,2.0
747004,40000.0,0.0,5.0,2.0
747501,50000.0,0.0,8.0,5.0
747502,34000.0,0.0,8.0,4.0
747701,55000.0,0.0,8.0,5.0
747702,,0.0,8.0,5.0
747901,45000.0,0.0,7.0,3.0
747902,,,,
748001,,,,
748002,70000.0,0.0,5.0,2.0
748003,,,,
748101,,,,
748102,,,,
748501,0.0,,12.0,7.0
748502,,,,
749001,,,,
749201,,,,
749301,0.0,1.0,2.0,1.0
749302,,,,
749303,,,,
749401,,,,
749402,50000.0,0.0,6.0,1.0
749403,,,,
749601,24000.0,0.0,7.0,3.0
749602,0.0,0.0,8.0,4.0
749603,,,,
749701,,,,
749702,18000.0,0.0,6.0,2.0
749801,25000.0,0.0,6.0,2.0
749802,,,,
749803,,0.0,8.0,5.0
750001,,,,
750002,,,,
750101,,,,
750102,,,,
750103,,,,
750104,36000.0,0.0,6.0,2.0
750105,,,,
750301,,,,
750302,,,,
750303,16800.0,0.0,6.0,2.0
750304,33000.0,0.0,6.0,2.0
750305,,,1.0,0.0
750401,35000.0,0.0,2.0,1.0
750402,,,,
750403,16900.0,0.0,2.0,1.0
750404,600.0,0.0,3.0,2.0
750405,15000.0,0.0,3.0,2.0
750601,,0.0,8.0,5.0
750801,25000.0,0.0,7.0,3.0
750802,,,,
751001,0.0,0.0,2.0,1.0
751301,,,,
751302,116000.0,0.0,8.0,4.0
751401,,,,
751402,,,,
751801,,,,
751802,,,,
752001,,,,
752002,,,,
752003,,,,
752401,26000.0,0.0,6.0,2.0
752402,2000.0,0.0,2.0,0.0
752403,,,,
752404,32000.0,0.0,5.0,2.0
752501,,,,
752502,35000.0,0.0,3.0,2.0
752701,0.0,0.0,6.0,2.0
752702,2000.0,0.0,6.0,2.0
752901,,,,
752902,,,,
752903,,,,
753001,,,,
753101,,,,
753102,,,,
753103,,,,
753104,,,,
753201,,,,
753202,,,,
753701,,,,
753702,,,,
753801,,,,
753802,,,,
754301,,,,
754302,,,,
754801,45000.0,0.0,3.0,2.0
754802,20000.0,0.0,5.0,2.0
754803,,,,
754804,,,,
755101,25000.0,0.0,7.0,3.0
755301,12000.0,0.0,6.0,2.0
756001,0.0,0.0,3.0,2.0
756501,,,,
757101,,,,
757401,,,,
757402,,,,
757403,,,,
757501,42000.0,0.0,5.0,2.0
757502,500.0,0.0,8.0,5.0
757801,69000.0,0.0,14.0,8.0
757802,60000.0,0.0,8.0,5.0
758001,,,,
758101,40000.0,0.0,8.0,4.0
758301,1000.0,0.0,2.0,1.0
758302,,,,
758303,,,,
758501,,,,
758502,10000.0,0.0,3.0,2.0
758601,,,,
758602,38000.0,0.0,6.0,2.0
758701,,,,
758702,7000.0,0.0,6.0,2.0
759101,,,,
759501,67000.0,0.0,5.0,2.0
759502,,,,
759801,7000.0,0.0,6.0,2.0
759802,,,,
760001,20000.0,0.0,3.0,2.0
760002,18000.0,0.0,6.0,2.0
760101,,0.0,7.0,3.0
760102,90000.0,0.0,9.0,4.0
760103,95000.0,0.0,8.0,5.0
760301,32000.0,0.0,10.0,6.0
760302,0.0,0.0,8.0,4.0
760501,,,,
760502,,,,
760601,,,,
760602,5000.0,0.0,3.0,2.0
760701,,,,
760702,,,,
760901,,,,
760902,,,,
761601,40000.0,0.0,2.0,1.0
761602,,,,
761701,,,,
761702,,,,
761801,,,,
761802,17000.0,0.0,6.0,2.0
761901,,,,
761902,,,,
761903,,,,
762201,27000.0,0.0,6.0,2.0
762202,42000.0,0.0,5.0,2.0
762203,,,,
762501,4000.0,0.0,3.0,2.0
762502,,0.0,4.0,2.0
762503,15000.0,0.0,5.0,2.0
762504,15000.0,0.0,6.0,2.0
762601,21000.0,0.0,2.0,1.0
762602,,,,
763201,,,,
763601,,,,
763602,0.0,0.0,8.0,5.0
763603,,0.0,2.0,1.0
764201,69000.0,0.0,10.0,6.0
764501,,,,
764502,,,,
764503,,,,
764601,,,,
764602,,,,
764603,,,,
764801,,,,
764802,,,,
764803,26000.0,0.0,6.0,2.0
764804,,,,
764901,89000.0,0.0,6.0,2.0
764902,20000.0,0.0,6.0,2.0
765201,,,,
765202,,,,
765501,24000.0,0.0,6.0,2.0
765502,,,,
765503,58700.0,0.0,8.0,4.0
765701,,,,
765702,40000.0,0.0,8.0,4.0
766201,,,,
766202,,,,
766501,204398.0,0.0,3.0,2.0
766502,,,,
766901,65000.0,0.0,6.0,2.0
766902,,,,
767001,40000.0,0.0,7.0,3.0
767002,,,,
767003,58000.0,0.0,6.0,2.0
767101,32000.0,0.0,8.0,5.0
767102,,,,
767201,,,,
767301,,,,
767302,30000.0,0.0,3.0,2.0
767303,,,,
767304,0.0,0.0,5.0,2.0
767801,34000.0,0.0,6.0,2.0
767802,40000.0,0.0,9.0,4.0
767901,120000.0,0.0,8.0,4.0
768101,56000.0,0.0,6.0,2.0
768102,,,,
768103,,,,
768104,,,,
768201,,,,
768301,,,,
768401,34000.0,0.0,6.0,2.0
768402,,0.0,3.0,2.0
768403,10000.0,0.0,8.0,5.0
768501,33000.0,0.0,10.0,6.0
768502,0.0,0.0,6.0,2.0
768503,0.0,0.0,3.0,2.0
768701,80000.0,0.0,8.0,5.0
768702,9000.0,0.0,8.0,4.0
768801,,,,
768802,,,,
768901,52500.0,0.0,10.0,6.0
768902,,,,
769101,65000.0,0.0,9.0,4.0
769201,37000.0,0.0,6.0,2.0
769401,,,,
769402,0.0,0.0,6.0,2.0
769403,,0.0,3.0,2.0
769404,80000.0,0.0,10.0,6.0
769501,18000.0,0.0,6.0,2.0
769502,,,,
769503,0.0,0.0,6.0,2.0
769504,10000.0,0.0,3.0,2.0
770401,43720.0,0.0,5.0,2.0
770801,,,,
771001,,,,
771002,,,,
771301,,,,
771302,1000.0,0.0,2.0,1.0
772201,,,,
773001,,,,
773501,,,,
773601,,,,
773901,,,,
774001,,,,
774002,,,,
774501,,,,
774601,,,,
774602,,,,
774701,,,,
775001,30000.0,0.0,8.0,4.0
775002,28800.0,0.0,3.0,2.0
775003,,,,
775101,,,,
775102,,,,
775401,50000.0,0.0,7.0,3.0
775501,,,,
775502,,,,
776001,37000.0,0.0,8.0,5.0
776101,,,,
776102,,,,
776501,,,,
776502,,,,
777101,,,,
777102,,,,
777201,,,,
777202,,,,
777401,,,,
777501,,,,
777701,,,,
777901,,,,
777902,,,,
777903,,,,
777904,,,,
777905,,,,
778101,,,,
778201,,,,
778202,,,,
778203,,,,
778801,62000.0,0.0,7.0,3.0
778802,45000.0,0.0,8.0,4.0
778901,85000.0,0.0,2.0,1.0
778902,,,,
778903,,,,
778904,,,,
779101,,,,
779102,,,,
779401,,,,
779402,,,,
779501,,,,
779502,0.0,0.0,2.0,1.0
779503,,,,
779504,22000.0,0.0,6.0,2.0
779601,,,,
779602,,,,
779701,33500.0,0.0,4.0,2.0
779702,,,,
779801,39530.0,0.0,6.0,2.0
779802,,,,
780201,33000.0,0.0,3.0,2.0
780202,,,,
780203,17000.0,0.0,5.0,2.0
780401,,,,
780402,,,,
780403,72000.0,0.0,8.0,5.0
780404,,,,
780601,,,,
780602,,,,
780603,,,,
781001,,,,
781002,0.0,,2.0,0.0
781301,,,,
781401,,,,
781402,,,,
781403,0.0,0.0,2.0,1.0
781501,10000.0,0.0,4.0,2.0
781801,,,,
781802,,0.0,2.0,1.0
781803,30000.0,0.0,6.0,2.0
781804,,,,
781805,32000.0,0.0,6.0,1.0
781901,,,,
781902,,,,
782001,,,,
782002,,,,
782101,,,,
782102,,,,
782103,,,,
782201,39000.0,0.0,8.0,5.0
782301,,,,
782302,63000.0,0.0,7.0,3.0
782501,,,,
782502,,,,
782801,68000.0,0.0,8.0,5.0
782802,30000.0,0.0,2.0,1.0
782803,,0.0,2.0,0.0
782804,,0.0,2.0,0.0
782901,0.0,0.0,5.0,1.0
782902,53000.0,0.0,6.0,2.0
783001,0.0,0.0,2.0,0.0
783002,,,,
783101,20000.0,0.0,2.0,1.0
783102,50000.0,0.0,6.0,2.0
783103,52000.0,0.0,5.0,2.0
783104,8000.0,0.0,6.0,2.0
783201,,,,
783202,,,,
783203,,,,
783301,90000.0,0.0,10.0,6.0
783302,,,,
783501,,,,
783502,,,,
783503,20000.0,0.0,5.0,2.0
783504,,0.0,2.0,0.0
783601,,,,
783602,,,,
783801,62000.0,0.0,8.0,4.0
784101,,,,
784201,,,,
784401,,,,
784601,5000.0,0.0,8.0,5.0
784602,,,,
784901,,,,
784902,,,,
785101,3000.0,0.0,2.0,1.0
785601,,,,
785602,,0.0,6.0,2.0
785603,,0.0,3.0,2.0
785604,27000.0,0.0,3.0,2.0
786401,,,,
786402,,,,
786403,100000.0,0.0,5.0,2.0
786404,25000.0,0.0,3.0,2.0
786405,,0.0,1.0,0.0
786501,17142.0,0.0,8.0,5.0
786502,,,,
786503,6000.0,0.0,6.0,2.0
786504,0.0,0.0,1.0,0.0
786901,,,,
786902,,,,
786903,,,,
786904,,,,
786905,,,,
787501,,,,
787801,,,,
787802,,,,
788201,0.0,0.0,2.0,0.0
788202,,,,
788203,,,,
788301,98500.0,0.0,9.0,4.0
788302,,0.0,2.0,0.0
788303,,0.0,6.0,2.0
788501,,,,
788502,,,,
788601,,,,
788602,0.0,0.0,2.0,0.0
788603,,,,
789001,,,,
789101,,,,
789102,1200.0,0.0,2.0,1.0
789201,,,,
789202,,,,
789203,,,,
789301,,,,
789302,,,,
789303,,,,
789401,,,,
789501,,,,
789502,,,,
789503,,,,
789801,,,,
789802,,,,
790001,9000.0,0.0,6.0,2.0
790101,,,,
790102,,,,
790103,,,,
790401,,,,
790402,,,,
790403,,,,
790501,,,,
790502,,,,
791001,30000.0,0.0,6.0,2.0
791101,,,,
791102,,,,
791103,,,,
791201,,,,
791202,,,,
791203,,,,
791401,,,,
791402,,,,
791403,,,,
791404,,,,
791405,,,,
791406,,,,
791407,,,,
791501,,,,
791901,,,,
791902,,,,
792101,,,,
792102,79000.0,0.0,7.0,3.0
792103,,,,
792201,,,,
792401,,,,
792701,,,,
792702,,,,
792703,,,,
792704,,,,
792801,,,,
792802,,,,
792803,17000.0,0.0,6.0,2.0
793001,,,,
793002,,,,
793003,,,,
793101,,,,
793102,18000.0,0.0,7.0,3.0
793103,0.0,0.0,6.0,2.0
793301,,,,
793302,80000.0,0.0,5.0,2.0
793303,,0.0,7.0,3.0
793801,0.0,0.0,3.0,2.0
793802,7000.0,0.0,2.0,1.0
793803,,,,
793804,,,,
793805,,,,
794301,,,,
794501,0.0,0.0,5.0,0.0
794502,,,,
794503,,,,
794901,,,,
794902,60000.0,0.0,2.0,1.0
795001,,,,
795101,12500.0,0.0,7.0,3.0
795201,30000.0,0.0,6.0,1.0
795202,78000.0,0.0,6.0,2.0
795203,0.0,0.0,3.0,2.0
795801,,,,
795802,,,,
795803,,,,
795804,,,,
795901,,0.0,8.0,5.0
795902,32000.0,0.0,7.0,3.0
796701,,,,
796702,21000.0,0.0,5.0,2.0
796703,,,,
796801,,,,
796802,,,,
796803,,,,
796804,78000.0,0.0,7.0,3.0
796805,6000.0,0.0,3.0,2.0
796901,,,,
796902,,,,
797101,,,,
797102,0.0,0.0,6.0,2.0
797103,,,,
797104,,,,
797105,28000.0,0.0,4.0,2.0
797301,20000.0,0.0,6.0,2.0
797302,16000.0,0.0,8.0,5.0
797401,50000.0,0.0,6.0,2.0
797402,,,,
797501,,,,
797502,,,,
797503,,,,
797901,,0.0,7.0,3.0
797902,69350.0,0.0,6.0,2.0
798001,,,,
798002,45000.0,0.0,6.0,2.0
798003,,,,
798101,127000.0,0.0,7.0,3.0
798102,,,,
798301,90000.0,0.0,8.0,5.0
798302,,,,
798501,48000.0,0.0,6.0,2.0
798502,,,,
798503,,,,
798801,,,,
799001,,,,
799002,,,,
799401,,,,
799402,9000.0,0.0,6.0,2.0
799403,,,,
799404,0.0,0.0,2.0,0.0
799405,,,,
799701,40000.0,0.0,6.0,2.0
799702,4000.0,0.0,8.0,5.0
799703,,,,
799801,10000.0,0.0,3.0,2.0
799802,20000.0,0.0,8.0,4.0
799803,20000.0,0.0,6.0,2.0
800001,,,,
800002,204398.0,0.0,8.0,5.0
800003,,,,
800101,,,,
800102,,,,
800103,76000.0,0.0,7.0,3.0
800104,,,,
800105,,,,
800601,,,,
800602,35000.0,0.0,6.0,2.0
800603,,,,
800801,,,,
801501,,,,
801502,,,,
801503,,,,
801601,,,,
801602,,,,
801701,,,,
801702,,,,
801703,,,,
801704,,,,
801801,,,,
801802,,,,
802001,,,,
802002,0.0,0.0,6.0,2.0
802003,,,,
802004,700.0,0.0,6.0,2.0
802301,,,,
802801,,,,
802901,,,,
802902,,,,
802903,,,9.0,5.0
803001,,,,
803002,,,,
803003,,,,
803101,,,,
803102,0.0,0.0,3.0,2.0
803103,,,,
803104,,,,
803105,,,,
803106,,,,
803301,49000.0,0.0,8.0,5.0
803302,50000.0,0.0,8.0,4.0
803303,0.0,0.0,7.0,3.0
803401,,,,
803402,123000.0,0.0,13.0,5.0
803403,5000.0,0.0,3.0,2.0
803404,6300.0,0.0,6.0,2.0
803901,,,,
803902,,,,
803903,6000.0,0.0,3.0,2.0
803904,15000.0,0.0,3.0,2.0
804201,,,,
804401,40000.0,0.0,7.0,3.0
804402,,,,
804403,54000.0,0.0,6.0,2.0
804501,204398.0,0.0,12.0,7.0
804502,,,,
804701,,,,
804702,39500.0,0.0,6.0,2.0
804801,,,,
804802,,,,
804901,35000.0,0.0,8.0,4.0
804902,36000.0,0.0,8.0,4.0
805101,,,,
805102,,,,
805103,,,,
805301,,,,
805302,,,,
805401,,,,
805402,,,,
805701,,,,
805702,,,,
805703,,,,
805704,,,,
805901,55000.0,0.0,5.0,1.0
805902,72000.0,0.0,2.0,0.0
805903,,,,
805904,,,,
805905,,,,
805906,,,,
805907,0.0,0.0,2.0,0.0
805908,,,,
806101,,,,
806102,25000.0,0.0,2.0,1.0
806601,,,,
806602,,,,
806603,,,,
806801,110000.0,0.0,6.0,2.0
806802,,,,
806803,,,,
807201,,,,
807202,,,,
807801,65000.0,0.0,9.0,5.0
807802,10000.0,0.0,8.0,4.0
807901,,,,
807902,,,,
808301,500.0,0.0,3.0,2.0
808302,,,,
808303,12440.0,0.0,7.0,3.0
808304,,,,
808401,,,,
808601,,,,
809101,204398.0,0.0,7.0,3.0
809102,,,,
809103,,,,
809104,60000.0,0.0,2.0,0.0
809105,,,,
809301,12000.0,0.0,6.0,1.0
809302,55000.0,0.0,3.0,2.0
809901,,,,
809902,,,,
810201,,,,
810202,,,,
810301,,,,
810302,,,,
810303,,,,
810501,,,,
810502,,,,
810503,20000.0,0.0,6.0,2.0
810901,,,,
810902,0.0,0.0,1.0,0.0
810903,30000.0,0.0,3.0,2.0
811001,67500.0,0.0,10.0,6.0
811002,9000.0,0.0,7.0,3.0
811101,,0.0,6.0,2.0
811301,0.0,1.0,6.0,2.0
811302,,,,
811303,32000.0,0.0,3.0,2.0
811401,,,,
811402,35000.0,0.0,6.0,2.0
811403,,,,
811404,45000.0,0.0,5.0,2.0
811901,,,,
812001,,,,
812101,60000.0,0.0,8.0,5.0
812301,,,,
812501,,,,
812502,,,,
812503,,,,
812504,,,,
812701,,,,
812702,,,,
812901,,,,
812902,,,,
813301,,,,
813701,,,,
814001,204398.0,0.0,6.0,2.0
814002,,,,
814003,,,,
814004,0.0,0.0,3.0,2.0
814005,36000.0,0.0,7.0,3.0
814101,204398.0,0.0,8.0,5.0
814102,,,,
814301,,,,
814302,,,,
814303,40000.0,0.0,6.0,2.0
814401,,,,
814402,,,,
814403,,,,
814801,,,,
814802,,,,
814901,35000.0,0.0,6.0,2.0
815001,,0.0,6.0,2.0
815101,,,,
815102,6285.0,0.0,8.0,4.0
815201,,,,
815202,70000.0,0.0,8.0,5.0
815301,,,,
815302,25000.0,0.0,3.0,2.0
816001,,,,
816101,,,,
816102,,0.0,3.0,2.0
816901,,,,
816902,,,,
817201,,,,
817202,,,,
817203,,,,
817204,,,,
817401,,,,
817402,,0.0,2.0,0.0
817403,,0.0,2.0,0.0
817404,,,,
817405,55000.0,1.0,3.0,2.0
817406,35000.0,0.0,6.0,2.0
817407,,0.0,6.0,2.0
817501,,,,
817502,25000.0,0.0,2.0,1.0
817601,,,,
817801,,,,
817802,,,,
818001,,,,
818002,,,,
818003,,,,
818004,,,,
818101,,,,
818102,32000.0,0.0,7.0,3.0
818401,,,,
818402,3000.0,0.0,3.0,2.0
818901,,,,
818902,,,,
819301,204398.0,0.0,7.0,3.0
819302,,,,
819303,84000.0,0.0,6.0,2.0
819401,56000.0,0.0,3.0,2.0
819402,,,,
819403,20000.0,0.0,8.0,4.0
819501,,,,
819502,,,,
819503,,,,
819601,,,,
819801,,,,
819802,0.0,0.0,1.0,0.0
819803,,,,
819804,,,,
819805,0.0,0.0,2.0,0.0
820201,32000.0,0.0,5.0,2.0
820202,,,,
820203,,,,
820204,57000.0,0.0,3.0,2.0
820801,,,,
821001,,,,
821002,2000.0,0.0,5.0,2.0
821003,,,,
821004,,,,
821005,3000.0,0.0,3.0,2.0
821201,,0.0,6.0,2.0
821202,,,,
821301,0.0,0.0,7.0,3.0
821302,,,,
821501,,,,
821701,,,,
821702,,,,
822201,,,,
822601,,,,
822602,20000.0,0.0,8.0,4.0
822603,33000.0,0.0,10.0,6.0
822701,1500.0,0.0,6.0,2.0
823501,75000.0,0.0,6.0,2.0
823502,65000.0,0.0,8.0,5.0
823503,8500.0,0.0,6.0,2.0
823504,,,,
823701,70000.0,0.0,10.0,6.0
823702,60000.0,0.0,10.0,6.0
823703,5000.0,0.0,8.0,5.0
824301,114000.0,0.0,12.0,7.0
824302,55000.0,0.0,8.0,4.0
825401,,,,
825701,35000.0,0.0,8.0,5.0
825702,,,,
825703,,,,
825901,,,,
825902,,,,
825903,62000.0,0.0,10.0,6.0
826001,,,,
826002,,,,
826003,36000.0,0.0,2.0,0.0
826004,,,,
826101,,,,
826102,40000.0,0.0,2.0,1.0
826103,,,,
826104,,0.0,6.0,2.0
826105,67000.0,0.0,6.0,2.0
826106,45000.0,0.0,3.0,2.0
826107,1000.0,0.0,3.0,2.0
826201,,,,
826202,,,,
826203,,,,
826401,86000.0,0.0,8.0,5.0
826402,,0.0,6.0,2.0
826403,,,,
826404,,,,
826501,,,,
826502,0.0,0.0,8.0,4.0
826503,0.0,0.0,8.0,4.0
826504,29000.0,0.0,8.0,5.0
826505,90000.0,0.0,10.0,6.0
826901,0.0,0.0,2.0,0.0
826902,,,,
826903,0.0,0.0,2.0,0.0
826904,,0.0,6.0,2.0
826905,0.0,0.0,3.0,2.0
826906,1000.0,0.0,3.0,2.0
827101,25000.0,0.0,12.0,7.0
827301,,,,
827302,,,,
827303,,0.0,8.0,5.0
827304,24000.0,0.0,8.0,5.0
827305,38500.0,0.0,3.0,2.0
827601,30000.0,0.0,2.0,1.0
827602,,,,
827901,,,,
827902,2000.0,0.0,3.0,2.0
828301,,,,
828302,0.0,0.0,5.0,1.0
828303,,,,
828401,,,,
828402,,,,
828403,,,,
828404,,,,
828405,,,,
828406,,,,
828407,,,,
828408,,,,
828601,,,,
828602,36000.0,0.0,3.0,2.0
828603,0.0,0.0,3.0,2.0
828604,,,,
828701,25000.0,0.0,3.0,2.0
828702,,,,
828703,,,,
828901,0.0,1.0,2.0,0.0
828902,2000.0,0.0,3.0,2.0
828903,0.0,0.0,7.0,3.0
828904,30000.0,0.0,3.0,2.0
828905,0.0,0.0,2.0,0.0
828906,0.0,0.0,2.0,0.0
829401,,,,
829402,0.0,0.0,6.0,2.0
829403,,,,
829601,0.0,0.0,6.0,2.0
829602,,,,
829603,60000.0,0.0,5.0,2.0
829604,,,,
829605,,,,
829606,,0.0,2.0,0.0
829801,36000.0,0.0,5.0,2.0
829802,22000.0,0.0,6.0,2.0
829803,,0.0,3.0,2.0
829804,35000.0,0.0,6.0,2.0
830501,40000.0,0.0,7.0,3.0
830502,,,,
830503,,,,
830504,70000.0,0.0,6.0,1.0
830505,,,,
830506,3000.0,0.0,3.0,2.0
830507,,,,
830508,0.0,0.0,6.0,2.0
830509,0.0,0.0,7.0,3.0
830801,,,,
830802,,,,
830803,,,,
830901,0.0,0.0,2.0,1.0
830902,3000.0,0.0,2.0,0.0
830903,,,,
830904,,,,
830905,15000.0,0.0,2.0,0.0
830906,45000.0,0.0,3.0,2.0
830907,18000.0,0.0,3.0,2.0
830908,200.0,0.0,5.0,1.0
831001,,,,
831101,,,,
831102,,,,
831103,,,,
831104,,,,
831201,,,,
831202,,,,
831203,,,,
831301,,,,
831501,,,,
831701,75000.0,0.0,5.0,2.0
831702,,,,
831901,,,,
831902,,,,
832401,,,,
832402,,,,
832403,,,,
832501,,,,
832502,,,,
832503,,,,
832901,,0.0,6.0,2.0
832902,36000.0,0.0,3.0,2.0
832903,10000.0,0.0,3.0,2.0
833001,0.0,1.0,2.0,1.0
833002,41000.0,0.0,6.0,1.0
833201,,,,
833202,,,,
833203,,,,
833401,,,,
833402,35000.0,0.0,6.0,2.0
833501,,,,
833502,,,,
833601,,,,
833602,,,,
833603,,,,
833701,,,,
833702,38000.0,0.0,3.0,2.0
834001,60000.0,0.0,7.0,3.0
834002,,,,
834301,,,,
834302,58000.0,0.0,6.0,2.0
834303,,,,
834304,25000.0,0.0,6.0,2.0
834305,32000.0,0.0,6.0,2.0
834501,25000.0,0.0,8.0,5.0
834502,30000.0,0.0,7.0,3.0
834601,68000.0,0.0,8.0,5.0
834602,,,,
834901,,,,
834902,,,,
834903,40000.0,0.0,6.0,2.0
834904,52000.0,0.0,7.0,3.0
835101,,,,
835102,60000.0,0.0,3.0,2.0
835103,,0.0,5.0,2.0
835201,,,,
835202,30000.0,0.0,7.0,3.0
835203,2000.0,0.0,6.0,2.0
835301,,,,
835302,,,,
835303,28000.0,0.0,3.0,2.0
835304,24000.0,0.0,2.0,1.0
835401,50000.0,0.0,10.0,6.0
835402,60000.0,0.0,3.0,2.0
835701,55000.0,0.0,7.0,3.0
835702,33000.0,0.0,6.0,1.0
835703,,,,
835704,30000.0,0.0,3.0,2.0
835901,,,,
835902,20000.0,0.0,2.0,1.0
835903,,,,
835904,15000.0,0.0,2.0,0.0
835905,8000.0,0.0,2.0,0.0
836201,,,,
836202,,,,
836301,,,,
836302,,,,
836601,,,,
836602,,,,
836701,,,,
837101,,,,
837102,,,,
837301,,,,
837302,,,,
837303,,,,
837401,22000.0,0.0,6.0,1.0
837402,20000.0,0.0,3.0,2.0
837501,,,,
837502,,,,
837503,,,,
837504,9000.0,0.0,3.0,2.0
837601,0.0,0.0,5.0,0.0
837602,0.0,0.0,2.0,0.0
837603,0.0,0.0,3.0,2.0
837604,,,,
837605,32000.0,0.0,3.0,2.0
837701,0.0,0.0,3.0,2.0
837702,,0.0,2.0,0.0
838301,,,,
838302,,,,
838701,,,,
838901,39000.0,0.0,10.0,6.0
838902,,,,
838903,50000.0,0.0,8.0,5.0
839101,,,,
839102,,,,
839103,32000.0,0.0,4.0,2.0
839104,,,,
839301,,,,
839302,1383.0,0.0,6.0,2.0
839303,32000.0,0.0,6.0,2.0
839304,,,,
839501,19000.0,0.0,8.0,4.0
839502,,,,
839503,56000.0,0.0,8.0,5.0
839801,48000.0,0.0,7.0,3.0
840101,,,,
840102,,,,
840401,,,,
840402,,,,
840501,,,,
840502,,,,
840701,,,,
840702,,,,
840703,,,,
840801,,,,
840802,17000.0,0.0,3.0,2.0
840803,38000.0,0.0,4.0,2.0
841301,,,,
841302,25000.0,0.0,6.0,2.0
841601,5000.0,0.0,8.0,5.0
841602,326.0,0.0,7.0,3.0
841701,,0.0,6.0,2.0
841702,46000.0,0.0,6.0,2.0
841703,7000.0,0.0,6.0,2.0
841801,,,,
841802,,,,
841803,,,,
842201,,,,
842202,16000.0,0.0,3.0,2.0
842203,15000.0,0.0,6.0,2.0
842204,34000.0,0.0,6.0,2.0
842205,680.0,0.0,2.0,0.0
842401,,,,
842402,,,,
842501,,,,
842502,,,,
842801,,,,
842901,,,,
842902,,,,
842903,,,,
843001,,,,
843201,50000.0,0.0,7.0,3.0
843202,40000.0,0.0,8.0,5.0
843401,60000.0,0.0,7.0,3.0
843402,0.0,0.0,8.0,5.0
843701,,,,
843702,,,,
844501,,,,
844502,,,,
844503,,,,
844601,,,,
844901,,,,
844902,,,,
844903,,,,
845201,,,,
845202,,,,
845501,,,,
845502,,,,
845701,,,,
846001,,,,
846002,,,,
846003,,,,
846301,30000.0,0.0,12.0,7.0
846701,,,,
847301,,,,
847302,,,,
847501,,,,
847502,0.0,0.0,6.0,2.0
847701,,,,
847702,,,,
847901,,,,
847902,,,,
848001,,0.0,6.0,2.0
848002,70000.0,0.0,6.0,2.0
848003,3000.0,0.0,3.0,2.0
848201,20000.0,0.0,8.0,4.0
848202,0.0,0.0,6.0,2.0
848301,,,,
848302,,,,
848401,,,,
848402,25000.0,0.0,3.0,2.0
848801,204398.0,0.0,14.0,8.0
848802,,,,
848803,65000.0,0.0,6.0,2.0
848804,,,,
849001,,,,
849002,,0.0,8.0,5.0
849101,,,,
849102,,,,
849201,0.0,0.0,7.0,3.0
849202,,,,
849203,,,,
849301,9000.0,0.0,3.0,2.0
849302,,,,
849401,43000.0,0.0,2.0,1.0
849402,29120.0,0.0,8.0,4.0
849403,21000.0,0.0,6.0,2.0
850001,25000.0,0.0,7.0,3.0
850002,29000.0,0.0,3.0,2.0
850201,,,,
850202,3000.0,0.0,3.0,2.0
850203,20000.0,0.0,7.0,3.0
850301,,,,
850302,15000.0,0.0,7.0,3.0
850303,,,,
850501,,,,
850502,40000.0,0.0,3.0,2.0
850503,34000.0,0.0,7.0,3.0
851001,47000.0,0.0,9.0,5.0
851002,,,,
851003,,,,
851004,,,,
851101,75000.0,0.0,8.0,5.0
851102,25000.0,0.0,8.0,5.0
851103,,,,
851104,,0.0,6.0,2.0
851201,0.0,0.0,6.0,2.0
851202,0.0,0.0,2.0,0.0
851301,,,,
851302,,,,
851401,,,,
851402,,,,
851901,,,,
851902,,,,
852201,,,,
852202,,,,
852203,,,,
852801,,,,
852802,,,,
852901,,,,
853001,,,,
853002,,,,
853101,,,,
853102,,,,
853103,,,,
853201,30000.0,0.0,3.0,2.0
853202,,,,
853203,7000.0,1.0,3.0,2.0
853301,,,,
853901,,,,
853902,0.0,0.0,2.0,1.0
853903,36000.0,0.0,7.0,3.0
854001,,,,
854002,32000.0,0.0,5.0,2.0
854003,45000.0,0.0,6.0,2.0
854201,,,,
854202,,,,
854601,,,,
854602,,,,
854901,86000.0,0.0,6.0,2.0
854902,,,,
855301,,,,
855302,,,,
855401,,,,
855701,39000.0,0.0,7.0,3.0
855801,,,,
855802,,,,
856101,,,,
856102,,,,
856103,,,,
856104,,,,
856201,,,,
856601,,,,
856801,,,,
857001,6840.0,0.0,6.0,2.0
857002,,,,
857003,,,,
857101,,,,
857102,,,,
857201,,,,
857202,,,,
857901,,,,
857902,,,,
857903,,,,
857904,,,,
858001,130000.0,0.0,3.0,2.0
858002,,0.0,2.0,1.0
858003,,,,
858301,,,,
858302,,,,
859001,,,,
859002,,,,
859003,,,,
859004,,,,
859005,,,,
859301,,,,
859302,,,,
859303,,,,
859801,,,,
859802,,,,
859803,,,,
859804,,,,
859805,,,,
859806,,,,
860001,15000.0,0.0,3.0,2.0
860002,37000.0,0.0,5.0,2.0
860003,,0.0,6.0,2.0
860101,,,,
860102,,,,
860103,21000.0,0.0,3.0,2.0
861001,,,,
861201,12000.0,0.0,5.0,2.0
861202,,,,
861301,,,,
861302,,,,
861303,,,,
861401,,,,
861402,,,,
861403,,,,
861501,,,,
861502,38000.0,0.0,10.0,6.0
861503,30000.0,0.0,4.0,1.0
861504,3000.0,0.0,4.0,2.0
861801,,,,
861802,,,,
861803,,0.0,7.0,3.0
861804,,,,
861901,,,,
862201,10000.0,0.0,3.0,2.0
862202,2000.0,0.0,7.0,3.0
863101,,,,
863102,,,,
863103,,0.0,3.0,2.0
863401,,,,
863402,60000.0,0.0,8.0,5.0
863403,,,,
863404,0.0,0.0,3.0,2.0
863405,40000.0,0.0,3.0,2.0
863501,,,,
863502,,,,
863601,,,,
863602,30000.0,0.0,6.0,2.0
863701,,,,
863801,20000.0,0.0,6.0,2.0
863802,20000.0,0.0,7.0,3.0
863901,,,,
863902,,0.0,6.0,2.0
863903,32000.0,0.0,6.0,2.0
864101,,,,
864102,,0.0,3.0,2.0
864201,,0.0,2.0,1.0
864202,55000.0,0.0,10.0,6.0
864301,,,,
864302,26000.0,0.0,7.0,3.0
864801,,,,
864802,,,,
864803,,,,
864901,,,,
864902,,,,
865201,35000.0,0.0,3.0,2.0
865202,,,,
865203,59000.0,0.0,6.0,2.0
865801,43000.0,0.0,10.0,6.0
865802,24000.0,0.0,8.0,4.0
866201,,0.0,8.0,5.0
866202,,,,
866203,0.0,0.0,3.0,2.0
866204,,,,
866205,1500.0,0.0,2.0,1.0
866206,15000.0,0.0,2.0,1.0
866401,130000.0,0.0,8.0,5.0
866402,0.0,0.0,8.0,5.0
866403,,,,
866501,20000.0,0.0,6.0,2.0
866502,,0.0,7.0,3.0
866801,,,,
867301,9800.0,0.0,6.0,2.0
867302,42000.0,0.0,7.0,3.0
867303,,,,
867401,,,,
867402,,,,
867403,,,,
867404,,,,
867405,,,,
867501,,,,
867502,0.0,0.0,6.0,2.0
867503,9000.0,0.0,6.0,2.0
867901,100000.0,0.0,8.0,4.0
867902,,,,
867903,21000.0,0.0,13.0,4.0
868001,13000.0,0.0,6.0,2.0
868002,8000.0,0.0,11.0,6.0
868401,33000.0,0.0,3.0,2.0
868501,,,,
868502,,,,
868503,,,,
869001,,,,
869002,8000.0,0.0,2.0,1.0
869003,32000.0,0.0,2.0,1.0
869004,,,,
869201,,,,
869202,,0.0,3.0,2.0
869203,0.0,0.0,3.0,2.0
869204,560.0,0.0,3.0,2.0
869301,,,,
869302,,,,
869401,204398.0,0.0,10.0,6.0
869402,,,,
869501,,,,
869601,24000.0,0.0,3.0,2.0
869602,,,,
869603,78000.0,0.0,8.0,4.0
869604,,,,
869701,,,,
870101,,,,
870102,,,,
870103,,,,
870104,,,,
870501,0.0,1.0,6.0,1.0
870502,,,,
870503,0.0,0.0,2.0,0.0
870601,,,,
870602,,,,
870603,,,,
870604,39760.0,1.0,3.0,2.0
870701,,,,
870702,,,,
870801,,,,
870802,20000.0,0.0,8.0,5.0
870803,12000.0,0.0,8.0,5.0
871401,,,,
871402,,,,
871403,,,,
871501,,,,
871502,,,,
871503,,,,
871601,,,,
871602,,,,
871801,,,,
871802,,,,
872001,,,,
872101,,,,
872801,,,,
872802,,,,
872803,,,,
872901,,,,
872902,,,,
872903,,,,
872904,,,,
873101,,,,
873102,,,,
873301,,,,
873302,,,,
873303,,,,
873304,,,,
873401,,,,
873402,,,,
873601,,,,
873602,,,,
873901,,,,
873902,,,,
874201,,,,
874401,,,,
874402,,,,
874403,,,,
874801,,,,
875001,,,,
875002,,,,
875601,,,,
875602,,,,
875701,,,,
875702,,,,
875703,,,,
875704,,,,
875901,,,,
875902,58000.0,0.0,8.0,5.0
876201,,,,
876202,,,,
876203,,,,
876301,,,,
876302,,,,
876303,,,,
876601,,,,
877001,,,,
877002,,,,
877201,,,,
877202,,,,
877701,,,,
877702,,,,
877901,,,,
877902,,,,
877903,,,,
877904,,,,
878201,,,,
878202,,,,
878301,,,,
878302,,,,
878701,,,,
878702,30000.0,0.0,6.0,2.0
878703,,,,
878801,,,,
878802,,,,
878803,,,,
879401,15000.0,0.0,6.0,2.0
879402,,,,
879403,,,,
879404,12000.0,0.0,6.0,2.0
879501,,,,
879502,,,,
879701,,,,
879801,,,,
879802,,,,
879901,,,,
879902,,,,
880001,,,,
880002,,,,
880101,,,,
880102,,,,
880103,,,,
880201,,,,
880202,,,,
880203,,,,
881501,,,,
881502,,,,
881601,,,,
881602,,,,
881801,,,,
881802,,,,
882101,,,,
882102,,,,
882501,,,,
882502,,,,
882601,,,,
882602,,,,
882801,,,,
882802,,,,
882803,,,,
882804,,,,
883001,,,,
883002,,,,
883003,,,,
883301,,,,
883302,,,,
883901,,,,
884001,50000.0,0.0,8.0,4.0
884002,,,,
884003,0.0,0.0,2.0,1.0
884501,,,,
884502,,,,
884503,,,,
884701,,,,
884702,,,,
884703,,,,
884801,,,,
884802,,,,
884803,,,,
884901,,,,
885301,,,,
885302,5000.0,0.0,8.0,5.0
885401,,,,
885402,,,,
885403,,,,
885801,25000.0,0.0,3.0,2.0
885802,,,,
886101,,,6.0,2.0
886102,95000.0,0.0,8.0,5.0
886401,,,,
886402,204398.0,0.0,14.0,8.0
886701,,,,
886702,,,,
886703,,,,
886901,,,,
886902,,,,
886903,,,,
886904,0.0,0.0,4.0,2.0
887001,,,,
887002,,,,
887003,204398.0,0.0,8.0,4.0
887301,,,,
887801,,,,
887802,,,,
888301,,,,
888302,110000.0,0.0,10.0,6.0
888501,,,,
888502,,,,
888801,,,,
888802,,,,
888901,,,,
888902,,,,
888903,,,,
889001,28000.0,0.0,8.0,4.0
889002,,,,
889501,,,,
889502,,,,
889601,100000.0,0.0,12.0,7.0
889602,,,,
889901,20000.0,0.0,2.0,0.0
890001,65000.0,0.0,10.0,6.0
890002,,,,
890003,48000.0,0.0,6.0,2.0
890004,40000.0,0.0,8.0,5.0
890005,9000.0,0.0,8.0,4.0
890201,,,,
890202,,,,
890203,,,,
890401,50000.0,0.0,8.0,5.0
890402,13500.0,0.0,8.0,4.0
890403,7000.0,0.0,6.0,2.0
890901,,,,
890902,77000.0,0.0,8.0,5.0
891001,,,,
891002,0.0,0.0,6.0,2.0
891003,2000.0,0.0,8.0,5.0
891201,,,,
891202,35000.0,0.0,8.0,4.0
891301,,,,
891601,0.0,0.0,7.0,3.0
891602,55000.0,0.0,8.0,4.0
892001,,,,
892002,50000.0,0.0,2.0,0.0
892003,20000.0,0.0,3.0,2.0
892501,,,,
892502,,,,
892503,,,,
892601,,,,
892602,,,,
892603,,,,
892701,,,,
892702,,,,
893101,0.0,0.0,6.0,2.0
893201,,,,
893202,,,,
893401,,,,
893402,67000.0,0.0,7.0,3.0
893801,,,,
893802,,,,
893803,,,,
893901,,,,
893902,,,,
894001,36000.0,0.0,6.0,2.0
894002,30000.0,0.0,7.0,3.0
894003,6000.0,0.0,6.0,2.0
894201,,,,
894202,,,,
894203,0.0,0.0,6.0,2.0
894204,3000.0,0.0,8.0,4.0
894205,100.0,0.0,6.0,2.0
894206,,,,
894401,,,,
894402,39000.0,0.0,8.0,4.0
894403,0.0,0.0,3.0,2.0
894601,34220.0,0.0,6.0,2.0
894602,,,,
894801,,,,
894802,,,,
894803,0.0,0.0,6.0,2.0
894804,48000.0,0.0,3.0,2.0
894805,19000.0,0.0,6.0,2.0
894901,,,,
894902,,,,
894903,0.0,0.0,7.0,3.0
895101,,,,
895102,,,,
895301,,,,
895302,,,,
895303,,,,
895501,,,,
895502,,,,
895601,25000.0,0.0,6.0,2.0
895602,15000.0,0.0,6.0,1.0
896001,,,,
896002,0.0,0.0,2.0,1.0
896101,,,,
896102,,,,
896201,30000.0,0.0,3.0,2.0
896202,,,,
896203,,,,
896501,,,,
896502,28000.0,0.0,3.0,2.0
896601,,,,
896602,,,,
896701,50000.0,0.0,10.0,6.0
896702,,,,
896703,,0.0,3.0,2.0
896704,,,,
896705,32000.0,0.0,3.0,2.0
896706,,,,
896901,25000.0,0.0,7.0,3.0
896902,,,,
896903,0.0,0.0,3.0,2.0
896904,30000.0,0.0,2.0,0.0
896905,0.0,0.0,2.0,0.0
897001,,,,
897401,,,,
897402,4000.0,0.0,3.0,2.0
897403,11000.0,0.0,3.0,2.0
897404,,,,
897701,,,,
897702,,,,
897703,,,,
897704,,,,
898201,35000.0,0.0,3.0,2.0
898501,30000.0,0.0,5.0,2.0
898502,,,,
899601,,,,
899602,,,,
899603,35000.0,0.0,6.0,2.0
900001,,,,
900002,,,,
900003,,,,
900401,,,,
900402,,,,
901101,,,,
901102,,,,
901103,,,,
901201,37000.0,0.0,3.0,2.0
901801,0.0,0.0,8.0,4.0
901901,45000.0,0.0,8.0,4.0
901902,,,,
901903,65000.0,0.0,6.0,2.0
901904,,,,
902101,,,,
902301,,,,
902302,,0.0,2.0,1.0
902501,,,,
902502,,,,
902503,,,,
902901,38000.0,0.0,8.0,5.0
903301,91000.0,0.0,3.0,2.0
903302,,,,
903501,,,,
903502,,,,
903503,,,,
903701,0.0,0.0,7.0,3.0
903702,,,,
903703,,,,
903801,10500.0,0.0,10.0,6.0
903802,5000.0,0.0,6.0,2.0
904001,,,,
904002,,,,
904003,15000.0,0.0,8.0,5.0
904101,,,,
904102,,,,
904103,,,,
904501,,,,
904502,,,,
904503,49000.0,0.0,7.0,3.0
904601,0.0,0.0,3.0,2.0
904801,0.0,0.0,6.0,2.0
904802,23000.0,0.0,5.0,1.0
904803,,,,
904804,50000.0,0.0,2.0,1.0
904805,,,,
904806,28000.0,0.0,4.0,1.0
905001,,,,
905002,30000.0,0.0,8.0,4.0
905003,,,,
905301,,,,
905701,,,,
905702,42000.0,0.0,6.0,2.0
905703,204398.0,0.0,6.0,2.0
905704,5000.0,0.0,3.0,2.0
906001,0.0,0.0,2.0,1.0
906002,,,,
906003,0.0,0.0,2.0,1.0
906004,,,,
906005,,,,
906301,0.0,0.0,2.0,0.0
906302,,0.0,2.0,1.0
906401,,0.0,7.0,3.0
906402,,,,
906403,,,,
906404,,,,
906501,,,,
906502,38000.0,0.0,11.0,6.0
906701,,,,
906702,90000.0,0.0,10.0,6.0
906703,25000.0,0.0,10.0,6.0
907001,20000.0,0.0,8.0,5.0
907002,,,,
907003,30000.0,0.0,6.0,2.0
907401,,,,
907402,,,,
907403,25000.0,0.0,2.0,1.0
908001,68000.0,0.0,7.0,3.0
908002,,,,
908003,,,,
908101,71000.0,0.0,7.0,3.0
908102,,,,
908103,,,,
908401,,,,
908402,,,,
908601,,,,
908602,,,,
908701,,,,
909201,,,,
909202,120000.0,0.0,8.0,5.0
909501,61000.0,0.0,6.0,2.0
910001,,,,
910002,,,,
910003,40000.0,0.0,7.0,3.0
910101,35000.0,0.0,2.0,1.0
910102,,,,
910103,0.0,0.0,3.0,2.0
910104,500.0,0.0,3.0,2.0
910301,,,,
910302,,,,
910303,,,,
910401,,,,
910402,,,,
910403,,,,
910404,,,,
910601,34560.0,0.0,3.0,2.0
910801,,,,
910802,,,,
910803,0.0,0.0,2.0,0.0
910901,,,,
910902,,,,
910903,,,,
911501,60000.0,0.0,8.0,5.0
911502,,,,
911503,15000.0,0.0,6.0,2.0
911701,,,,
911702,,,,
911801,,,,
911802,,,,
911803,,,,
911901,,,,
912201,,,,
912202,,,,
912401,,,,
912402,,,,
912901,,,,
913301,,,,
913302,,,,
913401,,,,
913402,,,,
913501,,,,
913801,,,,
914101,,,,
914102,,,,
914201,,,,
914202,,,,
914203,,,,
914301,,,,
914302,,,,
914401,5000.0,0.0,6.0,2.0
914402,,,,
914403,25000.0,0.0,5.0,2.0
914501,,,,
914502,,,,
914503,,,,
914504,,,,
914801,,,,
914802,,,,
915701,,,,
915702,15000.0,0.0,2.0,1.0
915703,,,,
915901,,,,
916701,,,,
916801,,,,
917101,,,,
917102,,,,
917103,,,,
917201,,,,
917202,,,,
917301,,,,
917302,,,,
917303,,,,
917401,,,,
917801,,,,
917802,,,,
917901,,,,
917902,,,,
917903,,,,
918001,,,,
918002,,,,
918003,,,,
918004,,,,
918005,,,,
918201,106000.0,0.0,10.0,6.0
918202,,,,
918203,,,,
918301,,,,
918302,,,,
918303,,,,
918501,,,,
919201,,,,
919202,,,,
919301,,,3.0,2.0
919501,67500.0,0.0,11.0,6.0
919901,24000.0,0.0,6.0,2.0
919902,0.0,0.0,6.0,2.0
920101,,,,
920102,,,,
920201,,,,
920501,,,,
920502,,,,
920503,20000.0,0.0,7.0,3.0
920601,90000.0,0.0,6.0,2.0
920602,,,,
920801,,,,
921401,,,,
921402,23000.0,0.0,2.0,1.0
921403,,,,
921404,,0.0,4.0,2.0
921901,,,,
922001,90000.0,0.0,7.0,3.0
922002,60000.0,0.0,7.0,3.0
922101,,,,
922301,,,,
922302,65000.0,0.0,8.0,4.0
922701,,,,
922801,,,,
922802,,,,
922901,35000.0,0.0,5.0,2.0
922902,48000.0,0.0,6.0,2.0
922903,12000.0,0.0,3.0,2.0
923101,,,,
923102,,,,
923301,,,,
923302,70000.0,0.0,2.0,1.0
923303,60000.0,0.0,3.0,2.0
923401,,,,
923402,0.0,0.0,2.0,1.0
923601,,,,
923801,,,,
923802,,,,
923901,,,,
923902,,,,
924301,,,,
924401,,,,
924402,,,,
924601,,,,
924602,,,,
924801,,,,
924802,,,,
924901,,,,
925201,,,,
925202,,,,
925501,,,,
925502,,,,
925503,,,,
925504,0.0,0.0,6.0,2.0
925601,95000.0,0.0,6.0,2.0
925602,0.0,0.0,3.0,2.0
925701,0.0,0.0,5.0,2.0
925702,204398.0,0.0,2.0,0.0
925703,,,,
925901,,,,
925902,,,,
926001,57000.0,0.0,6.0,2.0
926002,,,,
926101,98000.0,0.0,6.0,2.0
926102,,,,
926201,72000.0,0.0,6.0,2.0
926401,,,,
926402,,,,
926403,114000.0,0.0,6.0,2.0
926801,,,,
926802,,,,
927201,,,,
927202,,,,
927203,,,,
927301,32000.0,0.0,2.0,1.0
927302,,,,
927303,27000.0,0.0,3.0,2.0
927304,25000.0,0.0,3.0,2.0
927401,120000.0,0.0,8.0,5.0
927402,,,,
927403,110000.0,0.0,7.0,3.0
927501,,,,
927502,,,,
927503,,,,
927504,10000.0,0.0,2.0,0.0
927701,17000.0,0.0,6.0,2.0
927702,,,,
927703,80000.0,0.0,3.0,2.0
927801,,,,
927802,,,,
928101,,,,
928102,30000.0,0.0,2.0,1.0
928103,,,,
928401,,,,
928402,,,,
928403,0.0,,4.0,1.0
928404,0.0,0.0,2.0,1.0
928601,45000.0,0.0,10.0,6.0
928602,,,,
928701,,,,
928702,1200.0,0.0,6.0,2.0
928703,0.0,0.0,6.0,2.0
928704,20000.0,0.0,3.0,2.0
929801,,,,
929802,204398.0,0.0,10.0,6.0
929803,0.0,0.0,6.0,2.0
929804,4000.0,0.0,6.0,2.0
929805,,,,
930801,,,,
930802,47000.0,0.0,8.0,4.0
930803,5000.0,0.0,6.0,2.0
930804,9000.0,0.0,6.0,2.0
930805,41000.0,0.0,6.0,2.0
930806,,0.0,2.0,0.0
930807,1200.0,0.0,2.0,0.0
931201,,,,
931202,12000.0,0.0,7.0,3.0
931203,0.0,0.0,3.0,2.0
931204,,0.0,2.0,0.0
931701,,,,
931702,,,,
931703,85000.0,0.0,6.0,2.0
931704,,,,
931901,,,,
931902,125000.0,0.0,10.0,6.0
931903,,,,
932301,,0.0,7.0,3.0
932501,35000.0,0.0,8.0,5.0
932502,,,,
933001,,,,
933301,,,,
933601,,,,
933701,,,,
933702,32000.0,0.0,6.0,2.0
934001,60000.0,0.0,6.0,2.0
934101,32000.0,0.0,7.0,3.0
934102,,,,
934201,,,,
934202,54000.0,0.0,10.0,6.0
934401,,,,
934402,,,,
934601,,,,
934701,,,,
934702,,,,
934901,,,,
934902,,,,
934903,,,,
934904,20000.0,0.0,8.0,4.0
935301,,,,
935302,,,,
935401,0.0,0.0,2.0,0.0
935402,,0.0,3.0,2.0
935403,,0.0,3.0,2.0
935501,,,,
935901,75000.0,0.0,8.0,4.0
935902,80000.0,0.0,8.0,5.0
936001,10000.0,0.0,6.0,2.0
936002,2000.0,0.0,6.0,2.0
936301,,,,
936501,35000.0,0.0,8.0,4.0
936601,,,,
936602,,,,
937101,,0.0,3.0,2.0
937102,30000.0,0.0,3.0,2.0
937401,,,,
937402,,,,
937403,90000.0,0.0,10.0,6.0
937404,,,,
937801,,,,
937802,,,,
938001,,,,
938002,,,,
938101,,,,
938102,,,,
938103,,,,
938201,,,,
938202,130000.0,0.0,3.0,2.0
938203,204398.0,0.0,4.0,1.0
938204,,,,
938205,,,,
938301,,,,
938302,,,,
938401,,,,
938801,47000.0,0.0,7.0,3.0
938802,40000.0,0.0,7.0,3.0
938803,,,,
939201,,,,
939202,10000.0,0.0,6.0,2.0
939203,,,,
939601,20000.0,0.0,2.0,0.0
939602,,,,
939603,,,,
939701,,0.0,3.0,2.0
939702,,,,
940101,,,,
940102,,,,
940103,16000.0,0.0,6.0,2.0
940301,,,,
940302,,,,
940601,,,,
940801,,,,
940802,,,,
940803,,,,
941301,,,,
941302,,,,
941601,,,,
941602,,0.0,8.0,4.0
942101,70000.0,0.0,10.0,6.0
942102,68000.0,0.0,8.0,5.0
942301,16800.0,0.0,7.0,3.0
942302,,0.0,3.0,2.0
942303,1000.0,0.0,3.0,2.0
942901,,,,
942902,,,,
943001,,,,
943002,,,,
943201,,,,
943301,95000.0,0.0,3.0,2.0
943302,,,,
943401,,,,
943402,,,,
944001,,,,
944002,,,,
944101,,,,
944102,,,,
944103,40000.0,0.0,8.0,5.0
944104,,0.0,6.0,2.0
944601,0.0,0.0,8.0,5.0
944602,,,,
945201,,,,
945501,,,,
945502,,,,
945601,,,,
945901,,,,
946001,,,,
946101,,,,
946102,,,,
946401,,,,
946601,,,,
946602,,,,
946901,,,,
947301,,,,
947302,,,,
947303,,,,
947304,,,,
947305,,,,
947601,,,,
947602,,,,
947701,,,,
947702,,,,
947703,,,,
947901,,,,
947902,,,,
948201,,,,
948202,,,,
948203,,,,
948301,0.0,0.0,3.0,2.0
948302,,,,
948501,,,,
948502,,,,
948503,,,,
948504,30000.0,0.0,3.0,2.0
948701,,,,
948702,65000.0,0.0,8.0,4.0
948801,,,,
948802,,,,
948803,,,,
949201,,,,
949202,,,,
949601,,,,
949602,,,,
949603,,,,
949701,,,,
949702,,,,
949801,,,,
949802,,,,
949803,,,,
949804,,,,
949805,,,,
949901,,,,
949902,,,,
949903,,,,
949904,,,,
949905,,,,
949906,,,,
949907,,,,
950101,,,,
950401,370.0,0.0,2.0,0.0
950701,,,,
950702,,,,
950703,,,,
951001,,,,
951201,72000.0,0.0,7.0,3.0
951202,30000.0,0.0,7.0,3.0
951501,,,,
951502,,,,
951503,,,,
951601,,,,
951602,,,,
951603,20000.0,0.0,1.0,0.0
951604,,,,
951605,38000.0,0.0,3.0,2.0
951701,,,,
951702,0.0,1.0,2.0,1.0
952101,,,,
952102,,,,
952103,30000.0,0.0,6.0,2.0
952201,,,,
952202,102000.0,,8.0,4.0
952301,0.0,0.0,6.0,1.0
952302,,,,
952303,,,,
952304,63000.0,0.0,7.0,3.0
952305,47500.0,0.0,8.0,5.0
952306,46000.0,1.0,3.0,2.0
952307,17500.0,0.0,6.0,2.0
952501,,,,
952901,56000.0,0.0,6.0,2.0
952902,75000.0,0.0,5.0,2.0
952903,,,,
952904,,,,
953001,58000.0,0.0,7.0,3.0
953002,,,,
953201,62000.0,0.0,7.0,3.0
953202,,,,
953203,55000.0,0.0,10.0,6.0
953601,,,,
953602,,,,
953701,,,,
953702,,0.0,2.0,0.0
953703,,,,
953704,,,,
954101,0.0,0.0,2.0,0.0
954201,,,,
954202,35000.0,0.0,7.0,3.0
954203,,,,
954204,,,,
955401,0.0,0.0,6.0,2.0
955402,3000.0,0.0,6.0,2.0
955403,35000.0,0.0,3.0,2.0
955601,,,,
955602,,,,
955701,45000.0,0.0,6.0,2.0
955702,,,,
955801,,0.0,6.0,2.0
955802,28000.0,0.0,6.0,2.0
956001,24000.0,0.0,6.0,2.0
956401,,,,
956701,,,,
956702,,,,
956801,,,,
956802,41000.0,0.0,6.0,2.0
956803,32000.0,0.0,6.0,2.0
957401,,,,
957402,69000.0,0.0,3.0,2.0
957501,,,,
957502,,,,
957503,40000.0,0.0,7.0,3.0
957504,,,,
957601,4000.0,0.0,6.0,2.0
957602,,0.0,2.0,0.0
957603,,0.0,2.0,0.0
957801,,,,
957802,,,,
957803,75000.0,0.0,6.0,2.0
957804,32000.0,0.0,8.0,4.0
957805,45000.0,0.0,6.0,2.0
957806,0.0,0.0,6.0,2.0
957901,,,,
957902,46600.0,0.0,8.0,4.0
958201,,,,
958202,12000.0,0.0,6.0,2.0
959301,,,,
959302,,,,
959303,,,,
959401,,,,
959402,,,,
959601,,,,
959602,,,,
959701,,,,
960201,,,,
960202,,,,
960401,,,,
960402,,,,
960801,,,,
960802,,,,
960803,,,,
960901,,,,
961001,,,,
961101,,,,
961102,,,,
961401,,,,
961601,,,,
961602,,,,
961603,,,,
961901,,,,
961902,,,,
962001,204398.0,0.0,14.0,8.0
962002,,,,
962003,66205.0,0.0,8.0,5.0
962301,,,,
962302,,,,
962701,12000.0,0.0,3.0,2.0
962702,,,,
962703,,,,
963101,,,,
963201,,,,
963202,,,,
963203,,,,
963301,,,,
963302,,,,
963501,55000.0,0.0,5.0,2.0
963502,24000.0,0.0,5.0,2.0
963701,,,,
963702,,,,
964001,204398.0,0.0,8.0,4.0
964002,42000.0,0.0,10.0,6.0
964101,30000.0,0.0,6.0,1.0
964102,12000.0,0.0,8.0,4.0
964401,,,,
964402,30000.0,0.0,7.0,3.0
964701,,,,
964801,76000.0,0.0,5.0,2.0
964802,0.0,0.0,8.0,4.0
964803,,,,
964804,,,,
965201,,,,
965202,,,,
965501,,,,
965502,,,,
965503,0.0,0.0,4.0,1.0
965701,,,,
965901,,,,
966001,55000.0,0.0,3.0,2.0
966002,,,,
966101,,,,
966102,500.0,0.0,3.0,2.0
966201,0.0,0.0,2.0,0.0
967101,,,,
967102,,,,
967103,,,,
967104,,,,
967201,,,,
967601,,,,
967602,,,,
967603,0.0,0.0,7.0,3.0
968001,,,,
968002,1000.0,0.0,7.0,3.0
968003,,,,
968401,,,,
968402,,,,
968601,,,,
968602,335.0,0.0,3.0,2.0
969201,,,,
969202,,,,
970201,,,,
970401,,,,
970402,,,,
970501,,,,
970701,75000.0,0.0,7.0,3.0
970702,45000.0,0.0,6.0,2.0
970901,,,,
971101,0.0,0.0,3.0,2.0
971102,,0.0,2.0,0.0
971301,,,,
972201,,,,
973001,,,,
973002,,,,
973003,,,,
973101,,,,
973301,,,,
973601,,,,
973602,,,,
973603,,,,
974001,,,,
974002,,,,
974801,,,,
974802,,,,
975001,,,,
975002,,,,
975003,,,,
975301,,,,
975401,,,,
975402,,,,
975403,,,,
975404,,,,
975501,,,,
975502,,,,
975601,,,,
975602,0.0,,4.0,1.0
975701,,,,
975702,23000.0,0.0,6.0,2.0
975801,,,,
975802,,,,
975803,60000.0,0.0,8.0,4.0
976301,12000.0,0.0,8.0,4.0
976302,3000.0,0.0,8.0,5.0
976501,,,,
976502,,,,
976601,,,,
976801,,,,
976802,,,,
976803,,,,
977201,,,,
977202,,,,
977203,,,,
977204,33000.0,0.0,7.0,3.0
977205,,,,
977401,,,,
977402,,,,
977801,,,,
977802,44000.0,0.0,7.0,3.0
977803,,,,
978401,37000.0,0.0,5.0,1.0
978402,42000.0,1.0,7.0,3.0
978403,12000.0,0.0,3.0,2.0
978901,,,,
978902,,,,
978903,,,,
979001,,,,
979002,0.0,0.0,3.0,2.0
979003,32000.0,0.0,3.0,2.0
979501,,,,
979502,,,,
979503,,,,
979601,,,,
979602,,,,
979603,,,,
979604,,,,
979701,,,,
979702,,,,
979801,,,,
979802,,,,
979803,,,,
979804,,,,
980701,,,,
980702,,,,
980901,,,,
980902,11000.0,0.0,3.0,2.0
981101,,,,
981102,,,,
981701,,,,
981702,10000.0,0.0,8.0,4.0
981703,50000.0,0.0,3.0,2.0
982001,26000.0,0.0,6.0,2.0
982601,38000.0,0.0,6.0,2.0
982801,,,,
982802,25000.0,0.0,2.0,0.0
982803,0.0,0.0,2.0,0.0
982804,,,,
982805,0.0,0.0,2.0,0.0
983001,,,,
983002,0.0,0.0,3.0,2.0
983003,0.0,0.0,7.0,3.0
983101,,,,
983102,,,,
983201,,,,
983202,,,,
983401,,,,
983402,,,,
983403,,,,
983701,,,,
983702,,,,
983703,0.0,0.0,3.0,2.0
983704,500.0,0.0,2.0,0.0
983801,,,,
983802,,,,
983803,,,,
983804,,0.0,6.0,2.0
983901,,,,
983902,,,,
983903,43000.0,0.0,6.0,2.0
984001,26000.0,0.0,5.0,0.0
984002,,,,
984003,40000.0,0.0,3.0,2.0
984401,0.0,0.0,3.0,2.0
984402,,,,
984403,,,,
984404,,,,
984405,,0.0,6.0,2.0
984501,,,,
984502,53000.0,0.0,7.0,3.0
984503,,,,
985101,,,,
985102,,,,
985201,0.0,1.0,2.0,1.0
985501,36000.0,0.0,3.0,2.0
985502,27000.0,0.0,6.0,2.0
985801,50000.0,0.0,7.0,3.0
985802,57000.0,0.0,3.0,2.0
985803,3200.0,0.0,7.0,3.0
986101,,,,
986102,,,,
986201,31000.0,0.0,2.0,1.0
986202,,,,
986203,,,,
986401,,,,
986402,,,,
986501,,,,
986502,,,,
986503,,,,
986504,,,,
986505,,,,
986506,,,,
986507,,,,
987001,,,,
987002,,,,
987003,55000.0,0.0,3.0,2.0
987101,85000.0,0.0,3.0,2.0
987102,,,,
987401,28795.0,0.0,6.0,2.0
987402,,,,
987403,23000.0,0.0,10.0,6.0
987701,,,,
987702,20000.0,0.0,7.0,3.0
988101,,,,
988102,0.0,0.0,6.0,2.0
988103,9821.0,0.0,8.0,5.0
988201,,,,
988202,,,,
988203,,,,
988501,,,,
988502,48000.0,0.0,6.0,2.0
988701,,,,
988702,,,,
989101,,,,
989102,,,,
989201,,,,
989202,0.0,0.0,3.0,2.0
989501,,,,
989502,,,,
989503,,,,
989701,35000.0,0.0,8.0,4.0
989702,5000.0,0.0,6.0,2.0
989801,,,,
989901,,,,
989902,15000.0,0.0,7.0,3.0
990301,,,,
990601,11086.0,0.0,3.0,2.0
990602,,,,
991001,,,,
991301,,,,
991302,,,,
991303,,,,
991601,,,,
991602,45000.0,0.0,2.0,1.0
991603,,,,
991604,15000.0,0.0,6.0,2.0
992001,,,,
992002,,,,
992201,,,,
992202,15000.0,0.0,1.0,1.0
992501,56000.0,0.0,5.0,2.0
992502,,,,
992701,90000.0,0.0,3.0,2.0
992702,,,,
993001,,,,
993002,,,,
993003,,,,
993201,,,,
993202,,,,
993501,,,,
993502,40000.0,0.0,8.0,4.0
993503,117000.0,0.0,8.0,4.0
993504,,,,
993801,,,,
993802,,,,
993803,,,,
993804,,,,
993901,63000.0,0.0,5.0,2.0
993902,23000.0,0.0,6.0,2.0
994001,,,,
994002,,,,
994101,30000.0,0.0,8.0,4.0
994102,3500.0,0.0,8.0,5.0
994401,,,,
994402,,,,
994501,,,,
994502,,,,
994503,,,,
994504,,,,
994601,,,,
994602,,,,
994801,,,,
995101,,,,
995102,,,,
995103,,,,
995104,136.0,0.0,3.0,2.0
995301,,,,
995302,40000.0,0.0,3.0,2.0
995303,50000.0,0.0,6.0,2.0
995304,20000.0,0.0,3.0,2.0
995501,,,,
995502,2000.0,0.0,3.0,2.0
996001,,,,
996002,,,,
996501,,,,
996502,,,,
996601,30000.0,0.0,6.0,1.0
996602,10000.0,0.0,5.0,2.0
996603,0.0,0.0,5.0,0.0
996604,,0.0,3.0,2.0
996701,,,,
996702,,,,
996703,18000.0,0.0,2.0,0.0
997001,,,,
997002,29000.0,0.0,7.0,3.0
997003,12000.0,0.0,6.0,1.0
997004,0.0,0.0,2.0,0.0
997005,0.0,0.0,4.0,2.0
997006,23000.0,0.0,3.0,2.0
997201,95000.0,0.0,8.0,5.0
997202,56000.0,0.0,8.0,4.0
997203,26000.0,0.0,8.0,5.0
997301,,,,
997401,,,,
997402,32000.0,0.0,3.0,2.0
997403,26000.0,0.0,7.0,3.0
997404,,,,
997801,,,,
998001,,,,
998002,,,,
998003,,,,
998004,,,,
998005,,,,
998006,,0.0,8.0,5.0
998101,50000.0,0.0,8.0,5.0
998102,,,,
998103,35000.0,0.0,6.0,2.0
998104,30000.0,0.0,8.0,5.0
998201,,,,
998202,20000.0,0.0,8.0,5.0
998203,28000.0,0.0,3.0,2.0
998601,36000.0,0.0,6.0,1.0
998602,,,,
998603,0.0,0.0,6.0,1.0
998604,,,,
998605,300.0,0.0,3.0,2.0
999101,,,,
999102,,,,
999201,88000.0,0.0,8.0,4.0
999202,25000.0,0.0,7.0,3.0
999203,22000.0,0.0,7.0,3.0
999204,40000.0,0.0,8.0,4.0
999205,30000.0,0.0,7.0,3.0
999501,,,,
999502,,,,
999701,32000.0,0.0,3.0,2.0
999702,5000.0,1.0,2.0,0.0
999703,,0.0,6.0,2.0
999704,23000.0,0.0,6.0,1.0
1000001,,,,
1000002,,,,
1000003,,,,
1000004,,,,
1000201,17500.0,0.0,3.0,2.0
1000202,75000.0,0.0,6.0,2.0
1000203,18000.0,0.0,6.0,2.0
1000801,,,,
1000802,,,,
1000803,,,,
1001101,,,,
1001102,,,,
1001201,,,,
1001202,,,,
1001203,,,,
1001501,,,,
1001502,,,,
1001601,,,,
1001602,,,,
1001603,,,,
1002401,,,,
1002402,,,,
1002403,17000.0,0.0,3.0,2.0
1002601,,,,
1002602,,,,
1002603,0.0,0.0,2.0,0.0
1002604,,,,
1002605,,,,
1002606,15000.0,0.0,3.0,2.0
1002607,,,,
1002901,27000.0,0.0,6.0,2.0
1002902,23000.0,0.0,7.0,3.0
1003201,,,,
1003202,,0.0,5.0,2.0
1003203,55000.0,0.0,5.0,2.0
1003204,,,,
1003205,,,,
1003206,,,,
1003401,,,,
1003402,,,,
1003403,,,,
1003601,0.0,0.0,6.0,2.0
1003602,,,,
1003603,36000.0,0.0,8.0,5.0
1003604,,0.0,6.0,2.0
1003605,,,,
1003701,,,,
1003801,,,,
1003802,75000.0,0.0,8.0,5.0
1004201,0.0,0.0,3.0,2.0
1004202,,,,
1004203,17000.0,0.0,6.0,2.0
1004204,,,,
1004401,,,,
1004701,85000.0,0.0,10.0,6.0
1004801,70000.0,1.0,3.0,2.0
1004802,,,,
1004803,,,,
1004901,,,,
1004902,,,,
1004903,,,,
1004904,,,,
1005201,89000.0,0.0,5.0,2.0
1005202,,,,
1005203,26000.0,0.0,6.0,2.0
1005401,,,,
1005402,60000.0,0.0,7.0,3.0
1005601,35000.0,0.0,5.0,2.0
1005602,,,,
1005901,,,,
1005902,,,,
1005903,,,,
1006001,,,,
1006002,,,,
1006201,,,,
1006202,,,,
1006203,49000.0,0.0,2.0,1.0
1006301,,,,
1006302,,,,
1006601,,,,
1006602,,,,
1006603,,,,
1006604,,,,
1007201,,,,
1007202,22000.0,0.0,2.0,0.0
1007203,20000.0,0.0,2.0,0.0
1007301,,,,
1007302,21000.0,0.0,2.0,0.0
1007303,13000.0,0.0,6.0,2.0
1007304,13000.0,0.0,7.0,3.0
1007701,53000.0,0.0,10.0,6.0
1007702,58000.0,0.0,3.0,2.0
1007703,15000.0,0.0,5.0,1.0
1007704,26000.0,,3.0,2.0
1007901,80000.0,0.0,10.0,6.0
1008101,,,,
1008102,,,,
1008103,,,,
1008104,,,,
1008105,,,,
1008601,,,,
1008602,,,,
1008801,,,,
1009201,,,,
1009202,,,,
1009301,,,,
1009302,,,,
1009501,,,,
1009502,,,,
1009503,,,,
1009701,,,,
1009702,,,,
1009703,,,,
1010101,,,,
1010102,,,,
1010103,,,,
1010104,,,,
1010401,,,,
1010402,,,,
1010403,,,,
1010404,,,,
1010601,52000.0,0.0,3.0,2.0
1010602,,,,
1011201,80000.0,0.0,8.0,4.0
1011202,,,,
1011203,,,,
1011204,,0.0,2.0,1.0
1011301,,,,
1011302,,,,
1011601,,,,
1011701,,,,
1011702,,,,
1011901,,,,
1011902,,,,
1012501,0.0,0.0,3.0,2.0
1012502,,,,
1012701,,,,
1012901,50000.0,0.0,7.0,3.0
1013001,,,,
1013002,,,,
1013201,,,,
1013202,,,,
1013501,20498.0,0.0,6.0,1.0
1013502,,,,
1013503,,,,
1013601,,,,
1013602,,,,
1013801,30000.0,0.0,10.0,6.0
1014001,,,,
1014002,,,,
1014401,,,,
1014402,,,,
1014501,,,,
1014801,,,,
1014802,,,,
1014901,,,,
1014902,,,,
1015001,,,,
1015002,,,,
1015003,,,,
1015101,,,,
1015301,,,,
1015601,,,,
1015602,,,,
1016201,17000.0,0.0,6.0,2.0
1016202,,0.0,2.0,0.0
1016401,,,,
1016402,,,,
1016601,,,,
1016602,,,,
1016603,,,,
1016801,,,,
1016802,,,,
1017501,,,,
1017502,,,,
1017503,,,,
1017504,,0.0,3.0,2.0
1018101,40000.0,0.0,6.0,2.0
1018102,,,,
1018103,,,,
1018104,,,,
1018201,56000.0,0.0,7.0,3.0
1018301,,,,
1018302,,,,
1018303,,,,
1018304,36000.0,0.0,5.0,2.0
1018401,,,,
1018402,,,,
1018403,,0.0,2.0,1.0
1018404,,,,
1018501,32800.0,0.0,5.0,2.0
1018502,,,,
1018503,,,,
1018801,50000.0,0.0,2.0,1.0
1018802,40000.0,0.0,6.0,2.0
1019101,,,,
1019102,,,,
1019103,,,,
1019104,,,,
1019105,,0.0,6.0,2.0
1019301,,,,
1019302,,,,
1019303,15000.0,0.0,6.0,2.0
1020301,,,,
1020302,,,,
1021001,,,,
1021002,,,,
1021003,,,,
1021101,,,,
1021102,55000.0,0.0,8.0,4.0
1021103,0.0,0.0,6.0,2.0
1021104,,,,
1021201,,,,
1021202,,,,
1021301,,,,
1021302,,,,
1021303,,,,
1021304,,,,
1021401,,,,
1021402,,,,
1021501,,,,
1021502,,,,
1021601,,,,
1021901,,,,
1022001,,,,
1022002,,,,
1022003,,,,
1022004,,,,
1022101,,,,
1022102,,,,
1022601,,,,
1022602,,,,
1022701,,,,
1022702,,,,
1022703,,,,
1022901,,,,
1022902,14000.0,0.0,4.0,2.0
1023101,,,,
1023102,,,,
1023401,30000.0,0.0,8.0,4.0
1023402,5700.0,0.0,7.0,3.0
1023403,44000.0,0.0,7.0,3.0
1023601,32000.0,0.0,5.0,1.0
1023602,,,,
1023603,60000.0,0.0,3.0,2.0
1023701,,,,
1023702,,,,
1023801,63000.0,0.0,2.0,1.0
1023802,,,,
1024101,,,,
1024102,,,,
1024103,,,,
1024104,,,,
1024301,,,,
1024302,,,,
1024303,,,,
1024501,,,,
1024502,,,,
1024503,,,,
1024601,,,,
1025201,,,,
1025401,,,,
1025501,,,,
1025502,,,,
1025503,,,,
1025701,,,,
1025702,,,,
1025901,,,,
1025902,,,,
1026001,,,,
1026002,,,,
1026101,,,,
1026102,,,,
1026201,,,,
1026202,,,,
1026701,,,,
1026801,,,,
1026802,,,,
1026901,,,,
1027101,,,,
1027201,,,,
1027202,,,,
1027203,,,,
1027301,,,,
1027302,,,,
1028101,,,,
1028102,,,,
1028103,,,,
1028301,,,,
1028302,,,,
1028601,,,,
1028602,,,,
1028603,,,,
1029101,,,,
1029102,,,,
1029103,,,,
1029201,,,,
1029202,,,,
1029203,,,,
1029501,,,,
1029701,,,,
1029702,,,,
1029901,,,,
1029902,,,,
1030201,,,,
1030301,26880.0,0.0,2.0,0.0
1030302,0.0,1.0,3.0,2.0
1030801,,,,
1030802,58000.0,0.0,9.0,5.0
1030803,13000.0,0.0,3.0,2.0
1030901,,,,
1030902,84000.0,0.0,8.0,5.0
1030903,,,,
1031001,,0.0,6.0,2.0
1031002,,,,
1031003,40000.0,0.0,8.0,4.0
1031201,,,,
1031202,,,,
1031203,0.0,0.0,2.0,0.0
1031301,,,,
1031302,,,,
1031401,0.0,0.0,2.0,0.0
1031402,,,,
1031403,20000.0,0.0,2.0,1.0
1031404,,,,
1031701,,,,
1032101,,,,
1032102,23000.0,0.0,3.0,2.0
1032901,,,,
1032902,0.0,0.0,14.0,8.0
1032903,26000.0,0.0,8.0,4.0
1033101,17000.0,0.0,3.0,2.0
1033102,,,,
1033103,,,,
1033104,,,,
1033201,,,,
1033202,,,,
1033203,26000.0,0.0,3.0,2.0
1033204,,0.0,3.0,2.0
1033205,0.0,0.0,6.0,2.0
1033401,50000.0,0.0,3.0,2.0
1033402,0.0,0.0,3.0,2.0
1033403,42000.0,0.0,3.0,2.0
1033601,,,,
1033602,,0.0,6.0,2.0
1034001,,,,
1034002,,,,
1034401,,,,
1034402,,,,
1034501,,,,
1034502,,,,
1035001,,,,
1035401,,,,
1035801,,,,
1035901,50000.0,0.0,5.0,2.0
1035902,,,,
1035903,,,,
1036001,,,,
1036002,34000.0,0.0,6.0,2.0
1036003,48000.0,0.0,5.0,2.0
1036101,,,,
1036102,,,,
1036103,,,,
1036201,40000.0,0.0,6.0,2.0
1036601,,,,
1036602,,,,
1037101,,,,
1037102,,,,
1037103,,,,
1037104,,,,
1037201,,,,
1037301,,,,
1037302,,,,
1037303,,,,
1037304,,0.0,2.0,1.0
1037401,1000.0,0.0,3.0,2.0
1037501,97000.0,0.0,3.0,2.0
1037502,92000.0,0.0,6.0,2.0
1037701,,,,
1037702,,,,
1037703,,,,
1037704,85000.0,0.0,8.0,4.0
1037705,0.0,0.0,8.0,4.0
1037801,60000.0,0.0,7.0,3.0
1037802,,,,
1037803,,,,
1037901,,,,
1037902,56000.0,0.0,8.0,5.0
1038301,43000.0,0.0,2.0,1.0
1038302,,,,
1039001,,,,
1039002,,,,
1039401,,,,
1039501,,,,
1039502,,,,
1039601,,,,
1039602,,,,
1039901,,,,
1039902,,,,
1040001,,,,
1040101,,,,
1040102,,,,
1040103,,,,
1040601,,,,
1040602,,,,
1040603,,,,
1040901,,,,
1040902,,,,
1041101,,,,
1041501,,,,
1041502,,,,
1041503,,,,
1041504,,,,
1041505,,,,
1041506,,,,
1041507,,,,
1041801,,,,
1041802,,,,
1041803,,,,
1041901,,,,
1042001,,,,
1042002,,,,
1042003,,,,
1042101,60000.0,0.0,3.0,2.0
1042102,,,,
1042201,,,,
1042202,12000.0,0.0,3.0,2.0
1042701,40000.0,0.0,6.0,2.0
1042702,15000.0,0.0,7.0,3.0
1042801,0.0,0.0,3.0,2.0
1042802,,,,
1042803,,,,
1042901,,,,
1042902,,0.0,5.0,2.0
1042903,,,,
1043301,33000.0,0.0,8.0,5.0
1043302,,,,
1043601,204398.0,0.0,8.0,4.0
1043602,,,,
1044301,,,,
1044302,0.0,0.0,8.0,4.0
1044401,,,,
1044402,50000.0,0.0,6.0,2.0
1044501,,,,
1044502,8000.0,0.0,3.0,2.0
1044601,,,,
1044602,,,,
1044603,,,,
1044801,,,,
1044802,0.0,0.0,3.0,2.0
1045001,,,,
1045002,,,,
1045101,65000.0,0.0,8.0,4.0
1045102,,,,
1045103,22000.0,0.0,7.0,3.0
1045201,,,,
1045202,,0.0,8.0,4.0
1045801,,,,
1045802,,,,
1046501,,,,
1046701,,,,
1046702,,,,
1047501,,,,
1047502,,,,
1047503,,,,
1047701,,,,
1047702,,,,
1047703,,,,
1047704,,,,
1047705,,,,
1047801,20000.0,0.0,2.0,1.0
1048001,,,,
1048002,,,,
1048003,,,,
1048101,32000.0,0.0,6.0,1.0
1048102,0.0,0.0,5.0,2.0
1048103,,,,
1048401,,,,
1048402,,,,
1048403,,,,
1048404,,,,
1048405,,,,
1048501,,,,
1048502,,,,
1048601,,,,
1048602,,,,
1048603,,1.0,2.0,0.0
1049101,,,,
1049102,,,,
1049401,,,,
1049402,,,,
1049601,,,,
1049801,,,,
1050001,0.0,0.0,7.0,3.0
1050002,33000.0,0.0,9.0,4.0
1050201,,,,
1050202,,,,
1050203,,,,
1050401,,,,
1050402,,0.0,8.0,5.0
1050601,,,,
1050602,0.0,1.0,2.0,1.0
1050603,,1.0,2.0,0.0
1050604,35000.0,0.0,6.0,2.0
1050605,0.0,0.0,2.0,0.0
1050701,,,,
1050702,15000.0,0.0,6.0,2.0
1050703,80000.0,0.0,6.0,2.0
1051101,,,,
1051102,,,,
1051103,,,,
1051201,25000.0,0.0,6.0,2.0
1051202,1200.0,0.0,3.0,2.0
1051203,25000.0,0.0,3.0,2.0
1051401,1300.0,0.0,7.0,3.0
1051601,,,,
1051602,8000.0,0.0,4.0,2.0
1051801,,,,
1051802,,,,
1052101,,,,
1052102,,,,
1052103,,,,
1052104,,,,
1052105,,,,
1052601,,,,
1052602,,,,
1052801,30000.0,0.0,6.0,2.0
1052802,,,,
1052901,,,,
1053001,,,,
1053002,,,,
1053003,,,,
1053004,,,,
1053201,30000.0,0.0,2.0,1.0
1053202,,,,
1053203,0.0,0.0,2.0,0.0
1053204,,,,
1053301,,,,
1053401,,,,
1053402,,,,
1053403,,,,
1053404,,,,
1053501,,,,
1053502,,,,
1053701,,0.0,7.0,3.0
1053801,,,,
1053802,,,,
1053803,,,,
1053804,,0.0,6.0,1.0
1053901,,,,
1054201,,0.0,6.0,2.0
1054202,35000.0,0.0,3.0,2.0
1054203,300.0,0.0,2.0,0.0
1054204,,0.0,2.0,0.0
1054301,,,,
1054302,,,,
1054303,,,,
1054401,,,,
1054402,0.0,0.0,2.0,0.0
1054601,,,,
1054602,,,,
1054603,,,,
1055001,55000.0,0.0,9.0,5.0
1055101,7000.0,0.0,9.0,4.0
1055401,204398.0,0.0,7.0,3.0
1055801,,,,
1055802,,,,
1055803,,,,
1055901,,,,
1056401,,,,
1056402,,,,
1056403,,,,
1056501,,,,
1056502,8000.0,1.0,2.0,1.0
1056503,204398.0,0.0,6.0,2.0
1056504,32000.0,0.0,2.0,1.0
1056901,,,,
1056902,30000.0,0.0,6.0,2.0
1057201,56000.0,1.0,6.0,2.0
1057301,94000.0,0.0,8.0,5.0
1057302,50000.0,1.0,6.0,1.0
1057303,25000.0,1.0,6.0,2.0
1057701,,,,
1057702,,,,
1057703,,,,
1057901,3000.0,0.0,4.0,1.0
1057902,,,,
1057903,0.0,0.0,2.0,1.0
1058101,,0.0,10.0,6.0
1058102,,,,
1058103,73000.0,0.0,6.0,2.0
1058201,,,,
1058202,32000.0,0.0,8.0,4.0
1058203,56400.0,0.0,10.0,6.0
1058601,0.0,0.0,2.0,1.0
1058602,,,,
1058603,,,,
1058604,,,,
1058801,,,,
1058901,,,,
1059001,,,,
1059002,,,,
1059201,,,,
1059401,,,,
1059402,,,,
1059701,,,,
1059702,,,,
1059901,,,,
1059902,,,,
1061501,,,,
1061502,,,,
1061801,,,,
1061802,,,,
1062101,,,,
1062102,,,,
1062201,,,,
1062601,,,,
1062701,,,,
1062801,,,,
1062802,,,,
1063401,50000.0,0.0,8.0,4.0
1063402,,1.0,6.0,2.0
1063403,,0.0,6.0,2.0
1063601,,,,
1064901,,,,
1064902,,,,
1065001,,,,
1065101,,,,
1065201,,,,
1065301,,,,
1067401,,,,
1067402,,,,
1067601,,,,
1067701,,,,
1068001,,,,
1068002,,,,
1068201,,,,
1068301,,,,
1068401,,,,
1068501,,,,
1068502,,,,
1068503,,,,
1068701,,,,
1068702,,,,
1068801,,,,
1068901,,,,
1069101,,,,
1069102,,,,
1071201,,,,
1071202,,,,
1071203,,,,
1071301,,,,
1072001,,,,
1072002,,,,
1074101,,,,
1074401,,,,
1074402,,,,
1074601,,,,
1075201,,,,
1079201,,,,
1079202,,,,
1079301,,,,
1079401,,,,
1079402,,,,
1080001,,,,
1080201,,,,
1080202,,,,
1080601,,,,
1080801,,,,
1080802,,,,
1080901,,,,
1080902,,,,
1081101,,,,
1081102,,,,
1081103,,,,
1081401,,,,
1081501,,,,
1081502,,,,
1081601,,,,
1081801,,,,
1082801,,,,
1083301,,,,
1083302,,,,
1083501,,,,
1083502,,,,
1086101,,,,
1086102,,,,
1086201,,,,
1086301,,,,
1086401,,,,
1086402,,,,
1086403,,,,
1086501,,,,
1086801,,,,
1087101,,,,
1087102,,,,
1087201,,,,
1087401,,,,
1087601,,,,
1087801,,,,
1087802,,,,
1088001,,,,
1089801,,,,
1090001,,,,
1090002,,,,
1090003,,,,
1090101,,,,
1090401,,,,
1090601,,,,
1093001,,,,
1093002,,,,
1093301,3000.0,0.0,5.0,2.0
1094401,,,,
1095101,,,,
1095102,,,,
1095103,,,,
1095201,,,,
1096001,,,,
1096002,,,,
1096401,,,,
1097301,,,,
1097401,,,,
1097402,,,,
1097601,,,,
1097801,,,,
1098101,,,,
1098701,,,,
1102501,,,,
1102801,,,,
1102901,,,,
1103101,,,,
1103102,,,,
1103301,,,,
1103401,,,,
1109801,,,,
1109802,,,,
1109901,,,,
1109902,,,,
1110001,,,,
1110101,,,,
1110102,,,,
1110301,,,,
1110401,,,,
1110402,,,,
1110701,,,,
1110801,,,,
1110802,,,,
1112201,,,,
1112301,,,,
1112302,,,,
1113001,,,,
1113002,,,,
1113201,,,,
1113202,,,,
1113203,0.0,0.0,3.0,2.0
1113301,,,,
1113601,,,,
1113701,,,,
1114701,,,,
1114702,,,,
1114801,,,,
1114802,,,,
1115001,,,,
1115501,,,,
1115502,,,,
1115901,,,,
1116001,,,,
1116002,,,,
1116003,,,,
1116101,,,,
1116201,,,,
1116301,,,,
1116901,,,,
1117001,,,,
1117101,,,,
1117102,,,,
1117201,,,,
1117401,,,,
1117501,,,,
1117502,,,,
1118201,,,,
1118301,,,,
1118401,,,,
1118402,,,,
1118403,,,,
1119101,,,,
1119102,,,,
1119103,,,,
1119104,,,,
1120001,,,,
1120401,,,,
1120402,,,,
1121101,,,,
1121102,,,,
1121103,,,,
1121301,,,,
1121302,,,,
1121401,,,,
1121402,,,,
1121701,,,,
1121702,,,,
1121703,,,,
1121901,,,,
1122001,,,,
1122201,,,,
1122401,,,,
1122501,,,,
1122502,,,,
1122601,,,,
1122801,,,,
1122802,,,,
1122803,,,,
1123601,,,,
1124301,,,,
1126101,,,,
1126201,,,,
1126202,,,,
1126203,,,,
1126601,,,,
1126801,,,,
1126901,,,,
1127201,,,,
1127601,,,,
1127801,,,,
1128301,,,,
1128401,,,,
1128402,,,,
1129801,,,,
1129901,,,,
1129902,,,,
1130401,,,,
1130402,,,,
1130601,8000.0,0.0,6.0,2.0
1130602,,,,
1130701,,,,
1130801,,,,
1130901,70000.0,0.0,10.0,6.0
1130902,,,,
1131001,,,,
1131301,,,,
1131302,,,,
1131303,,,,
1131901,48000.0,0.0,8.0,4.0
1132001,,,,
1132101,,,,
1132401,,,,
1132402,,,,
1132701,,,,
1134101,,,,
1134102,,,,
1134301,,,,
1134302,,,,
1134601,,,,
1134701,,,,
1134801,,,,
1134802,,,,
1135501,,,,
1135601,,,,
1135602,,,,
1135701,,,,
1135801,,,,
1135802,,,,
1136301,,,,
1136501,,,,
1136502,,,,
1136601,,,,
1136901,,,,
1137101,,,,
1137102,92000.0,0.0,8.0,4.0
1138001,,,,
1138002,,,,
1138901,,,,
1139201,,,,
1139301,,,,
1139302,,,,
1140001,,,,
1140201,,,,
1140202,,,,
1140401,,,,
1140901,,,,
1141101,,,,
1141102,,,,
1141201,,,,
1141202,,,,
1143201,,,,
1144201,,,,
1144202,,,,
1144301,,,,
1144501,,,,
1144601,,,,
1144602,,,,
1144801,,,,
1144802,,,,
1145401,,,,
1145501,,,,
1145502,,,,
1145601,,,,
1145602,,,,
1146101,,,,
1146801,,,,
1146802,,,,
1146803,,,,
1147101,,,,
1147102,,,,
1147401,,,,
1148501,,,,
1148502,,,,
1148601,,,,
1148602,,,,
1148603,,,,
1148801,,,,
1149101,,,,
1149102,,,,
1149103,,,,
1149201,,,,
1149202,,,,
1150301,,,,
1150302,,,,
1150401,,,,
1151201,,,,
1151801,,,,
1151802,,,,
1152701,,,,
1152702,,,,
1152801,,,,
1152901,,,,
1152902,,,,
1153101,,,,
1153102,,,,
1153301,,,,
1153801,,,,
1154901,,,,
1155001,,,,
1155301,,,,
1155401,,,,
1155601,,,,
1155602,,,,
1155701,,,,
1156401,,,,
1156402,,,,
1157001,,,,
1157301,,,,
1157601,,,,
1157602,,,,
1163301,,,,
1164001,,,,
1164002,,,,
1164003,,,,
1164101,,,,
1164102,,,,
1164201,,,,
1164501,,,,
1164701,,,,
1164702,,,,
1165001,,,,
1165201,,,,
1170601,,,,
1170801,,,,
1170802,,,,
1170901,,,,
1172501,,,,
1172502,,,,
1172503,,,,
1172601,,,,
1172602,,,,
1173101,,,,
1173102,,,,
1173301,,,,
1173302,,,,
1173401,,,,
1173901,,,,
1173902,,,,
1174401,,,,
1174701,,,,
1175201,,,,
1175202,,,,
1175601,,,,
1175701,,,,
1176101,,,,
1176102,,,,
1176103,,,,
1176401,,,,
1176402,,,,
1176403,10000.0,0.0,6.0,2.0
1176501,,,,
1176502,,,,
1176503,27000.0,0.0,3.0,2.0
1176504,31000.0,0.0,8.0,5.0
1176801,,,,
1176802,,,,
1176803,,,,
1176901,72000.0,0.0,10.0,6.0
1176902,35000.0,0.0,8.0,5.0
1176903,,,,
1177201,0.0,0.0,2.0,1.0
1177202,,,,
1177203,,,,
1177204,,,,
1177205,,,,
1177206,,0.0,7.0,3.0
1177301,,,,
1177302,,,,
1177303,50000.0,0.0,7.0,3.0
1177304,37000.0,0.0,6.0,2.0
1177305,50000.0,0.0,8.0,5.0
1177401,,0.0,5.0,1.0
1177402,30000.0,0.0,2.0,1.0
1177701,,,,
1177702,672.0,0.0,3.0,2.0
1177901,45000.0,0.0,8.0,4.0
1177902,45000.0,0.0,6.0,2.0
1177903,0.0,0.0,10.0,6.0
1177904,32000.0,0.0,3.0,2.0
1178101,,,,
1178102,22938.0,0.0,8.0,5.0
1178401,,,,
1178402,25000.0,0.0,6.0,2.0
1178501,,,,
1178502,,,,
1178503,33000.0,0.0,2.0,1.0
1178601,,0.0,2.0,0.0
1178701,,,,
1178702,10000.0,0.0,3.0,2.0
1178703,0.0,0.0,3.0,2.0
1178901,35000.0,0.0,3.0,2.0
1179201,,,,
1179202,115000.0,0.0,6.0,2.0
1179401,0.0,0.0,6.0,2.0
1179501,,,,
1179701,2000.0,0.0,5.0,2.0
1179702,60000.0,0.0,6.0,2.0
1179703,0.0,0.0,6.0,2.0
1179801,40000.0,0.0,6.0,2.0
1179802,,,,
1179803,,,,
1180001,,,,
1180002,33000.0,0.0,8.0,5.0
1180003,,,,
1180201,70000.0,0.0,2.0,1.0
1180202,40000.0,0.0,8.0,5.0
1180203,,,,
1180204,4000.0,0.0,3.0,2.0
1180701,,,,
1180702,36000.0,0.0,6.0,2.0
1180801,0.0,0.0,7.0,3.0
1180802,45000.0,0.0,6.0,2.0
1180803,25000.0,0.0,6.0,2.0
1181101,,0.0,6.0,2.0
1181102,50000.0,0.0,2.0,0.0
1181201,,,,
1181202,45000.0,0.0,3.0,2.0
1181301,50000.0,0.0,3.0,2.0
1181302,22000.0,0.0,7.0,3.0
1181401,0.0,0.0,6.0,2.0
1181402,,,,
1181403,,,,
1181601,96000.0,0.0,6.0,2.0
1181602,,,,
1181801,1500.0,0.0,6.0,1.0
1181802,,,,
1181803,,,,
1181901,3000.0,0.0,8.0,4.0
1181902,,,,
1181903,66000.0,0.0,6.0,1.0
1181904,80000.0,0.0,10.0,6.0
1182601,,,,
1182602,31000.0,0.0,6.0,2.0
1182603,,,6.0,2.0
1182604,,,,
1183101,,0.0,8.0,5.0
1183201,2200.0,0.0,6.0,2.0
1183202,,,,
1183203,,,,
1183501,,,,
1183502,93000.0,0.0,8.0,5.0
1183801,50000.0,0.0,6.0,2.0
1183802,1000.0,0.0,3.0,2.0
1183901,25000.0,0.0,6.0,2.0
1183902,,,,
1184201,72000.0,0.0,8.0,4.0
1184202,,,,
1184501,,,,
1184701,80000.0,0.0,6.0,2.0
1184702,,,,
1184703,,,,
1184704,,,,
1185001,,,,
1185002,,,,
1185003,,,,
1185301,,,,
1185302,20000.0,0.0,3.0,2.0
1185501,204398.0,0.0,8.0,5.0
1185502,,,,
1185601,,,,
1185602,,,,
1185801,74000.0,0.0,10.0,6.0
1185802,15000.0,0.0,8.0,4.0
1185901,,,,
1185902,16800.0,0.0,2.0,0.0
1185903,,,,
1185904,35000.0,0.0,6.0,2.0
1185905,26000.0,0.0,3.0,2.0
1185906,0.0,0.0,3.0,2.0
1185907,,,,
1185908,14000.0,0.0,6.0,1.0
1186101,,,,
1186201,,,,
1186202,,,,
1186203,,,,
1186501,,,,
1186502,,,,
1186701,40000.0,0.0,3.0,2.0
1186801,133000.0,0.0,8.0,4.0
1186802,,,,
1187001,,,,
1187101,2000.0,1.0,2.0,1.0
1187301,,,,
1187302,,,,
1187303,204398.0,0.0,8.0,4.0
1187401,63000.0,0.0,7.0,3.0
1187402,,,,
1187601,,,,
1187602,105000.0,0.0,6.0,2.0
1187701,,,,
1187702,,,,
1187801,,,,
1187802,48500.0,0.0,8.0,5.0
1187803,35000.0,1.0,3.0,2.0
1187901,60000.0,0.0,8.0,5.0
1187902,25000.0,0.0,3.0,2.0
1188201,,,,
1188501,100.0,0.0,2.0,0.0
1188601,45000.0,0.0,8.0,5.0
1188602,45000.0,0.0,6.0,2.0
1189101,,,,
1189102,,0.0,4.0,2.0
1189401,30000.0,0.0,10.0,6.0
1189402,,,,
1189403,30000.0,0.0,8.0,4.0
1189801,80000.0,0.0,14.0,8.0
1189901,50000.0,0.0,10.0,6.0
1189902,,0.0,6.0,2.0
1190101,75000.0,0.0,5.0,2.0
1190201,125000.0,0.0,14.0,8.0
1190202,130000.0,0.0,10.0,6.0
1190301,,,,
1190501,27000.0,0.0,7.0,3.0
1190502,,,,
1190601,,,,
1190602,,,,
1190603,,,,
1190901,25000.0,0.0,3.0,2.0
1191001,14000.0,0.0,7.0,3.0
1191002,66000.0,0.0,8.0,4.0
1191201,,,,
1191202,,,,
1191501,,,,
1191502,40000.0,0.0,5.0,1.0
1191503,38000.0,0.0,7.0,3.0
1191601,33000.0,0.0,8.0,4.0
1191602,65000.0,0.0,8.0,5.0
1191603,19200.0,0.0,8.0,4.0
1191801,,,,
1191802,55000.0,0.0,8.0,4.0
1191803,23000.0,0.0,7.0,3.0
1191901,59500.0,0.0,8.0,5.0
1191902,5000.0,0.0,7.0,3.0
1192201,,,,
1192301,60000.0,0.0,8.0,5.0
1192302,,,,
1192303,45000.0,0.0,6.0,2.0
1192304,50000.0,0.0,8.0,5.0
1192701,,,,
1192901,,,,
1193001,0.0,0.0,3.0,2.0
1193002,,,,
1193201,,,,
1193202,,,,
1193301,15000.0,0.0,3.0,2.0
1193501,0.0,0.0,8.0,4.0
1193502,,,,
1194001,,,,
1194002,,,,
1194301,,,,
1194401,,,,
1194402,,,,
1194403,,,,
1194801,,,,
1194901,38000.0,0.0,8.0,4.0
1195001,,,,
1195002,25000.0,0.0,5.0,2.0
1195101,,,,
1195102,,,,
1195103,,,,
1195501,50000.0,0.0,7.0,3.0
1195502,19000.0,0.0,5.0,2.0
1195801,60000.0,0.0,8.0,5.0
1195802,1200.0,0.0,7.0,3.0
1195901,,,,
1195902,57000.0,0.0,8.0,5.0
1196201,,,,
1196202,,,,
1196701,,,,
1196801,,,,
1196802,,,,
1196803,,,,
1197001,90000.0,0.0,8.0,5.0
1197002,,,,
1197501,,,,
1197901,,,,
1197902,32000.0,0.0,6.0,2.0
1197903,0.0,0.0,3.0,2.0
1197904,,,,
1197905,40000.0,0.0,3.0,2.0
1197906,0.0,0.0,6.0,2.0
1198001,,,,
1198002,,,,
1198101,0.0,0.0,3.0,2.0
1198102,,0.0,3.0,2.0
1198601,,,,
1198701,,,,
1198702,30000.0,0.0,3.0,2.0
1198801,,,,
1198802,100000.0,0.0,10.0,6.0
1198901,100000.0,0.0,10.0,6.0
1198902,57000.0,0.0,10.0,6.0
1199301,0.0,0.0,7.0,3.0
1199302,38000.0,0.0,3.0,2.0
1199303,29000.0,0.0,8.0,4.0
1199501,82000.0,0.0,8.0,5.0
1199502,,,,
1199503,35000.0,0.0,6.0,2.0
1199601,,,,
1199901,,,,
1199902,,,,
1200001,204398.0,0.0,8.0,5.0
1200101,15000.0,0.0,6.0,1.0
1200102,,,,
1200301,,,,
1200302,,,,
1200401,,,,
1200402,10000.0,0.0,3.0,2.0
1200501,,,,
1201501,45000.0,0.0,2.0,1.0
1201502,15000.0,0.0,2.0,0.0
1201701,60000.0,0.0,8.0,5.0
1201702,,,,
1201801,25000.0,1.0,5.0,2.0
1201802,,,,
1202201,25000.0,0.0,10.0,6.0
1202202,,,,
1202401,,,,
1202402,65000.0,0.0,8.0,4.0
1202403,,,,
1202501,,,,
1202502,80000.0,0.0,8.0,5.0
1202503,95000.0,0.0,10.0,6.0
1202701,,,,
1202702,,,,
1202801,35000.0,0.0,6.0,2.0
1202802,,,,
1202901,35000.0,0.0,3.0,2.0
1202902,0.0,0.0,3.0,2.0
1203001,,,,
1203201,2400.0,0.0,7.0,3.0
1203202,,,,
1203501,,,,
1203502,,,,
1203601,,,,
1203701,,,,
1203801,24000.0,0.0,8.0,4.0
1203802,60000.0,0.0,6.0,2.0
1204201,,,,
1204202,39000.0,0.0,8.0,5.0
1204601,90000.0,0.0,8.0,4.0
1204602,20000.0,0.0,11.0,6.0
1204801,0.0,0.0,2.0,0.0
1204802,,0.0,2.0,0.0
1205101,,,,
1205102,,,,
1205201,49000.0,0.0,6.0,2.0
1205202,3000.0,0.0,7.0,3.0
1205401,50000.0,0.0,8.0,5.0
1205402,27300.0,0.0,8.0,4.0
1205701,,,,
1205702,204398.0,0.0,7.0,3.0
1205703,50000.0,0.0,7.0,3.0
1205801,39000.0,0.0,10.0,6.0
1205802,25000.0,0.0,7.0,3.0
1206101,95000.0,0.0,3.0,2.0
1206102,,,,
1206103,65000.0,0.0,8.0,5.0
1206201,,,,
1206202,,,,
1206203,52000.0,0.0,7.0,3.0
1206301,,,,
1206302,50000.0,0.0,10.0,6.0
1206303,25000.0,0.0,8.0,4.0
1206601,,,,
1206602,,,,
1206603,,,,
1207001,0.0,0.0,8.0,4.0
1207601,25000.0,0.0,8.0,4.0
1207602,50000.0,0.0,8.0,4.0
1207801,85000.0,0.0,8.0,5.0
1207802,,0.0,8.0,5.0
1207803,55000.0,0.0,8.0,5.0
1208301,,,,
1208302,,,,
1208303,0.0,0.0,2.0,0.0
1208501,,,,
1208502,,,,
1208601,28000.0,0.0,7.0,3.0
1208701,55000.0,0.0,7.0,3.0
1208702,34000.0,0.0,8.0,5.0
1209201,,,,
1209202,,,,
1209701,,,,
1209702,53000.0,1.0,7.0,3.0
1209703,36000.0,0.0,6.0,2.0
1209901,6000.0,0.0,3.0,2.0
1210401,,,,
1210402,,,,
1210801,,,,
1210802,,,,
1211301,,,,
1211302,45000.0,0.0,6.0,2.0
1211303,160.0,0.0,2.0,0.0
1211304,,0.0,2.0,0.0
1211501,,,,
1211502,,,,
1211503,,,,
1211504,,,,
1211701,,,,
1211702,,,,
1211703,0.0,0.0,1.0,0.0
1211801,,,,
1212001,,,,
1212002,,,,
1212003,20000.0,0.0,7.0,3.0
1212101,,,,
1212102,,,,
1212103,,,,
1212104,,,,
1212301,,,2.0,1.0
1212302,30000.0,0.0,2.0,1.0
1212303,,,,
1212801,25000.0,0.0,5.0,2.0
1213001,,,,
1213002,30000.0,0.0,3.0,2.0
1213501,,,,
1213502,24000.0,0.0,7.0,3.0
1213701,,,,
1213702,43000.0,0.0,5.0,1.0
1213703,4500.0,0.0,7.0,3.0
1213704,,,,
1213801,,,,
1213802,,,,
1214001,,,,
1214002,,,,
1214201,,,,
1214601,,,,
1214602,,,,
1214603,,,,
1214701,,0.0,6.0,2.0
1214801,,,,
1214802,,,,
1214901,,,,
1215001,,,,
1215002,15000.0,0.0,6.0,1.0
1215003,75000.0,1.0,5.0,0.0
1215301,,0.0,3.0,2.0
1215501,,,,
1216201,,,,
1216202,51000.0,0.0,10.0,6.0
1216401,,,,
1216701,,,,
1216801,,,,
1216802,,,,
1216901,,,,
1216902,,,,
1217201,,,,
1217202,36000.0,0.0,4.0,1.0
1217203,,,,
1217204,,,,
1217205,23000.0,0.0,2.0,0.0
1217601,10000.0,0.0,3.0,2.0
1217602,,,,
1217603,7000.0,0.0,3.0,2.0
1217604,40000.0,0.0,7.0,3.0
1217701,,,,
1217702,,,,
1217703,,,,
1217704,,,,
1217705,,,,
1217706,,,,
1217707,,0.0,6.0,2.0
1218101,,,,
1218102,130000.0,0.0,6.0,2.0
1218103,,,,
1218501,,,,
1218801,,,,
1218802,,,,
1219101,,,,
1219102,,,,
1219103,45000.0,0.0,2.0,1.0
1219104,,,,
1219105,,,,
1219106,,,2.0,0.0
1219107,,,,
1219108,,,,
1219109,10000.0,1.0,2.0,0.0
1219301,,,,
1219302,13000.0,0.0,8.0,4.0
1219401,,0.0,3.0,2.0
1219402,,,,
1219403,,0.0,3.0,2.0
1219404,,,,
1219501,,,,
1220101,23000.0,0.0,3.0,2.0
1220102,15000.0,1.0,2.0,0.0
1220103,5000.0,0.0,6.0,2.0
1220701,,,,
1220702,,,,
1220801,,0.0,3.0,2.0
1221001,,,,
1221002,,0.0,12.0,7.0
1221003,,,,
1221101,,,,
1221401,66000.0,0.0,8.0,5.0
1221402,,,,
1221501,,,,
1221502,,,,
1221601,,,,
1221602,,,,
1221701,,,,
1221702,60000.0,0.0,7.0,3.0
1222201,,,,
1222202,,,,
1222203,,,,
1222204,25000.0,0.0,2.0,0.0
1222801,,,,
1222802,74000.0,0.0,3.0,2.0
1222803,,,,
1223101,,,,
1223102,,,,
1223301,,,,
1223302,,,,
1223801,,,,
1223802,,,,
1223803,,,,
1223901,,,,
1224001,,,,
1224101,,,,
1224201,,,,
1224202,,,,
1224203,,,,
1224701,,,,
1224801,,,,
1224901,,,,
1225101,,,,
1225102,,,,
1225401,75000.0,0.0,6.0,1.0
1225402,65000.0,0.0,8.0,4.0
1225801,,,,
1226301,,,,
1226501,,,,
1226502,,,,
1226701,,,,
1226801,,,,
1226901,,,,
1227201,,,,
1227801,,,,
1228101,,,,
1228102,96000.0,0.0,6.0,2.0
1228103,,,,
1228104,20000.0,1.0,6.0,2.0
1228201,,,,
1228202,,,,
1228203,,,,
1228401,,,,
1228402,4800.0,0.0,6.0,2.0
1228501,,,,
1228601,,,,
1228602,,,,
1228603,,,,
1229101,,,,
1229201,,,,
1229202,,,,
1229301,0.0,0.0,2.0,0.0
1229302,,,,
1229303,,,,
1229304,,,,
1229401,,,,
1229402,,,,
1229403,,,,
1230301,38000.0,0.0,6.0,2.0
1230302,,,,
1230401,45000.0,0.0,8.0,4.0
1230402,,,,
1230403,,,,
1230404,,,,
1230601,,,,
1230701,,,,
1230702,,,,
1230703,,,,
1230901,,,,
1231901,,,,
1231902,,,,
1232001,,,,
1232201,,,,
1232202,,,,
1232901,,,,
1233001,,,,
1233002,,,,
1233003,,,,
1233201,,,,
1233601,,,,
1233602,,,,
1233701,,,,
1233901,,,,
1234701,,,,
1234702,,,,
1234901,,,,
1234902,,,,
1235201,,,,
1235202,,,,
1235601,,,,
1235701,,,,
1235901,,,,
1235902,,,,
1236201,,,,
1236202,,,,
1236203,,,,
1236301,,,,
1236302,,,,
1236601,,,,
1236602,,,,
1236801,,,,
1236802,,,,
1237001,,,,
1237002,,,,
1237003,,,,
1237901,,,,
1237902,,,,
1238101,,,,
1238102,,,,
1238103,,,,
1238301,,,,
1238401,,,,
1238402,,,,
1238901,,,,
1239101,,,,
1239201,,,,
1239501,,,,
1240201,,,,
1240801,,,,
1240802,,,,
1240901,,,,
1240902,,,,
1241701,,,,
1241702,,,,
1241901,,,,
1241902,,,,
1241903,,,,
1241904,,,,
1242101,,,,
1242102,,,,
1242401,,,,
1242901,,,,
1243401,,,,
1243402,,,,
1243901,,,,
1243902,,,,
1244201,,,,
1244202,,,,
1244203,,,,
1244701,,,,
1244702,,,,
1244703,,,,
1244901,,,,
1244902,,,,
1244903,,,,
1244904,,,,
1244905,,,,
1245301,,,,
1245302,,,,
1245701,,,,
1245702,,,,
1245703,,,,
1245901,,,,
1246201,,,,
1246401,,,,
1246402,,,,
1246801,,,,
1246802,,,,
1246803,,,,
1247201,,,,
1247501,,,,
1247601,,,,
1247602,,,,
1247801,,,,
1247802,,,,
1247901,,,,
1247902,,,,
1248001,,,,
1248301,,,,
1248302,,,,
1248303,,,,
1248601,,,,
1248602,,,,
1249001,,,,
1249002,,,,
1249003,,,,
1249201,,,,
1249202,,,,
1249401,,,,
1249501,,,,
1249502,,,,
1249701,,,,
1249901,,,,
1249902,,,,
1250101,,,,
1250201,,,,
1250202,,,,
1250301,,,,
1250302,,,,
1250401,,,,
1250402,,,,
1250501,,,,
1250502,,,,
1250601,,,,
1250602,,,,
1250701,,,,
1250901,,,,
1251101,,,,
1251102,,,,
1251201,,,,
1251301,,,,
1251501,,,,
1251502,,,,
1251601,,,,
1251602,,,,
1251603,,,,
1251801,,,,
1252301,,,,
1252701,,,,
1252901,,,,
1253001,,,,
1253002,,,,
1253201,,,,
1253202,,,,
1253601,,,,
1253602,,,,
1253603,,,,
1254001,,,,
1254002,,,,
1254201,,,,
1254202,,,,
1254203,,,,
1254401,,,,
1255401,,,,
1255402,,,,
1255403,,,,
1255404,,,,
1255501,,,,
1255601,,,,
1255602,,,,
1255603,,,,
1255801,,,,
1256001,,,,
1256601,62000.0,0.0,6.0,2.0
1256602,,,,
1256603,,,,
1256604,80000.0,0.0,10.0,6.0
1256701,,,,
1256702,,,,
1256901,,,,
1256902,,,,
1256903,,,,
1257001,,,,
1257101,,,,
1257201,,,,
1257202,,,,
1257401,,,,
1257402,,,,
1257403,,,,
1257501,,,,
1257502,,,,
1258301,,,,
1259301,,,,
1260101,,,,
1260801,,,,
1261101,,,,
1261601,,,,
1261901,,,,
1262201,,,,
1262202,,,,
1262301,,,,
1262302,,,,
1262701,,,,
1262702,,,,
1264501,,,,
1266401,,,,
1266501,,,,
1266601,,,,
1266602,,,,
1266603,,,,
1266701,,,,
1266702,70000.0,0.0,3.0,2.0
1266703,20000.0,0.0,6.0,2.0
1267001,,,,
1267101,,,,
1267102,,,,
1267201,,,,
1267202,,,,
1267301,,,,
1267302,,,,
1267501,,,,
