child_id,mother_id,white_sample,firstborn,child_has_any_a9_measure,child_has_all_three_a9_types,maternal_a9_complete
201,2,TRUE,TRUE,TRUE,TRUE,TRUE
301,3,TRUE,TRUE,TRUE,TRUE,TRUE
401,4,TRUE,TRUE,TRUE,TRUE,TRUE
801,8,TRUE,TRUE,TRUE,TRUE,TRUE
1001,10,TRUE,TRUE,TRUE,TRUE,TRUE
1201,12,TRUE,TRUE,TRUE,FALSE,TRUE
1601,16,TRUE,TRUE,TRUE,TRUE,TRUE
1901,19,TRUE,TRUE,TRUE,TRUE,FALSE
2001,20,TRUE,TRUE,TRUE,TRUE,TRUE
2501,25,TRUE,TRUE,TRUE,TRUE,TRUE
2701,27,TRUE,TRUE,TRUE,TRUE,TRUE
3001,30,TRUE,TRUE,TRUE,TRUE,TRUE
3501,35,TRUE,TRUE,TRUE,TRUE,TRUE
3701,37,TRUE,TRUE,TRUE,TRUE,TRUE
4301,43,TRUE,TRUE,TRUE,TRUE,TRUE
4401,44,TRUE,TRUE,TRUE,TRUE,TRUE
4601,46,TRUE,TRUE,TRUE,TRUE,TRUE
4901,49,TRUE,TRUE,TRUE,TRUE,TRUE
5001,50,TRUE,TRUE,TRUE,TRUE,TRUE
5701,57,TRUE,TRUE,TRUE,TRUE,TRUE
5801,58,TRUE,TRUE,TRUE,TRUE,TRUE
6101,61,TRUE,TRUE,TRUE,TRUE,TRUE
6201,62,TRUE,TRUE,TRUE,TRUE,TRUE
6801,68,TRUE,TRUE,TRUE,TRUE,TRUE
7501,75,TRUE,TRUE,TRUE,TRUE,TRUE
7801,78,TRUE,TRUE,TRUE,TRUE,TRUE
9101,91,TRUE,TRUE,TRUE,TRUE,TRUE
9201,92,TRUE,TRUE,TRUE,TRUE,TRUE
9501,95,TRUE,TRUE,TRUE,TRUE,TRUE
9601,96,TRUE,TRUE,TRUE,TRUE,TRUE
9701,97,TRUE,TRUE,TRUE,TRUE,TRUE
9801,98,TRUE,TRUE,TRUE,TRUE,TRUE
9901,99,TRUE,TRUE,TRUE,TRUE,FALSE
10001,100,TRUE,TRUE,TRUE,TRUE,TRUE
10201,102,TRUE,TRUE,TRUE,TRUE,TRUE
11101,111,TRUE,TRUE,TRUE,TRUE,TRUE
11201,112,TRUE,TRUE,TRUE,TRUE,TRUE
11501,115,TRUE,TRUE,TRUE,FALSE,TRUE
11801,118,TRUE,TRUE,TRUE,TRUE,TRUE
12101,121,TRUE,TRUE,TRUE,TRUE,TRUE
12401,124,TRUE,TRUE,TRUE,TRUE,TRUE
12801,128,TRUE,TRUE,TRUE,TRUE,TRUE
13301,133,TRUE,TRUE,TRUE,TRUE,TRUE
13701,137,TRUE,TRUE,TRUE,TRUE,TRUE
13801,138,TRUE,TRUE,TRUE,TRUE,TRUE
14001,140,TRUE,TRUE,TRUE,TRUE,TRUE
14301,143,TRUE,TRUE,TRUE,TRUE,TRUE
14401,144,TRUE,TRUE,TRUE,TRUE,TRUE
14701,147,TRUE,TRUE,TRUE,TRUE,TRUE
14901,149,TRUE,TRUE,TRUE,TRUE,TRUE
15301,153,TRUE,TRUE,TRUE,TRUE,FALSE
15701,157,TRUE,TRUE,TRUE,TRUE,TRUE
15801,158,TRUE,TRUE,TRUE,TRUE,TRUE
15901,159,TRUE,TRUE,TRUE,TRUE,TRUE
16001,160,TRUE,TRUE,TRUE,TRUE,TRUE
16101,161,TRUE,TRUE,TRUE,TRUE,TRUE
16501,165,TRUE,TRUE,TRUE,TRUE,TRUE
16701,167,TRUE,TRUE,TRUE,TRUE,TRUE
17201,172,TRUE,TRUE,TRUE,TRUE,TRUE
17501,175,TRUE,TRUE,TRUE,TRUE,FALSE
17901,179,TRUE,TRUE,TRUE,TRUE,TRUE
18001,180,TRUE,TRUE,TRUE,TRUE,TRUE
18301,183,TRUE,TRUE,TRUE,TRUE,TRUE
18401,184,TRUE,TRUE,TRUE,TRUE,TRUE
18601,186,TRUE,TRUE,TRUE,TRUE,TRUE
18801,188,TRUE,TRUE,TRUE,TRUE,TRUE
19001,190,TRUE,TRUE,TRUE,TRUE,TRUE
19201,192,TRUE,TRUE,TRUE,TRUE,TRUE
19701,197,TRUE,TRUE,TRUE,TRUE,TRUE
20001,200,TRUE,TRUE,TRUE,TRUE,TRUE
20801,208,TRUE,TRUE,TRUE,TRUE,TRUE
21101,211,TRUE,TRUE,TRUE,TRUE,TRUE
22901,229,TRUE,TRUE,TRUE,TRUE,TRUE
23101,231,TRUE,TRUE,TRUE,TRUE,TRUE
23601,236,TRUE,TRUE,TRUE,TRUE,TRUE
23701,237,TRUE,TRUE,TRUE,TRUE,TRUE
23901,239,TRUE,TRUE,TRUE,TRUE,TRUE
24001,240,TRUE,TRUE,TRUE,TRUE,TRUE
24201,242,TRUE,TRUE,TRUE,TRUE,TRUE
24401,244,TRUE,TRUE,TRUE,TRUE,TRUE
24501,245,TRUE,TRUE,TRUE,TRUE,TRUE
24901,249,TRUE,TRUE,TRUE,TRUE,TRUE
25001,250,TRUE,TRUE,TRUE,TRUE,FALSE
25201,252,TRUE,TRUE,TRUE,TRUE,FALSE
25401,254,TRUE,TRUE,TRUE,TRUE,TRUE
25501,255,TRUE,TRUE,TRUE,TRUE,TRUE
25601,256,TRUE,TRUE,TRUE,TRUE,TRUE
25801,258,TRUE,TRUE,TRUE,TRUE,TRUE
26201,262,TRUE,TRUE,TRUE,TRUE,TRUE
26501,265,TRUE,TRUE,TRUE,TRUE,TRUE
27201,272,TRUE,TRUE,TRUE,TRUE,TRUE
27501,275,TRUE,TRUE,TRUE,TRUE,TRUE
27801,278,TRUE,TRUE,TRUE,TRUE,TRUE
28201,282,TRUE,TRUE,TRUE,TRUE,TRUE
28701,287,TRUE,TRUE,TRUE,TRUE,TRUE
28801,288,TRUE,TRUE,TRUE,TRUE,TRUE
28901,289,TRUE,TRUE,TRUE,TRUE,TRUE
29201,292,TRUE,TRUE,TRUE,TRUE,TRUE
29301,293,TRUE,TRUE,TRUE,TRUE,TRUE
29401,294,TRUE,TRUE,TRUE,TRUE,TRUE
29701,297,TRUE,TRUE,TRUE,TRUE,TRUE
31201,312,TRUE,TRUE,TRUE,TRUE,TRUE
31401,314,TRUE,TRUE,TRUE,TRUE,FALSE
32101,321,TRUE,TRUE,TRUE,TRUE,TRUE
32201,322,TRUE,TRUE,TRUE,TRUE,TRUE
34401,344,TRUE,TRUE,TRUE,TRUE,TRUE
34701,347,TRUE,TRUE,TRUE,TRUE,TRUE
35401,354,TRUE,TRUE,TRUE,TRUE,TRUE
36501,365,TRUE,TRUE,TRUE,FALSE,TRUE
36901,369,TRUE,TRUE,TRUE,TRUE,TRUE
37101,371,TRUE,TRUE,TRUE,TRUE,TRUE
37301,373,TRUE,TRUE,TRUE,TRUE,TRUE
37401,374,TRUE,TRUE,TRUE,TRUE,TRUE
38901,389,TRUE,TRUE,TRUE,TRUE,FALSE
39901,399,TRUE,TRUE,TRUE,TRUE,TRUE
40001,400,TRUE,TRUE,TRUE,TRUE,TRUE
40101,401,TRUE,TRUE,TRUE,TRUE,TRUE
40201,402,TRUE,TRUE,TRUE,TRUE,TRUE
40501,405,TRUE,TRUE,TRUE,TRUE,TRUE
40701,407,TRUE,TRUE,TRUE,TRUE,TRUE
41401,414,TRUE,TRUE,TRUE,TRUE,TRUE
41601,416,TRUE,TRUE,TRUE,TRUE,TRUE
41801,418,TRUE,TRUE,TRUE,TRUE,TRUE
42301,423,TRUE,TRUE,TRUE,TRUE,FALSE
42501,425,TRUE,TRUE,TRUE,TRUE,TRUE
42701,427,TRUE,TRUE,TRUE,FALSE,FALSE
42801,428,TRUE,TRUE,TRUE,TRUE,TRUE
43101,431,TRUE,TRUE,TRUE,TRUE,TRUE
43701,437,TRUE,TRUE,TRUE,TRUE,TRUE
43801,438,TRUE,TRUE,TRUE,TRUE,TRUE
43901,439,TRUE,TRUE,TRUE,TRUE,TRUE
44201,442,TRUE,TRUE,TRUE,TRUE,TRUE
44401,444,TRUE,TRUE,TRUE,TRUE,TRUE
44601,446,TRUE,TRUE,TRUE,TRUE,TRUE
44901,449,TRUE,TRUE,TRUE,TRUE,TRUE
45201,452,TRUE,TRUE,TRUE,TRUE,TRUE
45501,455,TRUE,TRUE,TRUE,TRUE,TRUE
45801,458,TRUE,TRUE,TRUE,TRUE,TRUE
45901,459,TRUE,TRUE,TRUE,TRUE,TRUE
46201,462,TRUE,TRUE,TRUE,TRUE,TRUE
46501,465,TRUE,TRUE,TRUE,TRUE,TRUE
46701,467,TRUE,TRUE,TRUE,TRUE,TRUE
47101,471,TRUE,TRUE,TRUE,TRUE,TRUE
47201,472,TRUE,TRUE,TRUE,TRUE,TRUE
47401,474,TRUE,TRUE,TRUE,TRUE,TRUE
47501,475,TRUE,TRUE,TRUE,TRUE,TRUE
47601,476,TRUE,TRUE,TRUE,TRUE,FALSE
47801,478,TRUE,TRUE,TRUE,TRUE,TRUE
48501,485,TRUE,TRUE,TRUE,FALSE,TRUE
49101,491,TRUE,TRUE,FALSE,FALSE,TRUE
49201,492,TRUE,TRUE,TRUE,TRUE,TRUE
49401,494,TRUE,TRUE,TRUE,TRUE,TRUE
49501,495,TRUE,TRUE,TRUE,TRUE,TRUE
49901,499,TRUE,TRUE,TRUE,TRUE,TRUE
50101,501,TRUE,TRUE,TRUE,TRUE,TRUE
50301,503,TRUE,TRUE,TRUE,TRUE,TRUE
50401,504,TRUE,TRUE,TRUE,FALSE,TRUE
50601,506,TRUE,TRUE,TRUE,TRUE,TRUE
50701,507,TRUE,TRUE,TRUE,TRUE,TRUE
51501,515,TRUE,TRUE,TRUE,TRUE,TRUE
52801,528,TRUE,TRUE,TRUE,TRUE,TRUE
52901,529,TRUE,TRUE,TRUE,TRUE,FALSE
53001,530,TRUE,TRUE,TRUE,FALSE,TRUE
53201,532,TRUE,TRUE,TRUE,FALSE,TRUE
53301,533,TRUE,TRUE,TRUE,TRUE,TRUE
53601,536,TRUE,TRUE,TRUE,TRUE,TRUE
54201,542,TRUE,TRUE,TRUE,TRUE,FALSE
54401,544,TRUE,TRUE,TRUE,TRUE,TRUE
54601,546,TRUE,TRUE,TRUE,TRUE,TRUE
54801,548,TRUE,TRUE,TRUE,TRUE,TRUE
55001,550,TRUE,TRUE,TRUE,TRUE,TRUE
55201,552,TRUE,TRUE,TRUE,TRUE,TRUE
55701,557,TRUE,TRUE,TRUE,TRUE,TRUE
55801,558,TRUE,TRUE,TRUE,TRUE,TRUE
56301,563,TRUE,TRUE,TRUE,TRUE,TRUE
56701,567,TRUE,TRUE,TRUE,TRUE,TRUE
56801,568,TRUE,TRUE,TRUE,TRUE,TRUE
57201,572,TRUE,TRUE,TRUE,FALSE,FALSE
57401,574,TRUE,TRUE,TRUE,TRUE,TRUE
57601,576,TRUE,TRUE,TRUE,TRUE,TRUE
57901,579,TRUE,TRUE,TRUE,TRUE,TRUE
58201,582,TRUE,TRUE,TRUE,TRUE,TRUE
58501,585,TRUE,TRUE,TRUE,TRUE,TRUE
58801,588,TRUE,TRUE,TRUE,TRUE,TRUE
58901,589,TRUE,TRUE,TRUE,TRUE,TRUE
59001,590,TRUE,TRUE,TRUE,TRUE,TRUE
60401,604,TRUE,TRUE,TRUE,TRUE,TRUE
60801,608,TRUE,TRUE,TRUE,TRUE,TRUE
61101,611,TRUE,TRUE,TRUE,TRUE,TRUE
61501,615,TRUE,TRUE,TRUE,TRUE,TRUE
61801,618,TRUE,TRUE,TRUE,TRUE,TRUE
61901,619,TRUE,TRUE,TRUE,TRUE,TRUE
62701,627,TRUE,TRUE,TRUE,TRUE,TRUE
63201,632,TRUE,TRUE,TRUE,TRUE,TRUE
63401,634,TRUE,TRUE,TRUE,FALSE,TRUE
63501,635,TRUE,TRUE,TRUE,TRUE,TRUE
64001,640,TRUE,TRUE,TRUE,TRUE,TRUE
64201,642,TRUE,TRUE,TRUE,TRUE,TRUE
64301,643,TRUE,TRUE,TRUE,TRUE,TRUE
64801,648,TRUE,TRUE,TRUE,TRUE,TRUE
65001,650,TRUE,TRUE,TRUE,TRUE,TRUE
65401,654,TRUE,TRUE,TRUE,TRUE,TRUE
65601,656,TRUE,TRUE,TRUE,TRUE,TRUE
65701,657,TRUE,TRUE,TRUE,TRUE,TRUE
66001,660,TRUE,TRUE,TRUE,TRUE,TRUE
66201,662,TRUE,TRUE,TRUE,TRUE,TRUE
66401,664,TRUE,TRUE,TRUE,TRUE,TRUE
66501,665,TRUE,TRUE,TRUE,TRUE,TRUE
66801,668,TRUE,TRUE,TRUE,TRUE,TRUE
68801,688,TRUE,TRUE,TRUE,TRUE,TRUE
68901,689,TRUE,TRUE,TRUE,TRUE,TRUE
69101,691,TRUE,TRUE,TRUE,TRUE,TRUE
69201,692,TRUE,TRUE,TRUE,TRUE,TRUE
69401,694,TRUE,TRUE,TRUE,FALSE,FALSE
69601,696,TRUE,TRUE,TRUE,TRUE,FALSE
69801,698,TRUE,TRUE,TRUE,TRUE,TRUE
70301,703,TRUE,TRUE,TRUE,TRUE,TRUE
70401,704,TRUE,TRUE,TRUE,TRUE,TRUE
70601,706,TRUE,TRUE,TRUE,TRUE,TRUE
70801,708,TRUE,TRUE,TRUE,TRUE,TRUE
71201,712,TRUE,TRUE,TRUE,TRUE,TRUE
71301,713,TRUE,TRUE,TRUE,TRUE,TRUE
72001,720,TRUE,TRUE,TRUE,TRUE,TRUE
72101,721,TRUE,TRUE,TRUE,TRUE,TRUE
72401,724,TRUE,TRUE,TRUE,TRUE,TRUE
72601,726,TRUE,TRUE,TRUE,TRUE,FALSE
73302,733,TRUE,TRUE,TRUE,TRUE,TRUE
73601,736,TRUE,TRUE,TRUE,TRUE,TRUE
73901,739,TRUE,TRUE,TRUE,TRUE,TRUE
74001,740,TRUE,TRUE,TRUE,TRUE,TRUE
74302,743,TRUE,TRUE,TRUE,TRUE,TRUE
74601,746,TRUE,TRUE,TRUE,TRUE,TRUE
75201,752,TRUE,TRUE,TRUE,TRUE,TRUE
76101,761,TRUE,TRUE,TRUE,TRUE,TRUE
76801,768,TRUE,TRUE,TRUE,TRUE,TRUE
77001,770,TRUE,TRUE,TRUE,TRUE,TRUE
77501,775,TRUE,TRUE,TRUE,TRUE,TRUE
77901,779,TRUE,TRUE,TRUE,TRUE,TRUE
78501,785,TRUE,TRUE,TRUE,FALSE,TRUE
78701,787,TRUE,TRUE,TRUE,FALSE,TRUE
78801,788,TRUE,TRUE,TRUE,TRUE,TRUE
78901,789,TRUE,TRUE,TRUE,TRUE,TRUE
79001,790,TRUE,TRUE,TRUE,TRUE,TRUE
79201,792,TRUE,TRUE,TRUE,TRUE,TRUE
80101,801,TRUE,TRUE,TRUE,TRUE,TRUE
80301,803,TRUE,TRUE,TRUE,TRUE,TRUE
80401,804,TRUE,TRUE,TRUE,TRUE,TRUE
80501,805,TRUE,TRUE,TRUE,TRUE,TRUE
81001,810,TRUE,TRUE,TRUE,TRUE,TRUE
81101,811,TRUE,TRUE,TRUE,TRUE,TRUE
81201,812,TRUE,TRUE,TRUE,TRUE,TRUE
81401,814,TRUE,TRUE,TRUE,TRUE,TRUE
81601,816,TRUE,TRUE,TRUE,TRUE,TRUE
82001,820,TRUE,TRUE,TRUE,TRUE,TRUE
82401,824,TRUE,TRUE,TRUE,FALSE,TRUE
82801,828,TRUE,TRUE,TRUE,TRUE,TRUE
82901,829,TRUE,TRUE,TRUE,TRUE,TRUE
84101,841,TRUE,TRUE,TRUE,TRUE,TRUE
84201,842,TRUE,TRUE,TRUE,TRUE,TRUE
84301,843,TRUE,TRUE,TRUE,TRUE,TRUE
84501,845,TRUE,TRUE,TRUE,FALSE,FALSE
84801,848,TRUE,TRUE,TRUE,TRUE,TRUE
85201,852,TRUE,TRUE,TRUE,TRUE,TRUE
85401,854,TRUE,TRUE,TRUE,TRUE,TRUE
85501,855,TRUE,TRUE,TRUE,TRUE,TRUE
85601,856,TRUE,TRUE,TRUE,TRUE,TRUE
86201,862,TRUE,TRUE,TRUE,TRUE,TRUE
86601,866,TRUE,TRUE,TRUE,TRUE,TRUE
86701,867,TRUE,TRUE,TRUE,FALSE,TRUE
86902,869,TRUE,TRUE,TRUE,FALSE,TRUE
87501,875,TRUE,TRUE,TRUE,TRUE,TRUE
87601,876,TRUE,TRUE,TRUE,TRUE,TRUE
87901,879,TRUE,TRUE,TRUE,TRUE,TRUE
88001,880,TRUE,TRUE,TRUE,TRUE,FALSE
88601,886,TRUE,TRUE,TRUE,TRUE,TRUE
88701,887,TRUE,TRUE,TRUE,TRUE,TRUE
88901,889,TRUE,TRUE,TRUE,TRUE,TRUE
89301,893,TRUE,TRUE,TRUE,TRUE,TRUE
89401,894,TRUE,TRUE,TRUE,FALSE,FALSE
89501,895,TRUE,TRUE,TRUE,TRUE,TRUE
89601,896,TRUE,TRUE,TRUE,TRUE,TRUE
89801,898,TRUE,TRUE,TRUE,TRUE,TRUE
90001,900,TRUE,TRUE,TRUE,TRUE,TRUE
90401,904,TRUE,TRUE,FALSE,FALSE,TRUE
90601,906,TRUE,TRUE,TRUE,TRUE,TRUE
91201,912,TRUE,TRUE,TRUE,TRUE,TRUE
91801,918,TRUE,TRUE,TRUE,TRUE,TRUE
92301,923,TRUE,TRUE,TRUE,TRUE,TRUE
92801,928,TRUE,TRUE,TRUE,TRUE,TRUE
93201,932,TRUE,TRUE,TRUE,TRUE,TRUE
93501,935,TRUE,TRUE,TRUE,TRUE,TRUE
93601,936,TRUE,TRUE,TRUE,TRUE,TRUE
93901,939,TRUE,TRUE,TRUE,TRUE,TRUE
94001,940,TRUE,TRUE,TRUE,TRUE,TRUE
94201,942,TRUE,TRUE,TRUE,TRUE,TRUE
94901,949,TRUE,TRUE,TRUE,TRUE,TRUE
95001,950,TRUE,TRUE,TRUE,TRUE,TRUE
95201,952,TRUE,TRUE,TRUE,TRUE,TRUE
95301,953,TRUE,TRUE,TRUE,TRUE,TRUE
95401,954,TRUE,TRUE,TRUE,TRUE,TRUE
96201,962,TRUE,TRUE,TRUE,TRUE,TRUE
96401,964,TRUE,TRUE,TRUE,TRUE,TRUE
96601,966,TRUE,TRUE,TRUE,TRUE,TRUE
96701,967,TRUE,TRUE,TRUE,TRUE,TRUE
97101,971,TRUE,TRUE,TRUE,TRUE,TRUE
97401,974,TRUE,TRUE,TRUE,TRUE,TRUE
97501,975,TRUE,TRUE,TRUE,TRUE,FALSE
97801,978,TRUE,TRUE,TRUE,TRUE,TRUE
97901,979,TRUE,TRUE,TRUE,TRUE,TRUE
98101,981,TRUE,TRUE,TRUE,TRUE,TRUE
99201,992,TRUE,TRUE,TRUE,TRUE,TRUE
99501,995,TRUE,TRUE,TRUE,TRUE,TRUE
99801,998,TRUE,TRUE,TRUE,TRUE,TRUE
99901,999,TRUE,TRUE,TRUE,TRUE,TRUE
100501,1005,TRUE,TRUE,TRUE,TRUE,TRUE
100801,1008,TRUE,TRUE,TRUE,TRUE,TRUE
100901,1009,TRUE,TRUE,TRUE,TRUE,TRUE
101501,1015,TRUE,TRUE,TRUE,TRUE,TRUE
101601,1016,TRUE,TRUE,TRUE,TRUE,TRUE
101701,1017,TRUE,TRUE,TRUE,TRUE,TRUE
101801,1018,TRUE,TRUE,TRUE,TRUE,TRUE
101901,1019,TRUE,TRUE,TRUE,TRUE,TRUE
102401,1024,TRUE,TRUE,TRUE,TRUE,TRUE
103501,1035,TRUE,TRUE,TRUE,TRUE,TRUE
103601,1036,TRUE,TRUE,TRUE,TRUE,FALSE
103801,1038,TRUE,TRUE,TRUE,TRUE,TRUE
103901,1039,TRUE,TRUE,TRUE,TRUE,TRUE
104001,1040,TRUE,TRUE,TRUE,TRUE,TRUE
104801,1048,TRUE,TRUE,TRUE,TRUE,TRUE
104901,1049,TRUE,TRUE,TRUE,TRUE,TRUE
105001,1050,TRUE,TRUE,TRUE,FALSE,TRUE
105601,1056,TRUE,TRUE,TRUE,TRUE,TRUE
106301,1063,TRUE,TRUE,TRUE,TRUE,TRUE
106501,1065,TRUE,TRUE,TRUE,TRUE,TRUE
106901,1069,TRUE,TRUE,TRUE,TRUE,TRUE
107701,1077,TRUE,TRUE,TRUE,TRUE,TRUE
108001,1080,TRUE,TRUE,TRUE,TRUE,TRUE
108201,1082,TRUE,TRUE,TRUE,TRUE,TRUE
108301,1083,TRUE,TRUE,TRUE,TRUE,TRUE
108601,1086,TRUE,TRUE,TRUE,FALSE,TRUE
108701,1087,TRUE,TRUE,TRUE,TRUE,TRUE
108801,1088,TRUE,TRUE,TRUE,TRUE,TRUE
109001,1090,TRUE,TRUE,TRUE,TRUE,TRUE
109301,1093,TRUE,TRUE,TRUE,TRUE,TRUE
110301,1103,TRUE,TRUE,TRUE,TRUE,TRUE
110401,1104,TRUE,TRUE,TRUE,TRUE,TRUE
110801,1108,TRUE,TRUE,TRUE,TRUE,TRUE
111001,1110,TRUE,TRUE,TRUE,FALSE,TRUE
111101,1111,TRUE,TRUE,TRUE,TRUE,TRUE
111201,1112,TRUE,TRUE,TRUE,TRUE,TRUE
113301,1133,TRUE,TRUE,TRUE,TRUE,FALSE
113501,1135,TRUE,TRUE,TRUE,TRUE,TRUE
114101,1141,TRUE,TRUE,TRUE,TRUE,TRUE
114701,1147,TRUE,TRUE,TRUE,TRUE,TRUE
116301,1163,TRUE,TRUE,TRUE,TRUE,TRUE
116401,1164,TRUE,TRUE,TRUE,TRUE,FALSE
116701,1167,TRUE,TRUE,TRUE,FALSE,TRUE
117001,1170,TRUE,TRUE,TRUE,TRUE,TRUE
117201,1172,TRUE,TRUE,TRUE,TRUE,TRUE
117701,1177,TRUE,TRUE,TRUE,TRUE,TRUE
117901,1179,TRUE,TRUE,TRUE,TRUE,TRUE
118101,1181,TRUE,TRUE,TRUE,TRUE,TRUE
118401,1184,TRUE,TRUE,TRUE,TRUE,TRUE
118701,1187,TRUE,TRUE,TRUE,TRUE,TRUE
119901,1199,TRUE,TRUE,TRUE,TRUE,TRUE
120001,1200,TRUE,TRUE,TRUE,TRUE,TRUE
122501,1225,TRUE,TRUE,TRUE,TRUE,TRUE
122601,1226,TRUE,TRUE,TRUE,TRUE,TRUE
122801,1228,TRUE,TRUE,TRUE,TRUE,TRUE
123001,1230,TRUE,TRUE,TRUE,TRUE,TRUE
123101,1231,TRUE,TRUE,TRUE,TRUE,TRUE
123301,1233,TRUE,TRUE,TRUE,TRUE,TRUE
123401,1234,TRUE,TRUE,TRUE,TRUE,TRUE
123601,1236,TRUE,TRUE,TRUE,TRUE,TRUE
123801,1238,TRUE,TRUE,TRUE,TRUE,TRUE
124101,1241,TRUE,TRUE,TRUE,TRUE,TRUE
124201,1242,TRUE,TRUE,TRUE,TRUE,TRUE
124401,1244,TRUE,TRUE,TRUE,TRUE,TRUE
124601,1246,TRUE,TRUE,TRUE,TRUE,TRUE
125001,1250,TRUE,TRUE,TRUE,TRUE,TRUE
125101,1251,TRUE,TRUE,TRUE,TRUE,TRUE
125301,1253,TRUE,TRUE,TRUE,TRUE,TRUE
125401,1254,TRUE,TRUE,TRUE,TRUE,TRUE
125501,1255,TRUE,TRUE,TRUE,TRUE,TRUE
125801,1258,TRUE,TRUE,TRUE,TRUE,TRUE
125901,1259,TRUE,TRUE,TRUE,TRUE,TRUE
126101,1261,TRUE,TRUE,TRUE,TRUE,TRUE
126301,1263,TRUE,TRUE,TRUE,TRUE,TRUE
127101,1271,TRUE,TRUE,TRUE,FALSE,TRUE
127701,1277,TRUE,TRUE,TRUE,TRUE,TRUE
127901,1279,TRUE,TRUE,TRUE,TRUE,TRUE
129601,1296,TRUE,TRUE,TRUE,TRUE,TRUE
130201,1302,TRUE,TRUE,TRUE,FALSE,TRUE
130401,1304,TRUE,TRUE,TRUE,TRUE,TRUE
130501,1305,TRUE,TRUE,TRUE,TRUE,TRUE
130601,1306,TRUE,TRUE,TRUE,TRUE,TRUE
131001,1310,TRUE,TRUE,TRUE,TRUE,TRUE
131201,1312,TRUE,TRUE,TRUE,TRUE,TRUE
132201,1322,TRUE,TRUE,TRUE,TRUE,TRUE
132301,1323,TRUE,TRUE,TRUE,TRUE,TRUE
132401,1324,TRUE,TRUE,TRUE,TRUE,TRUE
132601,1326,TRUE,TRUE,TRUE,TRUE,TRUE
132701,1327,TRUE,TRUE,TRUE,TRUE,TRUE
132801,1328,TRUE,TRUE,TRUE,TRUE,TRUE
133501,1335,TRUE,TRUE,TRUE,TRUE,TRUE
133601,1336,TRUE,TRUE,TRUE,TRUE,FALSE
134101,1341,TRUE,TRUE,TRUE,TRUE,TRUE
134301,1343,TRUE,TRUE,TRUE,TRUE,TRUE
134701,1347,TRUE,TRUE,TRUE,FALSE,TRUE
134801,1348,TRUE,TRUE,FALSE,FALSE,TRUE
135201,1352,TRUE,TRUE,TRUE,TRUE,TRUE
135601,1356,TRUE,TRUE,TRUE,TRUE,TRUE
135901,1359,TRUE,TRUE,TRUE,TRUE,TRUE
136001,1360,TRUE,TRUE,TRUE,TRUE,TRUE
136101,1361,TRUE,TRUE,TRUE,TRUE,TRUE
136201,1362,TRUE,TRUE,TRUE,TRUE,TRUE
136601,1366,TRUE,TRUE,TRUE,TRUE,TRUE
137001,1370,TRUE,TRUE,TRUE,TRUE,TRUE
137401,1374,TRUE,TRUE,TRUE,TRUE,TRUE
139401,1394,TRUE,TRUE,TRUE,TRUE,TRUE
139801,1398,TRUE,TRUE,TRUE,FALSE,TRUE
140701,1407,TRUE,TRUE,FALSE,FALSE,FALSE
140901,1409,TRUE,TRUE,TRUE,TRUE,TRUE
141001,1410,TRUE,TRUE,TRUE,TRUE,TRUE
141101,1411,TRUE,TRUE,TRUE,TRUE,TRUE
141201,1412,TRUE,TRUE,TRUE,TRUE,TRUE
141601,1416,TRUE,TRUE,TRUE,TRUE,TRUE
142101,1421,TRUE,TRUE,TRUE,FALSE,TRUE
142301,1423,TRUE,TRUE,TRUE,TRUE,TRUE
142601,1426,TRUE,TRUE,TRUE,TRUE,TRUE
144301,1443,TRUE,TRUE,TRUE,TRUE,TRUE
145501,1455,TRUE,TRUE,TRUE,TRUE,TRUE
145901,1459,TRUE,TRUE,TRUE,TRUE,TRUE
146002,1460,TRUE,TRUE,TRUE,TRUE,TRUE
146501,1465,TRUE,TRUE,TRUE,TRUE,TRUE
146701,1467,TRUE,TRUE,TRUE,TRUE,TRUE
146901,1469,TRUE,TRUE,TRUE,TRUE,TRUE
147001,1470,TRUE,TRUE,TRUE,TRUE,TRUE
147401,1474,TRUE,TRUE,TRUE,TRUE,TRUE
147801,1478,TRUE,TRUE,TRUE,FALSE,TRUE
149301,1493,TRUE,TRUE,TRUE,TRUE,TRUE
149401,1494,TRUE,TRUE,TRUE,TRUE,TRUE
149501,1495,TRUE,TRUE,TRUE,TRUE,TRUE
149801,1498,TRUE,TRUE,TRUE,TRUE,FALSE
149901,1499,TRUE,TRUE,TRUE,TRUE,TRUE
150201,1502,TRUE,TRUE,TRUE,TRUE,TRUE
150701,1507,TRUE,TRUE,TRUE,TRUE,TRUE
151201,1512,TRUE,TRUE,TRUE,TRUE,TRUE
152501,1525,TRUE,TRUE,TRUE,TRUE,TRUE
153101,1531,TRUE,TRUE,FALSE,FALSE,TRUE
153201,1532,TRUE,TRUE,TRUE,TRUE,TRUE
153901,1539,TRUE,TRUE,TRUE,TRUE,TRUE
154101,1541,TRUE,TRUE,TRUE,TRUE,TRUE
154401,1544,TRUE,TRUE,TRUE,TRUE,TRUE
154601,1546,TRUE,TRUE,TRUE,TRUE,TRUE
154801,1548,TRUE,TRUE,TRUE,TRUE,TRUE
154901,1549,TRUE,TRUE,TRUE,TRUE,TRUE
155101,1551,TRUE,TRUE,TRUE,TRUE,TRUE
155201,1552,TRUE,TRUE,TRUE,TRUE,TRUE
155301,1553,TRUE,TRUE,TRUE,TRUE,TRUE
155801,1558,TRUE,TRUE,TRUE,TRUE,TRUE
155901,1559,TRUE,TRUE,TRUE,TRUE,TRUE
156201,1562,TRUE,TRUE,TRUE,TRUE,TRUE
156401,1564,TRUE,TRUE,TRUE,TRUE,TRUE
156601,1566,TRUE,TRUE,TRUE,TRUE,TRUE
157101,1571,TRUE,TRUE,TRUE,TRUE,TRUE
157901,1579,TRUE,TRUE,TRUE,TRUE,TRUE
158101,1581,TRUE,TRUE,TRUE,TRUE,TRUE
158301,1583,TRUE,TRUE,TRUE,TRUE,TRUE
158401,1584,TRUE,TRUE,TRUE,TRUE,TRUE
158701,1587,TRUE,TRUE,TRUE,TRUE,TRUE
159201,1592,TRUE,TRUE,TRUE,TRUE,TRUE
159301,1593,TRUE,TRUE,TRUE,TRUE,TRUE
159601,1596,TRUE,TRUE,TRUE,TRUE,TRUE
159801,1598,TRUE,TRUE,TRUE,TRUE,TRUE
159901,1599,TRUE,TRUE,TRUE,TRUE,TRUE
160001,1600,TRUE,TRUE,TRUE,TRUE,TRUE
160501,1605,TRUE,TRUE,TRUE,TRUE,TRUE
160601,1606,TRUE,TRUE,TRUE,TRUE,TRUE
160801,1608,TRUE,TRUE,TRUE,TRUE,TRUE
160901,1609,TRUE,TRUE,TRUE,TRUE,TRUE
161001,1610,TRUE,TRUE,TRUE,TRUE,TRUE
161601,1616,TRUE,TRUE,TRUE,TRUE,TRUE
161701,1617,TRUE,TRUE,TRUE,TRUE,TRUE
162301,1623,TRUE,TRUE,TRUE,TRUE,TRUE
162501,1625,TRUE,TRUE,TRUE,TRUE,TRUE
162901,1629,TRUE,TRUE,TRUE,TRUE,TRUE
163401,1634,TRUE,TRUE,TRUE,TRUE,TRUE
163801,1638,TRUE,TRUE,TRUE,TRUE,TRUE
163901,1639,TRUE,TRUE,TRUE,TRUE,TRUE
164001,1640,TRUE,TRUE,TRUE,TRUE,TRUE
164801,1648,TRUE,TRUE,TRUE,TRUE,TRUE
165201,1652,TRUE,TRUE,TRUE,TRUE,TRUE
165501,1655,TRUE,TRUE,TRUE,TRUE,TRUE
165601,1656,TRUE,TRUE,TRUE,TRUE,TRUE
165701,1657,TRUE,TRUE,TRUE,TRUE,TRUE
165801,1658,TRUE,TRUE,TRUE,TRUE,TRUE
166101,1661,TRUE,TRUE,TRUE,TRUE,FALSE
166201,1662,TRUE,TRUE,TRUE,TRUE,TRUE
167102,1671,TRUE,TRUE,TRUE,TRUE,TRUE
167401,1674,TRUE,TRUE,TRUE,TRUE,TRUE
167501,1675,TRUE,TRUE,TRUE,TRUE,TRUE
167601,1676,TRUE,TRUE,TRUE,TRUE,TRUE
168301,1683,TRUE,TRUE,TRUE,TRUE,FALSE
172501,1725,TRUE,TRUE,TRUE,TRUE,TRUE
172601,1726,TRUE,TRUE,TRUE,TRUE,TRUE
172701,1727,TRUE,TRUE,TRUE,FALSE,TRUE
173001,1730,TRUE,TRUE,TRUE,TRUE,TRUE
173201,1732,TRUE,TRUE,TRUE,TRUE,TRUE
173301,1733,TRUE,TRUE,TRUE,TRUE,TRUE
173401,1734,TRUE,TRUE,TRUE,TRUE,TRUE
173501,1735,TRUE,TRUE,TRUE,TRUE,TRUE
173601,1736,TRUE,TRUE,TRUE,TRUE,TRUE
173801,1738,TRUE,TRUE,TRUE,FALSE,TRUE
174001,1740,TRUE,TRUE,TRUE,TRUE,TRUE
174501,1745,TRUE,TRUE,TRUE,TRUE,TRUE
174701,1747,TRUE,TRUE,TRUE,TRUE,TRUE
176601,1766,TRUE,TRUE,TRUE,TRUE,TRUE
176801,1768,TRUE,TRUE,TRUE,TRUE,TRUE
176901,1769,TRUE,TRUE,TRUE,TRUE,TRUE
177001,1770,TRUE,TRUE,TRUE,TRUE,FALSE
177601,1776,TRUE,TRUE,TRUE,TRUE,TRUE
177801,1778,TRUE,TRUE,TRUE,TRUE,TRUE
178501,1785,TRUE,TRUE,TRUE,TRUE,TRUE
178601,1786,TRUE,TRUE,TRUE,TRUE,TRUE
178901,1789,TRUE,TRUE,TRUE,TRUE,FALSE
179401,1794,TRUE,TRUE,TRUE,TRUE,FALSE
179501,1795,TRUE,TRUE,TRUE,TRUE,TRUE
179701,1797,TRUE,TRUE,TRUE,TRUE,TRUE
179901,1799,TRUE,TRUE,TRUE,FALSE,TRUE
180101,1801,TRUE,TRUE,FALSE,FALSE,TRUE
180301,1803,TRUE,TRUE,TRUE,TRUE,TRUE
180401,1804,TRUE,TRUE,TRUE,TRUE,TRUE
180801,1808,TRUE,TRUE,TRUE,TRUE,TRUE
182601,1826,TRUE,TRUE,TRUE,TRUE,TRUE
182801,1828,TRUE,TRUE,TRUE,TRUE,TRUE
184201,1842,TRUE,TRUE,TRUE,TRUE,TRUE
184401,1844,TRUE,TRUE,TRUE,TRUE,TRUE
184901,1849,TRUE,TRUE,TRUE,TRUE,TRUE
185201,1852,TRUE,TRUE,TRUE,TRUE,TRUE
185301,1853,TRUE,TRUE,TRUE,TRUE,TRUE
185601,1856,TRUE,TRUE,TRUE,TRUE,TRUE
185801,1858,TRUE,TRUE,TRUE,TRUE,TRUE
186201,1862,TRUE,TRUE,TRUE,TRUE,TRUE
186301,1863,TRUE,TRUE,TRUE,TRUE,TRUE
186501,1865,TRUE,TRUE,TRUE,TRUE,TRUE
186601,1866,TRUE,TRUE,TRUE,TRUE,TRUE
186801,1868,TRUE,TRUE,TRUE,TRUE,TRUE
187001,1870,TRUE,TRUE,TRUE,TRUE,TRUE
187601,1876,TRUE,TRUE,TRUE,TRUE,TRUE
187801,1878,TRUE,TRUE,TRUE,TRUE,TRUE
188001,1880,TRUE,TRUE,TRUE,TRUE,TRUE
188501,1885,TRUE,TRUE,TRUE,TRUE,TRUE
188602,1886,TRUE,TRUE,TRUE,TRUE,TRUE
189201,1892,TRUE,TRUE,TRUE,TRUE,TRUE
189601,1896,TRUE,TRUE,TRUE,TRUE,TRUE
189801,1898,TRUE,TRUE,TRUE,TRUE,TRUE
190001,1900,TRUE,TRUE,TRUE,TRUE,TRUE
190201,1902,TRUE,TRUE,TRUE,TRUE,TRUE
190401,1904,TRUE,TRUE,TRUE,TRUE,TRUE
190501,1905,TRUE,TRUE,TRUE,TRUE,TRUE
190601,1906,TRUE,TRUE,TRUE,TRUE,TRUE
190701,1907,TRUE,TRUE,FALSE,FALSE,TRUE
191201,1912,TRUE,TRUE,TRUE,TRUE,TRUE
191501,1915,TRUE,TRUE,TRUE,TRUE,TRUE
192201,1922,TRUE,TRUE,TRUE,FALSE,TRUE
192601,1926,TRUE,TRUE,TRUE,TRUE,TRUE
192701,1927,TRUE,TRUE,TRUE,TRUE,TRUE
192801,1928,TRUE,TRUE,TRUE,TRUE,FALSE
193201,1932,TRUE,TRUE,TRUE,TRUE,TRUE
193301,1933,TRUE,TRUE,FALSE,FALSE,TRUE
193401,1934,TRUE,TRUE,TRUE,TRUE,TRUE
193501,1935,TRUE,TRUE,TRUE,TRUE,TRUE
193601,1936,TRUE,TRUE,TRUE,TRUE,TRUE
193702,1937,TRUE,TRUE,TRUE,TRUE,TRUE
193801,1938,TRUE,TRUE,TRUE,TRUE,TRUE
194001,1940,TRUE,TRUE,TRUE,TRUE,TRUE
194701,1947,TRUE,TRUE,TRUE,TRUE,TRUE
194801,1948,TRUE,TRUE,TRUE,TRUE,TRUE
195101,1951,TRUE,TRUE,TRUE,TRUE,TRUE
195301,1953,TRUE,TRUE,TRUE,TRUE,TRUE
195401,1954,TRUE,TRUE,TRUE,TRUE,TRUE
196001,1960,TRUE,TRUE,TRUE,TRUE,TRUE
196201,1962,TRUE,TRUE,TRUE,TRUE,TRUE
196501,1965,TRUE,TRUE,TRUE,TRUE,TRUE
197401,1974,TRUE,TRUE,TRUE,TRUE,TRUE
198001,1980,TRUE,TRUE,TRUE,TRUE,TRUE
198601,1986,TRUE,TRUE,TRUE,TRUE,TRUE
199001,1990,TRUE,TRUE,TRUE,TRUE,TRUE
199301,1993,TRUE,TRUE,TRUE,TRUE,TRUE
199401,1994,TRUE,TRUE,TRUE,TRUE,TRUE
199501,1995,TRUE,TRUE,TRUE,TRUE,TRUE
199701,1997,TRUE,TRUE,TRUE,TRUE,FALSE
200201,2002,TRUE,TRUE,TRUE,TRUE,TRUE
200301,2003,TRUE,TRUE,TRUE,TRUE,TRUE
200401,2004,TRUE,TRUE,TRUE,TRUE,TRUE
200801,2008,TRUE,TRUE,TRUE,TRUE,TRUE
200901,2009,TRUE,TRUE,TRUE,TRUE,TRUE
201201,2012,TRUE,TRUE,TRUE,TRUE,TRUE
201301,2013,TRUE,TRUE,TRUE,TRUE,TRUE
201601,2016,TRUE,TRUE,TRUE,TRUE,TRUE
202101,2021,TRUE,TRUE,TRUE,TRUE,TRUE
202701,2027,TRUE,TRUE,TRUE,TRUE,TRUE
203001,2030,TRUE,TRUE,TRUE,TRUE,TRUE
203501,2035,TRUE,TRUE,TRUE,TRUE,TRUE
203601,2036,TRUE,TRUE,TRUE,FALSE,TRUE
204201,2042,TRUE,TRUE,TRUE,TRUE,TRUE
204601,2046,TRUE,TRUE,TRUE,TRUE,TRUE
204901,2049,TRUE,TRUE,TRUE,TRUE,TRUE
205001,2050,TRUE,TRUE,TRUE,TRUE,TRUE
205201,2052,TRUE,TRUE,TRUE,TRUE,FALSE
205301,2053,TRUE,TRUE,TRUE,FALSE,TRUE
205401,2054,TRUE,TRUE,TRUE,TRUE,TRUE
205701,2057,TRUE,TRUE,TRUE,TRUE,TRUE
206101,2061,TRUE,TRUE,TRUE,FALSE,TRUE
206201,2062,TRUE,TRUE,TRUE,TRUE,TRUE
206301,2063,TRUE,TRUE,TRUE,TRUE,TRUE
206401,2064,TRUE,TRUE,TRUE,TRUE,TRUE
206601,2066,TRUE,TRUE,TRUE,TRUE,TRUE
206801,2068,TRUE,TRUE,TRUE,TRUE,TRUE
207001,2070,TRUE,TRUE,TRUE,TRUE,TRUE
207101,2071,TRUE,TRUE,TRUE,TRUE,TRUE
207201,2072,TRUE,TRUE,TRUE,TRUE,TRUE
207301,2073,TRUE,TRUE,TRUE,TRUE,TRUE
207401,2074,TRUE,TRUE,TRUE,TRUE,TRUE
207601,2076,TRUE,TRUE,TRUE,TRUE,TRUE
207701,2077,TRUE,TRUE,TRUE,TRUE,TRUE
207901,2079,TRUE,TRUE,TRUE,TRUE,TRUE
208201,2082,TRUE,TRUE,TRUE,TRUE,TRUE
208301,2083,TRUE,TRUE,TRUE,TRUE,TRUE
208801,2088,TRUE,TRUE,TRUE,TRUE,TRUE
209401,2094,TRUE,TRUE,TRUE,TRUE,TRUE
209801,2098,TRUE,TRUE,TRUE,TRUE,TRUE
209901,2099,TRUE,TRUE,TRUE,TRUE,TRUE
210201,2102,TRUE,TRUE,TRUE,TRUE,TRUE
210301,2103,TRUE,TRUE,TRUE,TRUE,TRUE
210401,2104,TRUE,TRUE,TRUE,TRUE,TRUE
210501,2105,TRUE,TRUE,TRUE,TRUE,TRUE
211201,2112,TRUE,TRUE,TRUE,TRUE,TRUE
211901,2119,TRUE,TRUE,TRUE,TRUE,TRUE
212001,2120,TRUE,TRUE,TRUE,TRUE,TRUE
212101,2121,TRUE,TRUE,TRUE,TRUE,TRUE
212301,2123,TRUE,TRUE,TRUE,TRUE,TRUE
212401,2124,TRUE,TRUE,TRUE,TRUE,TRUE
212501,2125,TRUE,TRUE,TRUE,TRUE,TRUE
212601,2126,TRUE,TRUE,TRUE,TRUE,TRUE
212801,2128,TRUE,TRUE,TRUE,TRUE,TRUE
213001,2130,TRUE,TRUE,TRUE,TRUE,TRUE
213101,2131,TRUE,TRUE,TRUE,TRUE,TRUE
213201,2132,TRUE,TRUE,TRUE,TRUE,TRUE
213301,2133,TRUE,TRUE,TRUE,TRUE,TRUE
213401,2134,TRUE,TRUE,TRUE,TRUE,TRUE
213701,2137,TRUE,TRUE,TRUE,TRUE,TRUE
213901,2139,TRUE,TRUE,TRUE,TRUE,TRUE
214001,2140,TRUE,TRUE,TRUE,TRUE,TRUE
214201,2142,TRUE,TRUE,TRUE,TRUE,TRUE
215001,2150,TRUE,TRUE,TRUE,FALSE,TRUE
215301,2153,TRUE,TRUE,TRUE,TRUE,TRUE
215401,2154,TRUE,TRUE,TRUE,TRUE,TRUE
215501,2155,TRUE,TRUE,TRUE,TRUE,TRUE
215601,2156,TRUE,TRUE,TRUE,TRUE,TRUE
215801,2158,TRUE,TRUE,TRUE,TRUE,TRUE
216101,2161,TRUE,TRUE,TRUE,TRUE,TRUE
216701,2167,TRUE,TRUE,TRUE,TRUE,TRUE
217401,2174,TRUE,TRUE,TRUE,TRUE,TRUE
217501,2175,TRUE,TRUE,TRUE,TRUE,TRUE
217601,2176,TRUE,TRUE,TRUE,TRUE,TRUE
217901,2179,TRUE,TRUE,TRUE,TRUE,TRUE
218101,2181,TRUE,TRUE,TRUE,TRUE,TRUE
218601,2186,TRUE,TRUE,TRUE,TRUE,TRUE
219001,2190,TRUE,TRUE,TRUE,TRUE,TRUE
219302,2193,TRUE,TRUE,TRUE,TRUE,FALSE
219601,2196,TRUE,TRUE,TRUE,TRUE,TRUE
220001,2200,TRUE,TRUE,TRUE,TRUE,TRUE
220301,2203,TRUE,TRUE,TRUE,TRUE,TRUE
220401,2204,TRUE,TRUE,TRUE,TRUE,TRUE
220601,2206,TRUE,TRUE,TRUE,TRUE,TRUE
221501,2215,TRUE,TRUE,TRUE,FALSE,TRUE
221701,2217,TRUE,TRUE,TRUE,TRUE,TRUE
222101,2221,TRUE,TRUE,TRUE,TRUE,TRUE
222401,2224,TRUE,TRUE,TRUE,TRUE,TRUE
223001,2230,TRUE,TRUE,TRUE,TRUE,TRUE
223201,2232,TRUE,TRUE,TRUE,TRUE,TRUE
223401,2234,TRUE,TRUE,TRUE,TRUE,TRUE
223501,2235,TRUE,TRUE,TRUE,TRUE,TRUE
223701,2237,TRUE,TRUE,TRUE,TRUE,TRUE
224001,2240,TRUE,TRUE,TRUE,TRUE,FALSE
224301,2243,TRUE,TRUE,TRUE,TRUE,TRUE
224601,2246,TRUE,TRUE,TRUE,TRUE,TRUE
224701,2247,TRUE,TRUE,TRUE,TRUE,TRUE
224901,2249,TRUE,TRUE,TRUE,TRUE,TRUE
227401,2274,TRUE,TRUE,FALSE,FALSE,TRUE
227501,2275,TRUE,TRUE,TRUE,TRUE,TRUE
227801,2278,TRUE,TRUE,TRUE,TRUE,TRUE
228001,2280,TRUE,TRUE,TRUE,FALSE,FALSE
228101,2281,TRUE,TRUE,TRUE,TRUE,TRUE
228501,2285,TRUE,TRUE,TRUE,TRUE,TRUE
228601,2286,TRUE,TRUE,TRUE,FALSE,TRUE
228701,2287,TRUE,TRUE,TRUE,TRUE,TRUE
228801,2288,TRUE,TRUE,TRUE,TRUE,TRUE
228901,2289,TRUE,TRUE,TRUE,TRUE,TRUE
229001,2290,TRUE,TRUE,TRUE,TRUE,TRUE
229201,2292,TRUE,TRUE,TRUE,TRUE,TRUE
229401,2294,TRUE,TRUE,TRUE,TRUE,TRUE
229601,2296,TRUE,TRUE,TRUE,TRUE,TRUE
229901,2299,TRUE,TRUE,TRUE,TRUE,TRUE
230101,2301,TRUE,TRUE,TRUE,TRUE,TRUE
230801,2308,TRUE,TRUE,TRUE,TRUE,TRUE
231101,2311,TRUE,TRUE,TRUE,TRUE,TRUE
231301,2313,TRUE,TRUE,TRUE,TRUE,TRUE
231501,2315,TRUE,TRUE,TRUE,TRUE,TRUE
231701,2317,TRUE,TRUE,TRUE,TRUE,TRUE
231901,2319,TRUE,TRUE,TRUE,TRUE,TRUE
232201,2322,TRUE,TRUE,TRUE,TRUE,TRUE
233301,2333,TRUE,TRUE,TRUE,TRUE,TRUE
233902,2339,TRUE,TRUE,TRUE,TRUE,TRUE
234001,2340,TRUE,TRUE,TRUE,TRUE,TRUE
234201,2342,TRUE,TRUE,TRUE,TRUE,TRUE
236801,2368,TRUE,TRUE,TRUE,TRUE,TRUE
236901,2369,TRUE,TRUE,TRUE,TRUE,TRUE
237301,2373,TRUE,TRUE,FALSE,FALSE,TRUE
237302,2373,TRUE,TRUE,FALSE,FALSE,TRUE
237401,2374,TRUE,TRUE,TRUE,TRUE,FALSE
237501,2375,TRUE,TRUE,TRUE,TRUE,TRUE
239401,2394,TRUE,TRUE,TRUE,TRUE,TRUE
239801,2398,TRUE,TRUE,TRUE,TRUE,TRUE
239901,2399,TRUE,TRUE,TRUE,TRUE,TRUE
240001,2400,TRUE,TRUE,TRUE,TRUE,TRUE
240204,2402,TRUE,TRUE,TRUE,FALSE,TRUE
240401,2404,TRUE,TRUE,TRUE,TRUE,TRUE
240501,2405,TRUE,TRUE,TRUE,TRUE,TRUE
240701,2407,TRUE,TRUE,TRUE,TRUE,TRUE
240801,2408,TRUE,TRUE,TRUE,TRUE,TRUE
240901,2409,TRUE,TRUE,TRUE,TRUE,TRUE
241001,2410,TRUE,TRUE,TRUE,TRUE,TRUE
241101,2411,TRUE,TRUE,TRUE,TRUE,TRUE
241201,2412,TRUE,TRUE,TRUE,TRUE,TRUE
241401,2414,TRUE,TRUE,TRUE,FALSE,TRUE
241601,2416,TRUE,TRUE,TRUE,TRUE,TRUE
241801,2418,TRUE,TRUE,TRUE,TRUE,TRUE
242001,2420,TRUE,TRUE,TRUE,TRUE,TRUE
242401,2424,TRUE,TRUE,TRUE,TRUE,TRUE
242601,2426,TRUE,TRUE,TRUE,TRUE,TRUE
243001,2430,TRUE,TRUE,TRUE,TRUE,TRUE
243301,2433,TRUE,TRUE,TRUE,TRUE,TRUE
243401,2434,TRUE,TRUE,TRUE,TRUE,TRUE
243501,2435,TRUE,TRUE,TRUE,TRUE,TRUE
243601,2436,TRUE,TRUE,TRUE,TRUE,TRUE
243701,2437,TRUE,TRUE,TRUE,TRUE,TRUE
244101,2441,TRUE,TRUE,TRUE,TRUE,TRUE
244201,2442,TRUE,TRUE,TRUE,TRUE,TRUE
244401,2444,TRUE,TRUE,TRUE,TRUE,TRUE
244701,2447,TRUE,TRUE,TRUE,TRUE,TRUE
244801,2448,TRUE,TRUE,TRUE,TRUE,TRUE
245001,2450,TRUE,TRUE,TRUE,TRUE,TRUE
245401,2454,TRUE,TRUE,TRUE,TRUE,TRUE
245701,2457,TRUE,TRUE,TRUE,TRUE,TRUE
245801,2458,TRUE,TRUE,TRUE,TRUE,TRUE
245901,2459,TRUE,TRUE,TRUE,TRUE,TRUE
246201,2462,TRUE,TRUE,TRUE,TRUE,TRUE
247101,2471,TRUE,TRUE,TRUE,TRUE,TRUE
247401,2474,TRUE,TRUE,TRUE,TRUE,TRUE
247801,2478,TRUE,TRUE,TRUE,TRUE,TRUE
248001,2480,TRUE,TRUE,TRUE,TRUE,TRUE
248201,2482,TRUE,TRUE,TRUE,TRUE,TRUE
248301,2483,TRUE,TRUE,TRUE,TRUE,TRUE
248401,2484,TRUE,TRUE,TRUE,TRUE,TRUE
248501,2485,TRUE,TRUE,TRUE,TRUE,TRUE
248801,2488,TRUE,TRUE,TRUE,TRUE,TRUE
249201,2492,TRUE,TRUE,TRUE,TRUE,TRUE
249601,2496,TRUE,TRUE,TRUE,TRUE,TRUE
249901,2499,TRUE,TRUE,TRUE,TRUE,FALSE
250001,2500,TRUE,TRUE,TRUE,FALSE,TRUE
250101,2501,TRUE,TRUE,TRUE,TRUE,TRUE
250301,2503,TRUE,TRUE,TRUE,TRUE,TRUE
250501,2505,TRUE,TRUE,TRUE,TRUE,TRUE
250701,2507,TRUE,TRUE,TRUE,TRUE,TRUE
251001,2510,TRUE,TRUE,TRUE,TRUE,TRUE
251101,2511,TRUE,TRUE,FALSE,FALSE,TRUE
251401,2514,TRUE,TRUE,TRUE,TRUE,TRUE
251501,2515,TRUE,TRUE,TRUE,TRUE,TRUE
251901,2519,TRUE,TRUE,FALSE,FALSE,TRUE
252101,2521,TRUE,TRUE,TRUE,TRUE,TRUE
252301,2523,TRUE,TRUE,TRUE,TRUE,TRUE
252501,2525,TRUE,TRUE,TRUE,TRUE,TRUE
252801,2528,TRUE,TRUE,TRUE,TRUE,TRUE
252901,2529,TRUE,TRUE,TRUE,TRUE,TRUE
253001,2530,TRUE,TRUE,TRUE,TRUE,TRUE
253101,2531,TRUE,TRUE,TRUE,TRUE,TRUE
253301,2533,TRUE,TRUE,TRUE,TRUE,TRUE
253601,2536,TRUE,TRUE,TRUE,FALSE,TRUE
253801,2538,TRUE,TRUE,TRUE,TRUE,TRUE
254201,2542,TRUE,TRUE,TRUE,TRUE,TRUE
254401,2544,TRUE,TRUE,TRUE,TRUE,TRUE
254901,2549,TRUE,TRUE,TRUE,TRUE,TRUE
255101,2551,TRUE,TRUE,TRUE,TRUE,TRUE
255201,2552,TRUE,TRUE,TRUE,TRUE,TRUE
255401,2554,TRUE,TRUE,TRUE,TRUE,TRUE
255901,2559,TRUE,TRUE,TRUE,TRUE,TRUE
256001,2560,TRUE,TRUE,TRUE,TRUE,FALSE
256401,2564,TRUE,TRUE,TRUE,TRUE,TRUE
256501,2565,TRUE,TRUE,TRUE,FALSE,TRUE
256601,2566,TRUE,TRUE,TRUE,TRUE,TRUE
256701,2567,TRUE,TRUE,TRUE,TRUE,TRUE
256901,2569,TRUE,TRUE,TRUE,TRUE,TRUE
257001,2570,TRUE,TRUE,TRUE,TRUE,TRUE
257301,2573,TRUE,TRUE,TRUE,TRUE,TRUE
257701,2577,TRUE,TRUE,TRUE,TRUE,TRUE
258001,2580,TRUE,TRUE,TRUE,TRUE,TRUE
258501,2585,TRUE,TRUE,TRUE,TRUE,TRUE
258801,2588,TRUE,TRUE,TRUE,TRUE,TRUE
259101,2591,TRUE,TRUE,TRUE,TRUE,TRUE
259201,2592,TRUE,TRUE,TRUE,TRUE,TRUE
259601,2596,TRUE,TRUE,TRUE,TRUE,TRUE
259901,2599,TRUE,TRUE,TRUE,TRUE,TRUE
260501,2605,TRUE,TRUE,TRUE,TRUE,TRUE
260601,2606,TRUE,TRUE,TRUE,TRUE,TRUE
260701,2607,TRUE,TRUE,TRUE,TRUE,TRUE
260801,2608,TRUE,TRUE,FALSE,FALSE,TRUE
261501,2615,TRUE,TRUE,TRUE,TRUE,TRUE
262301,2623,TRUE,TRUE,TRUE,TRUE,TRUE
262601,2626,TRUE,TRUE,TRUE,TRUE,TRUE
262701,2627,TRUE,TRUE,TRUE,TRUE,TRUE
262901,2629,TRUE,TRUE,TRUE,TRUE,TRUE
263501,2635,TRUE,TRUE,TRUE,TRUE,TRUE
263601,2636,TRUE,TRUE,TRUE,TRUE,TRUE
263801,2638,TRUE,TRUE,TRUE,TRUE,TRUE
264001,2640,TRUE,TRUE,TRUE,TRUE,TRUE
268001,2680,TRUE,TRUE,TRUE,TRUE,TRUE
268901,2689,TRUE,TRUE,TRUE,TRUE,TRUE
272201,2722,TRUE,TRUE,TRUE,TRUE,TRUE
272302,2723,TRUE,TRUE,TRUE,TRUE,TRUE
272701,2727,TRUE,TRUE,TRUE,TRUE,TRUE
272901,2729,TRUE,TRUE,TRUE,TRUE,TRUE
273101,2731,TRUE,TRUE,TRUE,TRUE,TRUE
273601,2736,TRUE,TRUE,TRUE,TRUE,TRUE
273701,2737,TRUE,TRUE,TRUE,TRUE,TRUE
273901,2739,TRUE,TRUE,TRUE,TRUE,TRUE
274001,2740,TRUE,TRUE,TRUE,TRUE,TRUE
274201,2742,TRUE,TRUE,TRUE,TRUE,TRUE
274401,2744,TRUE,TRUE,TRUE,TRUE,TRUE
274601,2746,TRUE,TRUE,TRUE,TRUE,TRUE
274801,2748,TRUE,TRUE,TRUE,TRUE,TRUE
275201,2752,TRUE,TRUE,TRUE,TRUE,FALSE
275301,2753,TRUE,TRUE,TRUE,TRUE,TRUE
275701,2757,TRUE,TRUE,TRUE,TRUE,TRUE
275801,2758,TRUE,TRUE,TRUE,TRUE,TRUE
277501,2775,TRUE,TRUE,TRUE,TRUE,TRUE
277801,2778,TRUE,TRUE,TRUE,TRUE,TRUE
278101,2781,TRUE,TRUE,TRUE,TRUE,TRUE
278501,2785,TRUE,TRUE,TRUE,TRUE,TRUE
280801,2808,TRUE,TRUE,TRUE,TRUE,TRUE
280901,2809,TRUE,TRUE,TRUE,TRUE,TRUE
281001,2810,TRUE,TRUE,TRUE,TRUE,TRUE
281401,2814,TRUE,TRUE,TRUE,TRUE,TRUE
281701,2817,TRUE,TRUE,TRUE,TRUE,TRUE
281801,2818,TRUE,TRUE,TRUE,TRUE,TRUE
281901,2819,TRUE,TRUE,TRUE,TRUE,TRUE
282301,2823,TRUE,TRUE,TRUE,TRUE,TRUE
282601,2826,TRUE,TRUE,TRUE,TRUE,TRUE
282801,2828,TRUE,TRUE,TRUE,TRUE,TRUE
282901,2829,TRUE,TRUE,TRUE,TRUE,TRUE
283401,2834,TRUE,TRUE,TRUE,TRUE,TRUE
283501,2835,TRUE,TRUE,TRUE,TRUE,TRUE
284101,2841,TRUE,TRUE,TRUE,TRUE,TRUE
285001,2850,TRUE,TRUE,TRUE,TRUE,TRUE
285501,2855,TRUE,TRUE,TRUE,TRUE,TRUE
286401,2864,TRUE,TRUE,TRUE,TRUE,TRUE
286901,2869,TRUE,TRUE,TRUE,FALSE,TRUE
287701,2877,TRUE,TRUE,TRUE,TRUE,TRUE
287901,2879,TRUE,TRUE,TRUE,TRUE,TRUE
288001,2880,TRUE,TRUE,TRUE,TRUE,TRUE
288301,2883,TRUE,TRUE,TRUE,TRUE,TRUE
288501,2885,TRUE,TRUE,TRUE,TRUE,TRUE
288701,2887,TRUE,TRUE,TRUE,TRUE,TRUE
288901,2889,TRUE,TRUE,TRUE,FALSE,TRUE
289201,2892,TRUE,TRUE,TRUE,TRUE,TRUE
289401,2894,TRUE,TRUE,TRUE,TRUE,TRUE
290001,2900,TRUE,TRUE,TRUE,TRUE,TRUE
290201,2902,TRUE,TRUE,TRUE,TRUE,TRUE
290801,2908,TRUE,TRUE,TRUE,TRUE,TRUE
290901,2909,TRUE,TRUE,TRUE,TRUE,TRUE
291001,2910,TRUE,TRUE,TRUE,FALSE,TRUE
291801,2918,TRUE,TRUE,TRUE,TRUE,TRUE
291901,2919,TRUE,TRUE,TRUE,TRUE,TRUE
292601,2926,TRUE,TRUE,TRUE,TRUE,TRUE
292801,2928,TRUE,TRUE,TRUE,TRUE,TRUE
293001,2930,TRUE,TRUE,TRUE,TRUE,TRUE
293401,2934,TRUE,TRUE,TRUE,TRUE,FALSE
293501,2935,TRUE,TRUE,TRUE,FALSE,FALSE
293601,2936,TRUE,TRUE,TRUE,TRUE,TRUE
293801,2938,TRUE,TRUE,TRUE,TRUE,TRUE
294301,2943,TRUE,TRUE,TRUE,TRUE,TRUE
294601,2946,TRUE,TRUE,TRUE,TRUE,TRUE
294801,2948,TRUE,TRUE,TRUE,TRUE,TRUE
294901,2949,TRUE,TRUE,TRUE,TRUE,TRUE
295201,2952,TRUE,TRUE,TRUE,TRUE,TRUE
295501,2955,TRUE,TRUE,TRUE,TRUE,TRUE
295901,2959,TRUE,TRUE,TRUE,TRUE,TRUE
296101,2961,TRUE,TRUE,TRUE,TRUE,TRUE
296401,2964,TRUE,TRUE,TRUE,TRUE,TRUE
297801,2978,TRUE,TRUE,TRUE,TRUE,TRUE
297901,2979,TRUE,TRUE,TRUE,TRUE,TRUE
298301,2983,TRUE,TRUE,TRUE,TRUE,TRUE
299001,2990,TRUE,TRUE,TRUE,TRUE,TRUE
299301,2993,TRUE,TRUE,TRUE,TRUE,FALSE
299501,2995,TRUE,TRUE,TRUE,TRUE,TRUE
301101,3011,TRUE,TRUE,TRUE,TRUE,TRUE
301201,3012,TRUE,TRUE,TRUE,TRUE,TRUE
301301,3013,TRUE,TRUE,TRUE,TRUE,TRUE
302001,3020,TRUE,TRUE,TRUE,TRUE,TRUE
302101,3021,TRUE,TRUE,TRUE,TRUE,TRUE
302301,3023,TRUE,TRUE,TRUE,TRUE,TRUE
302501,3025,TRUE,TRUE,TRUE,TRUE,TRUE
303501,3035,TRUE,TRUE,TRUE,TRUE,TRUE
303601,3036,TRUE,TRUE,TRUE,TRUE,TRUE
303801,3038,TRUE,TRUE,TRUE,TRUE,FALSE
304101,3041,TRUE,TRUE,TRUE,TRUE,TRUE
304201,3042,TRUE,TRUE,TRUE,TRUE,TRUE
304301,3043,TRUE,TRUE,TRUE,TRUE,TRUE
304501,3045,TRUE,TRUE,TRUE,TRUE,FALSE
304701,3047,TRUE,TRUE,TRUE,TRUE,TRUE
304801,3048,TRUE,TRUE,TRUE,TRUE,TRUE
304901,3049,TRUE,TRUE,TRUE,TRUE,TRUE
305101,3051,TRUE,TRUE,TRUE,TRUE,TRUE
305301,3053,TRUE,TRUE,TRUE,FALSE,TRUE
305401,3054,TRUE,TRUE,TRUE,TRUE,TRUE
305701,3057,TRUE,TRUE,TRUE,TRUE,TRUE
305801,3058,TRUE,TRUE,TRUE,TRUE,TRUE
306101,3061,TRUE,TRUE,TRUE,TRUE,TRUE
307901,3079,TRUE,TRUE,TRUE,TRUE,TRUE
308001,3080,TRUE,TRUE,TRUE,TRUE,TRUE
308101,3081,TRUE,TRUE,TRUE,TRUE,TRUE
308501,3085,TRUE,TRUE,TRUE,TRUE,TRUE
309301,3093,TRUE,TRUE,TRUE,TRUE,TRUE
309501,3095,TRUE,TRUE,TRUE,TRUE,TRUE
309601,3096,TRUE,TRUE,TRUE,TRUE,TRUE
309801,3098,TRUE,TRUE,TRUE,TRUE,TRUE
309901,3099,TRUE,TRUE,TRUE,TRUE,TRUE
310101,3101,TRUE,TRUE,TRUE,TRUE,TRUE
310501,3105,TRUE,TRUE,TRUE,TRUE,TRUE
310601,3106,TRUE,TRUE,TRUE,TRUE,TRUE
310701,3107,TRUE,TRUE,TRUE,TRUE,TRUE
310801,3108,TRUE,TRUE,TRUE,FALSE,TRUE
310901,3109,TRUE,TRUE,TRUE,TRUE,TRUE
311101,3111,TRUE,TRUE,TRUE,TRUE,TRUE
311301,3113,TRUE,TRUE,TRUE,TRUE,TRUE
311501,3115,TRUE,TRUE,TRUE,TRUE,TRUE
311701,3117,TRUE,TRUE,TRUE,TRUE,TRUE
311801,3118,TRUE,TRUE,TRUE,TRUE,TRUE
311901,3119,TRUE,TRUE,TRUE,TRUE,TRUE
312001,3120,TRUE,TRUE,TRUE,TRUE,TRUE
312101,3121,TRUE,TRUE,TRUE,TRUE,TRUE
312201,3122,TRUE,TRUE,TRUE,TRUE,TRUE
312901,3129,TRUE,TRUE,TRUE,TRUE,TRUE
313001,3130,TRUE,TRUE,TRUE,FALSE,TRUE
313501,3135,TRUE,TRUE,TRUE,TRUE,TRUE
314501,3145,TRUE,TRUE,TRUE,TRUE,TRUE
315002,3150,TRUE,TRUE,TRUE,TRUE,TRUE
315102,3151,TRUE,TRUE,TRUE,TRUE,TRUE
315401,3154,TRUE,TRUE,TRUE,TRUE,TRUE
315501,3155,TRUE,TRUE,TRUE,TRUE,TRUE
315601,3156,TRUE,TRUE,TRUE,TRUE,TRUE
316201,3162,TRUE,TRUE,TRUE,TRUE,TRUE
316301,3163,TRUE,TRUE,TRUE,TRUE,TRUE
316401,3164,TRUE,TRUE,TRUE,TRUE,TRUE
316501,3165,TRUE,TRUE,TRUE,TRUE,TRUE
317901,3179,TRUE,TRUE,TRUE,TRUE,TRUE
318201,3182,TRUE,TRUE,TRUE,TRUE,TRUE
319701,3197,TRUE,TRUE,TRUE,TRUE,TRUE
319801,3198,TRUE,TRUE,TRUE,TRUE,TRUE
320101,3201,TRUE,TRUE,TRUE,TRUE,TRUE
320401,3204,TRUE,TRUE,TRUE,TRUE,TRUE
320601,3206,TRUE,TRUE,TRUE,TRUE,TRUE
321201,3212,TRUE,TRUE,TRUE,FALSE,TRUE
321701,3217,TRUE,TRUE,TRUE,FALSE,FALSE
322101,3221,TRUE,TRUE,TRUE,TRUE,TRUE
322201,3222,TRUE,TRUE,TRUE,FALSE,TRUE
322501,3225,TRUE,TRUE,TRUE,TRUE,TRUE
323301,3233,TRUE,TRUE,TRUE,TRUE,TRUE
323601,3236,TRUE,TRUE,TRUE,TRUE,TRUE
323701,3237,TRUE,TRUE,TRUE,TRUE,TRUE
324201,3242,TRUE,TRUE,TRUE,TRUE,TRUE
324301,3243,TRUE,TRUE,TRUE,TRUE,TRUE
324401,3244,TRUE,TRUE,TRUE,TRUE,TRUE
324501,3245,TRUE,TRUE,TRUE,TRUE,TRUE
324801,3248,TRUE,TRUE,TRUE,TRUE,TRUE
325001,3250,TRUE,TRUE,TRUE,TRUE,TRUE
325201,3252,TRUE,TRUE,TRUE,TRUE,TRUE
325301,3253,TRUE,TRUE,TRUE,TRUE,TRUE
325401,3254,TRUE,TRUE,TRUE,TRUE,TRUE
327801,3278,TRUE,TRUE,TRUE,TRUE,TRUE
328001,3280,TRUE,TRUE,TRUE,TRUE,TRUE
328701,3287,TRUE,TRUE,TRUE,TRUE,TRUE
329101,3291,TRUE,TRUE,TRUE,TRUE,TRUE
329201,3292,TRUE,TRUE,TRUE,TRUE,TRUE
329301,3293,TRUE,TRUE,TRUE,TRUE,TRUE
330301,3303,TRUE,TRUE,TRUE,TRUE,TRUE
332001,3320,TRUE,TRUE,TRUE,TRUE,TRUE
332101,3321,TRUE,TRUE,TRUE,TRUE,TRUE
333801,3338,TRUE,TRUE,TRUE,TRUE,TRUE
333901,3339,TRUE,TRUE,TRUE,TRUE,TRUE
334101,3341,TRUE,TRUE,TRUE,TRUE,TRUE
334201,3342,TRUE,TRUE,TRUE,TRUE,TRUE
334501,3345,TRUE,TRUE,FALSE,FALSE,TRUE
334701,3347,TRUE,TRUE,TRUE,TRUE,TRUE
334801,3348,TRUE,TRUE,TRUE,TRUE,TRUE
335001,3350,TRUE,TRUE,TRUE,TRUE,TRUE
335201,3352,TRUE,TRUE,TRUE,FALSE,TRUE
335501,3355,TRUE,TRUE,TRUE,TRUE,TRUE
335801,3358,TRUE,TRUE,TRUE,TRUE,TRUE
336001,3360,TRUE,TRUE,TRUE,TRUE,TRUE
336201,3362,TRUE,TRUE,TRUE,TRUE,TRUE
336301,3363,TRUE,TRUE,TRUE,TRUE,TRUE
336401,3364,TRUE,TRUE,TRUE,TRUE,TRUE
336501,3365,TRUE,TRUE,TRUE,TRUE,TRUE
336901,3369,TRUE,TRUE,TRUE,TRUE,TRUE
337001,3370,TRUE,TRUE,TRUE,TRUE,TRUE
337301,3373,TRUE,TRUE,TRUE,TRUE,TRUE
337701,3377,TRUE,TRUE,TRUE,FALSE,TRUE
338301,3383,TRUE,TRUE,FALSE,FALSE,TRUE
338401,3384,TRUE,TRUE,TRUE,FALSE,TRUE
338601,3386,TRUE,TRUE,TRUE,TRUE,TRUE
339701,3397,TRUE,TRUE,TRUE,TRUE,TRUE
340201,3402,TRUE,TRUE,TRUE,TRUE,TRUE
340701,3407,TRUE,TRUE,TRUE,TRUE,FALSE
340801,3408,TRUE,TRUE,TRUE,TRUE,TRUE
341101,3411,TRUE,TRUE,TRUE,TRUE,TRUE
341201,3412,TRUE,TRUE,TRUE,TRUE,FALSE
341301,3413,TRUE,TRUE,TRUE,TRUE,TRUE
341601,3416,TRUE,TRUE,TRUE,TRUE,TRUE
341801,3418,TRUE,TRUE,TRUE,TRUE,TRUE
342101,3421,TRUE,TRUE,TRUE,TRUE,TRUE
342201,3422,TRUE,TRUE,TRUE,TRUE,TRUE
342302,3423,TRUE,TRUE,TRUE,TRUE,TRUE
342401,3424,TRUE,TRUE,TRUE,TRUE,TRUE
342601,3426,TRUE,TRUE,TRUE,TRUE,TRUE
342801,3428,TRUE,TRUE,TRUE,TRUE,TRUE
342902,3429,TRUE,TRUE,TRUE,TRUE,TRUE
343001,3430,TRUE,TRUE,TRUE,TRUE,TRUE
343201,3432,TRUE,TRUE,TRUE,TRUE,TRUE
343301,3433,TRUE,TRUE,TRUE,TRUE,TRUE
344201,3442,TRUE,TRUE,TRUE,TRUE,TRUE
344401,3444,TRUE,TRUE,TRUE,TRUE,TRUE
344501,3445,TRUE,TRUE,TRUE,TRUE,TRUE
344601,3446,TRUE,TRUE,TRUE,TRUE,TRUE
344801,3448,TRUE,TRUE,TRUE,TRUE,FALSE
345101,3451,TRUE,TRUE,TRUE,TRUE,FALSE
345201,3452,TRUE,TRUE,TRUE,TRUE,TRUE
345401,3454,TRUE,TRUE,TRUE,TRUE,FALSE
345601,3456,TRUE,TRUE,TRUE,TRUE,TRUE
345701,3457,TRUE,TRUE,TRUE,TRUE,TRUE
345801,3458,TRUE,TRUE,TRUE,TRUE,TRUE
345901,3459,TRUE,TRUE,TRUE,TRUE,TRUE
346501,3465,TRUE,TRUE,TRUE,TRUE,TRUE
346701,3467,TRUE,TRUE,TRUE,TRUE,TRUE
346901,3469,TRUE,TRUE,TRUE,TRUE,TRUE
347501,3475,TRUE,TRUE,TRUE,TRUE,TRUE
347601,3476,TRUE,TRUE,TRUE,TRUE,TRUE
348001,3480,TRUE,TRUE,TRUE,TRUE,TRUE
348101,3481,TRUE,TRUE,TRUE,TRUE,TRUE
348501,3485,TRUE,TRUE,TRUE,TRUE,TRUE
348601,3486,TRUE,TRUE,TRUE,TRUE,TRUE
348701,3487,TRUE,TRUE,TRUE,TRUE,TRUE
349101,3491,TRUE,TRUE,TRUE,TRUE,TRUE
349801,3498,TRUE,TRUE,TRUE,FALSE,TRUE
350101,3501,TRUE,TRUE,TRUE,TRUE,TRUE
350401,3504,TRUE,TRUE,TRUE,TRUE,TRUE
350501,3505,TRUE,TRUE,TRUE,TRUE,TRUE
350601,3506,TRUE,TRUE,TRUE,TRUE,TRUE
351101,3511,TRUE,TRUE,TRUE,TRUE,TRUE
351201,3512,TRUE,TRUE,FALSE,FALSE,TRUE
351401,3514,TRUE,TRUE,TRUE,TRUE,TRUE
351801,3518,TRUE,TRUE,TRUE,TRUE,TRUE
351901,3519,TRUE,TRUE,TRUE,TRUE,TRUE
352201,3522,TRUE,TRUE,TRUE,TRUE,TRUE
352301,3523,TRUE,TRUE,TRUE,TRUE,TRUE
352401,3524,TRUE,TRUE,TRUE,TRUE,TRUE
352701,3527,TRUE,TRUE,TRUE,TRUE,TRUE
353101,3531,TRUE,TRUE,TRUE,TRUE,TRUE
353201,3532,TRUE,TRUE,TRUE,TRUE,TRUE
353701,3537,TRUE,TRUE,TRUE,TRUE,TRUE
354901,3549,TRUE,TRUE,TRUE,TRUE,TRUE
355101,3551,TRUE,TRUE,TRUE,TRUE,TRUE
355201,3552,TRUE,TRUE,TRUE,TRUE,TRUE
355401,3554,TRUE,TRUE,TRUE,TRUE,TRUE
355501,3555,TRUE,TRUE,TRUE,TRUE,TRUE
355601,3556,TRUE,TRUE,TRUE,TRUE,TRUE
355701,3557,TRUE,TRUE,TRUE,TRUE,TRUE
355801,3558,TRUE,TRUE,TRUE,TRUE,TRUE
356001,3560,TRUE,TRUE,TRUE,TRUE,TRUE
356401,3564,TRUE,TRUE,TRUE,TRUE,TRUE
356501,3565,TRUE,TRUE,TRUE,TRUE,TRUE
356601,3566,TRUE,TRUE,TRUE,TRUE,TRUE
356801,3568,TRUE,TRUE,TRUE,FALSE,TRUE
357201,3572,TRUE,TRUE,TRUE,TRUE,TRUE
357301,3573,TRUE,TRUE,TRUE,TRUE,TRUE
357601,3576,TRUE,TRUE,TRUE,TRUE,TRUE
358401,3584,TRUE,TRUE,TRUE,TRUE,TRUE
358601,3586,TRUE,TRUE,TRUE,TRUE,FALSE
359401,3594,TRUE,TRUE,TRUE,TRUE,TRUE
359701,3597,TRUE,TRUE,TRUE,TRUE,TRUE
360101,3601,TRUE,TRUE,TRUE,TRUE,TRUE
360301,3603,TRUE,TRUE,TRUE,TRUE,TRUE
360502,3605,TRUE,TRUE,TRUE,TRUE,TRUE
360601,3606,TRUE,TRUE,TRUE,TRUE,TRUE
360901,3609,TRUE,TRUE,TRUE,TRUE,TRUE
361001,3610,TRUE,TRUE,TRUE,TRUE,TRUE
361101,3611,TRUE,TRUE,TRUE,TRUE,TRUE
361301,3613,TRUE,TRUE,TRUE,TRUE,TRUE
361401,3614,TRUE,TRUE,TRUE,TRUE,TRUE
362401,3624,TRUE,TRUE,FALSE,FALSE,TRUE
362601,3626,TRUE,TRUE,TRUE,TRUE,TRUE
363101,3631,TRUE,TRUE,TRUE,FALSE,FALSE
363301,3633,TRUE,TRUE,TRUE,TRUE,FALSE
363501,3635,TRUE,TRUE,TRUE,TRUE,TRUE
363701,3637,TRUE,TRUE,TRUE,TRUE,TRUE
364101,3641,TRUE,TRUE,TRUE,TRUE,TRUE
364701,3647,TRUE,TRUE,TRUE,FALSE,TRUE
364801,3648,TRUE,TRUE,TRUE,TRUE,TRUE
364901,3649,TRUE,TRUE,TRUE,TRUE,TRUE
365001,3650,TRUE,TRUE,TRUE,TRUE,TRUE
365101,3651,TRUE,TRUE,TRUE,TRUE,TRUE
365201,3652,TRUE,TRUE,TRUE,TRUE,TRUE
365402,3654,TRUE,TRUE,TRUE,TRUE,FALSE
365501,3655,TRUE,TRUE,TRUE,TRUE,TRUE
365901,3659,TRUE,TRUE,TRUE,TRUE,FALSE
366101,3661,TRUE,TRUE,TRUE,TRUE,TRUE
366201,3662,TRUE,TRUE,TRUE,TRUE,TRUE
366301,3663,TRUE,TRUE,TRUE,TRUE,TRUE
366701,3667,TRUE,TRUE,TRUE,FALSE,TRUE
366901,3669,TRUE,TRUE,TRUE,TRUE,TRUE
367401,3674,TRUE,TRUE,TRUE,TRUE,TRUE
367701,3677,TRUE,TRUE,TRUE,TRUE,TRUE
367801,3678,TRUE,TRUE,TRUE,TRUE,TRUE
367901,3679,TRUE,TRUE,TRUE,TRUE,TRUE
368101,3681,TRUE,TRUE,TRUE,TRUE,FALSE
368201,3682,TRUE,TRUE,TRUE,TRUE,TRUE
368701,3687,TRUE,TRUE,TRUE,TRUE,TRUE
368802,3688,TRUE,TRUE,TRUE,FALSE,TRUE
369101,3691,TRUE,TRUE,TRUE,TRUE,FALSE
370501,3705,TRUE,TRUE,TRUE,TRUE,TRUE
371101,3711,TRUE,TRUE,TRUE,TRUE,TRUE
371401,3714,TRUE,TRUE,TRUE,TRUE,TRUE
371501,3715,TRUE,TRUE,TRUE,TRUE,TRUE
371701,3717,TRUE,TRUE,TRUE,TRUE,TRUE
371801,3718,TRUE,TRUE,TRUE,TRUE,TRUE
371901,3719,TRUE,TRUE,TRUE,TRUE,TRUE
372001,3720,TRUE,TRUE,TRUE,TRUE,TRUE
372601,3726,TRUE,TRUE,TRUE,TRUE,TRUE
372701,3727,TRUE,TRUE,TRUE,TRUE,TRUE
372801,3728,TRUE,TRUE,TRUE,TRUE,TRUE
372901,3729,TRUE,TRUE,TRUE,TRUE,TRUE
373401,3734,TRUE,TRUE,TRUE,TRUE,TRUE
373501,3735,TRUE,TRUE,TRUE,TRUE,TRUE
373601,3736,TRUE,TRUE,TRUE,TRUE,TRUE
373701,3737,TRUE,TRUE,TRUE,TRUE,TRUE
373801,3738,TRUE,TRUE,TRUE,TRUE,TRUE
373901,3739,TRUE,TRUE,TRUE,TRUE,TRUE
374001,3740,TRUE,TRUE,TRUE,TRUE,TRUE
374101,3741,TRUE,TRUE,TRUE,TRUE,TRUE
374401,3744,TRUE,TRUE,TRUE,TRUE,TRUE
374601,3746,TRUE,TRUE,TRUE,TRUE,TRUE
375201,3752,TRUE,TRUE,TRUE,TRUE,FALSE
375301,3753,TRUE,TRUE,TRUE,TRUE,FALSE
375601,3756,TRUE,TRUE,TRUE,TRUE,TRUE
375801,3758,TRUE,TRUE,TRUE,TRUE,TRUE
375901,3759,TRUE,TRUE,TRUE,TRUE,TRUE
376801,3768,TRUE,TRUE,TRUE,TRUE,TRUE
376901,3769,TRUE,TRUE,TRUE,TRUE,TRUE
377001,3770,TRUE,TRUE,TRUE,TRUE,TRUE
377101,3771,TRUE,TRUE,TRUE,TRUE,TRUE
377201,3772,TRUE,TRUE,TRUE,TRUE,TRUE
377301,3773,TRUE,TRUE,TRUE,TRUE,TRUE
377401,3774,TRUE,TRUE,TRUE,TRUE,FALSE
377901,3779,TRUE,TRUE,TRUE,TRUE,TRUE
378101,3781,TRUE,TRUE,TRUE,TRUE,TRUE
378301,3783,TRUE,TRUE,TRUE,TRUE,TRUE
378401,3784,TRUE,TRUE,TRUE,TRUE,TRUE
378601,3786,TRUE,TRUE,TRUE,TRUE,TRUE
378701,3787,TRUE,TRUE,TRUE,TRUE,TRUE
379001,3790,TRUE,TRUE,FALSE,FALSE,TRUE
379101,3791,TRUE,TRUE,TRUE,TRUE,TRUE
379301,3793,TRUE,TRUE,TRUE,TRUE,TRUE
379401,3794,TRUE,TRUE,FALSE,FALSE,TRUE
379701,3797,TRUE,TRUE,TRUE,TRUE,TRUE
379801,3798,TRUE,TRUE,TRUE,TRUE,TRUE
379901,3799,TRUE,TRUE,TRUE,TRUE,TRUE
380001,3800,TRUE,TRUE,TRUE,TRUE,TRUE
380201,3802,TRUE,TRUE,TRUE,TRUE,TRUE
380401,3804,TRUE,TRUE,TRUE,TRUE,TRUE
380601,3806,TRUE,TRUE,TRUE,TRUE,TRUE
380901,3809,TRUE,TRUE,TRUE,FALSE,TRUE
381201,3812,TRUE,TRUE,TRUE,TRUE,TRUE
381301,3813,TRUE,TRUE,FALSE,FALSE,TRUE
381401,3814,TRUE,TRUE,TRUE,TRUE,TRUE
381701,3817,TRUE,TRUE,TRUE,TRUE,TRUE
383201,3832,TRUE,TRUE,TRUE,TRUE,TRUE
383501,3835,TRUE,TRUE,TRUE,TRUE,TRUE
383601,3836,TRUE,TRUE,TRUE,TRUE,TRUE
383701,3837,TRUE,TRUE,TRUE,TRUE,TRUE
383901,3839,TRUE,TRUE,TRUE,FALSE,TRUE
384301,3843,TRUE,TRUE,TRUE,TRUE,FALSE
384601,3846,TRUE,TRUE,TRUE,TRUE,TRUE
384901,3849,TRUE,TRUE,TRUE,TRUE,TRUE
385101,3851,TRUE,TRUE,TRUE,TRUE,TRUE
385901,3859,TRUE,TRUE,TRUE,TRUE,TRUE
386401,3864,TRUE,TRUE,FALSE,FALSE,TRUE
387601,3876,TRUE,TRUE,TRUE,TRUE,TRUE
387701,3877,TRUE,TRUE,TRUE,TRUE,TRUE
387901,3879,TRUE,TRUE,TRUE,TRUE,TRUE
388901,3889,TRUE,TRUE,TRUE,TRUE,TRUE
389301,3893,TRUE,TRUE,TRUE,TRUE,TRUE
389901,3899,TRUE,TRUE,TRUE,TRUE,TRUE
390601,3906,TRUE,TRUE,TRUE,TRUE,TRUE
390801,3908,TRUE,TRUE,TRUE,TRUE,TRUE
391301,3913,TRUE,TRUE,TRUE,TRUE,TRUE
391401,3914,TRUE,TRUE,TRUE,TRUE,FALSE
391501,3915,TRUE,TRUE,TRUE,TRUE,FALSE
391801,3918,TRUE,TRUE,TRUE,TRUE,TRUE
391901,3919,TRUE,TRUE,TRUE,TRUE,TRUE
392101,3921,TRUE,TRUE,TRUE,TRUE,TRUE
392201,3922,TRUE,TRUE,TRUE,TRUE,TRUE
392301,3923,TRUE,TRUE,TRUE,TRUE,TRUE
392402,3924,TRUE,TRUE,TRUE,TRUE,TRUE
392701,3927,TRUE,TRUE,TRUE,TRUE,TRUE
392801,3928,TRUE,TRUE,TRUE,TRUE,TRUE
392901,3929,TRUE,TRUE,TRUE,TRUE,TRUE
396201,3962,TRUE,TRUE,TRUE,TRUE,TRUE
396401,3964,TRUE,TRUE,TRUE,TRUE,TRUE
396901,3969,TRUE,TRUE,TRUE,TRUE,TRUE
397001,3970,TRUE,TRUE,TRUE,TRUE,TRUE
397201,3972,TRUE,TRUE,TRUE,TRUE,TRUE
398201,3982,TRUE,TRUE,TRUE,TRUE,TRUE
398301,3983,TRUE,TRUE,TRUE,TRUE,FALSE
398601,3986,TRUE,TRUE,TRUE,TRUE,TRUE
399101,3991,TRUE,TRUE,TRUE,TRUE,TRUE
399201,3992,TRUE,TRUE,TRUE,TRUE,TRUE
399301,3993,TRUE,TRUE,TRUE,TRUE,TRUE
399801,3998,TRUE,TRUE,TRUE,TRUE,TRUE
400101,4001,TRUE,TRUE,TRUE,TRUE,TRUE
400201,4002,TRUE,TRUE,TRUE,TRUE,TRUE
400301,4003,TRUE,TRUE,TRUE,TRUE,FALSE
401201,4012,TRUE,TRUE,TRUE,TRUE,TRUE
401901,4019,TRUE,TRUE,TRUE,TRUE,TRUE
402301,4023,TRUE,TRUE,TRUE,TRUE,TRUE
402401,4024,TRUE,TRUE,TRUE,TRUE,TRUE
402601,4026,TRUE,TRUE,TRUE,TRUE,FALSE
402701,4027,TRUE,TRUE,TRUE,FALSE,TRUE
402801,4028,TRUE,TRUE,TRUE,TRUE,TRUE
403301,4033,TRUE,TRUE,TRUE,TRUE,TRUE
403501,4035,TRUE,TRUE,TRUE,TRUE,TRUE
403701,4037,TRUE,TRUE,TRUE,TRUE,TRUE
403801,4038,TRUE,TRUE,TRUE,TRUE,TRUE
404001,4040,TRUE,TRUE,TRUE,TRUE,TRUE
404101,4041,TRUE,TRUE,TRUE,TRUE,TRUE
404501,4045,TRUE,TRUE,TRUE,TRUE,TRUE
404901,4049,TRUE,TRUE,TRUE,TRUE,TRUE
405001,4050,TRUE,TRUE,TRUE,TRUE,TRUE
405101,4051,TRUE,TRUE,TRUE,TRUE,TRUE
405701,4057,TRUE,TRUE,TRUE,TRUE,TRUE
406001,4060,TRUE,TRUE,TRUE,TRUE,TRUE
406501,4065,TRUE,TRUE,TRUE,TRUE,TRUE
406601,4066,TRUE,TRUE,TRUE,TRUE,TRUE
407403,4074,TRUE,TRUE,TRUE,FALSE,TRUE
407701,4077,TRUE,TRUE,TRUE,TRUE,TRUE
407801,4078,TRUE,TRUE,TRUE,TRUE,FALSE
407901,4079,TRUE,TRUE,TRUE,TRUE,FALSE
408001,4080,TRUE,TRUE,TRUE,FALSE,TRUE
408301,4083,TRUE,TRUE,FALSE,FALSE,TRUE
408401,4084,TRUE,TRUE,TRUE,TRUE,TRUE
408501,4085,TRUE,TRUE,TRUE,TRUE,TRUE
408901,4089,TRUE,TRUE,TRUE,TRUE,TRUE
409201,4092,TRUE,TRUE,TRUE,TRUE,TRUE
409401,4094,TRUE,TRUE,TRUE,TRUE,TRUE
409501,4095,TRUE,TRUE,TRUE,TRUE,TRUE
409901,4099,TRUE,TRUE,TRUE,TRUE,TRUE
410301,4103,TRUE,TRUE,TRUE,TRUE,TRUE
410501,4105,TRUE,TRUE,TRUE,TRUE,TRUE
410801,4108,TRUE,TRUE,TRUE,TRUE,TRUE
410901,4109,TRUE,TRUE,TRUE,TRUE,TRUE
411001,4110,TRUE,TRUE,TRUE,TRUE,TRUE
411201,4112,TRUE,TRUE,TRUE,TRUE,TRUE
411501,4115,TRUE,TRUE,TRUE,TRUE,TRUE
412001,4120,TRUE,TRUE,TRUE,TRUE,TRUE
412101,4121,TRUE,TRUE,TRUE,TRUE,TRUE
413201,4132,TRUE,TRUE,TRUE,TRUE,TRUE
413301,4133,TRUE,TRUE,TRUE,TRUE,TRUE
413601,4136,TRUE,TRUE,TRUE,TRUE,TRUE
414201,4142,TRUE,TRUE,TRUE,TRUE,TRUE
414501,4145,TRUE,TRUE,TRUE,TRUE,TRUE
414801,4148,TRUE,TRUE,TRUE,TRUE,TRUE
415001,4150,TRUE,TRUE,TRUE,TRUE,TRUE
415101,4151,TRUE,TRUE,TRUE,TRUE,TRUE
415301,4153,TRUE,TRUE,TRUE,TRUE,TRUE
415401,4154,TRUE,TRUE,TRUE,FALSE,TRUE
415701,4157,TRUE,TRUE,TRUE,TRUE,TRUE
416201,4162,TRUE,TRUE,TRUE,TRUE,TRUE
416301,4163,TRUE,TRUE,TRUE,TRUE,TRUE
416701,4167,TRUE,TRUE,TRUE,TRUE,TRUE
417001,4170,TRUE,TRUE,TRUE,TRUE,TRUE
417701,4177,TRUE,TRUE,TRUE,TRUE,TRUE
418201,4182,TRUE,TRUE,TRUE,TRUE,TRUE
419001,4190,TRUE,TRUE,TRUE,TRUE,TRUE
419201,4192,TRUE,TRUE,TRUE,TRUE,TRUE
421801,4218,TRUE,TRUE,TRUE,TRUE,FALSE
421901,4219,TRUE,TRUE,TRUE,TRUE,TRUE
422001,4220,TRUE,TRUE,TRUE,TRUE,TRUE
422301,4223,TRUE,TRUE,TRUE,TRUE,TRUE
422401,4224,TRUE,TRUE,TRUE,TRUE,TRUE
422701,4227,TRUE,TRUE,TRUE,TRUE,TRUE
422801,4228,TRUE,TRUE,TRUE,TRUE,TRUE
423101,4231,TRUE,TRUE,TRUE,TRUE,TRUE
423201,4232,TRUE,TRUE,TRUE,TRUE,TRUE
423601,4236,TRUE,TRUE,TRUE,TRUE,TRUE
424601,4246,TRUE,TRUE,TRUE,TRUE,FALSE
424901,4249,TRUE,TRUE,TRUE,TRUE,TRUE
425001,4250,TRUE,TRUE,TRUE,TRUE,FALSE
425201,4252,TRUE,TRUE,TRUE,TRUE,TRUE
425401,4254,TRUE,TRUE,TRUE,TRUE,TRUE
425601,4256,TRUE,TRUE,TRUE,TRUE,TRUE
426201,4262,TRUE,TRUE,TRUE,TRUE,TRUE
427701,4277,TRUE,TRUE,TRUE,TRUE,TRUE
428001,4280,TRUE,TRUE,TRUE,TRUE,TRUE
428101,4281,TRUE,TRUE,TRUE,TRUE,TRUE
428301,4283,TRUE,TRUE,TRUE,TRUE,TRUE
428401,4284,TRUE,TRUE,TRUE,TRUE,TRUE
428601,4286,TRUE,TRUE,TRUE,FALSE,FALSE
429001,4290,TRUE,TRUE,TRUE,TRUE,TRUE
429201,4292,TRUE,TRUE,TRUE,TRUE,TRUE
429401,4294,TRUE,TRUE,TRUE,TRUE,FALSE
429501,4295,TRUE,TRUE,TRUE,TRUE,TRUE
429601,4296,TRUE,TRUE,TRUE,TRUE,TRUE
430001,4300,TRUE,TRUE,TRUE,TRUE,TRUE
430401,4304,TRUE,TRUE,TRUE,TRUE,FALSE
430501,4305,TRUE,TRUE,TRUE,TRUE,TRUE
430601,4306,TRUE,TRUE,TRUE,TRUE,TRUE
430801,4308,TRUE,TRUE,TRUE,TRUE,TRUE
431001,4310,TRUE,TRUE,TRUE,TRUE,TRUE
432501,4325,TRUE,TRUE,TRUE,TRUE,TRUE
432601,4326,TRUE,TRUE,TRUE,TRUE,TRUE
433701,4337,TRUE,TRUE,TRUE,TRUE,TRUE
433901,4339,TRUE,TRUE,TRUE,TRUE,TRUE
434501,4345,TRUE,TRUE,TRUE,TRUE,TRUE
434601,4346,TRUE,TRUE,TRUE,TRUE,FALSE
435201,4352,TRUE,TRUE,TRUE,TRUE,TRUE
435401,4354,TRUE,TRUE,TRUE,TRUE,TRUE
436601,4366,TRUE,TRUE,TRUE,TRUE,TRUE
436701,4367,TRUE,TRUE,TRUE,TRUE,TRUE
436801,4368,TRUE,TRUE,TRUE,TRUE,TRUE
437101,4371,TRUE,TRUE,TRUE,TRUE,TRUE
437201,4372,TRUE,TRUE,TRUE,TRUE,TRUE
437301,4373,TRUE,TRUE,TRUE,TRUE,TRUE
437601,4376,TRUE,TRUE,TRUE,TRUE,TRUE
437801,4378,TRUE,TRUE,TRUE,TRUE,TRUE
437901,4379,TRUE,TRUE,TRUE,TRUE,TRUE
438101,4381,TRUE,TRUE,TRUE,TRUE,TRUE
438301,4383,TRUE,TRUE,TRUE,TRUE,TRUE
438601,4386,TRUE,TRUE,TRUE,TRUE,TRUE
439101,4391,TRUE,TRUE,TRUE,TRUE,TRUE
439201,4392,TRUE,TRUE,TRUE,FALSE,TRUE
439601,4396,TRUE,TRUE,TRUE,TRUE,TRUE
440001,4400,TRUE,TRUE,TRUE,TRUE,FALSE
441101,4411,TRUE,TRUE,TRUE,FALSE,TRUE
442301,4423,TRUE,TRUE,TRUE,TRUE,TRUE
442401,4424,TRUE,TRUE,TRUE,TRUE,TRUE
442801,4428,TRUE,TRUE,TRUE,TRUE,TRUE
443401,4434,TRUE,TRUE,TRUE,TRUE,FALSE
443701,4437,TRUE,TRUE,TRUE,TRUE,TRUE
443801,4438,TRUE,TRUE,TRUE,TRUE,TRUE
443901,4439,TRUE,TRUE,TRUE,TRUE,TRUE
444001,4440,TRUE,TRUE,TRUE,TRUE,TRUE
444101,4441,TRUE,TRUE,TRUE,TRUE,TRUE
444501,4445,TRUE,TRUE,TRUE,TRUE,TRUE
444701,4447,TRUE,TRUE,TRUE,TRUE,TRUE
445001,4450,TRUE,TRUE,TRUE,TRUE,TRUE
445101,4451,TRUE,TRUE,TRUE,TRUE,TRUE
445501,4455,TRUE,TRUE,TRUE,TRUE,TRUE
445601,4456,TRUE,TRUE,TRUE,TRUE,TRUE
445701,4457,TRUE,TRUE,TRUE,TRUE,TRUE
445801,4458,TRUE,TRUE,TRUE,TRUE,TRUE
446501,4465,TRUE,TRUE,TRUE,TRUE,TRUE
446901,4469,TRUE,TRUE,TRUE,TRUE,TRUE
447301,4473,TRUE,TRUE,TRUE,TRUE,TRUE
447401,4474,TRUE,TRUE,TRUE,TRUE,TRUE
447501,4475,TRUE,TRUE,TRUE,FALSE,TRUE
447601,4476,TRUE,TRUE,TRUE,TRUE,TRUE
447801,4478,TRUE,TRUE,TRUE,TRUE,TRUE
447901,4479,TRUE,TRUE,TRUE,TRUE,TRUE
448101,4481,TRUE,TRUE,TRUE,TRUE,TRUE
448201,4482,TRUE,TRUE,TRUE,TRUE,TRUE
448301,4483,TRUE,TRUE,TRUE,TRUE,TRUE
448501,4485,TRUE,TRUE,TRUE,TRUE,FALSE
448701,4487,TRUE,TRUE,TRUE,TRUE,TRUE
448801,4488,TRUE,TRUE,TRUE,FALSE,TRUE
449001,4490,TRUE,TRUE,TRUE,TRUE,TRUE
449401,4494,TRUE,TRUE,TRUE,TRUE,TRUE
449501,4495,TRUE,TRUE,TRUE,TRUE,TRUE
449601,4496,TRUE,TRUE,TRUE,TRUE,TRUE
449901,4499,TRUE,TRUE,TRUE,FALSE,TRUE
450501,4505,TRUE,TRUE,TRUE,TRUE,TRUE
450601,4506,TRUE,TRUE,TRUE,TRUE,TRUE
452201,4522,TRUE,TRUE,TRUE,TRUE,TRUE
452301,4523,TRUE,TRUE,TRUE,TRUE,TRUE
452501,4525,TRUE,TRUE,TRUE,TRUE,TRUE
452601,4526,TRUE,TRUE,TRUE,TRUE,TRUE
452801,4528,TRUE,TRUE,TRUE,TRUE,TRUE
453401,4534,TRUE,TRUE,TRUE,TRUE,TRUE
453601,4536,TRUE,TRUE,TRUE,TRUE,TRUE
453801,4538,TRUE,TRUE,TRUE,TRUE,TRUE
453901,4539,TRUE,TRUE,TRUE,TRUE,TRUE
454601,4546,TRUE,TRUE,TRUE,TRUE,TRUE
455101,4551,TRUE,TRUE,TRUE,TRUE,TRUE
455301,4553,TRUE,TRUE,TRUE,TRUE,TRUE
455401,4554,TRUE,TRUE,TRUE,FALSE,TRUE
455701,4557,TRUE,TRUE,TRUE,TRUE,TRUE
456101,4561,TRUE,TRUE,TRUE,TRUE,TRUE
456501,4565,TRUE,TRUE,TRUE,TRUE,TRUE
457001,4570,TRUE,TRUE,TRUE,TRUE,TRUE
457101,4571,TRUE,TRUE,TRUE,TRUE,TRUE
457801,4578,TRUE,TRUE,TRUE,TRUE,TRUE
458001,4580,TRUE,TRUE,TRUE,TRUE,TRUE
458101,4581,TRUE,TRUE,TRUE,TRUE,TRUE
458201,4582,TRUE,TRUE,TRUE,TRUE,TRUE
458401,4584,TRUE,TRUE,TRUE,TRUE,FALSE
458501,4585,TRUE,TRUE,TRUE,TRUE,TRUE
458801,4588,TRUE,TRUE,TRUE,FALSE,TRUE
458901,4589,TRUE,TRUE,TRUE,TRUE,TRUE
459001,4590,TRUE,TRUE,TRUE,TRUE,TRUE
459201,4592,TRUE,TRUE,TRUE,TRUE,TRUE
459301,4593,TRUE,TRUE,TRUE,TRUE,TRUE
459401,4594,TRUE,TRUE,TRUE,TRUE,TRUE
459801,4598,TRUE,TRUE,TRUE,TRUE,TRUE
460001,4600,TRUE,TRUE,TRUE,TRUE,TRUE
460201,4602,TRUE,TRUE,TRUE,TRUE,TRUE
461301,4613,TRUE,TRUE,TRUE,TRUE,TRUE
461401,4614,TRUE,TRUE,TRUE,TRUE,FALSE
461801,4618,TRUE,TRUE,TRUE,TRUE,TRUE
462201,4622,TRUE,TRUE,TRUE,FALSE,TRUE
462501,4625,TRUE,TRUE,TRUE,TRUE,TRUE
463101,4631,TRUE,TRUE,TRUE,TRUE,TRUE
463201,4632,TRUE,TRUE,TRUE,TRUE,TRUE
463701,4637,TRUE,TRUE,TRUE,TRUE,TRUE
463801,4638,TRUE,TRUE,TRUE,TRUE,TRUE
464101,4641,TRUE,TRUE,TRUE,TRUE,TRUE
465001,4650,TRUE,TRUE,TRUE,TRUE,TRUE
465101,4651,TRUE,TRUE,TRUE,TRUE,TRUE
465301,4653,TRUE,TRUE,TRUE,TRUE,TRUE
465701,4657,TRUE,TRUE,TRUE,TRUE,TRUE
465801,4658,TRUE,TRUE,TRUE,FALSE,FALSE
465901,4659,TRUE,TRUE,TRUE,TRUE,TRUE
466001,4660,TRUE,TRUE,TRUE,TRUE,TRUE
466201,4662,TRUE,TRUE,TRUE,TRUE,TRUE
466301,4663,TRUE,TRUE,TRUE,TRUE,TRUE
466401,4664,TRUE,TRUE,TRUE,TRUE,TRUE
466501,4665,TRUE,TRUE,TRUE,TRUE,TRUE
467001,4670,TRUE,TRUE,TRUE,TRUE,TRUE
467201,4672,TRUE,TRUE,TRUE,TRUE,TRUE
467401,4674,TRUE,TRUE,TRUE,TRUE,TRUE
467501,4675,TRUE,TRUE,TRUE,TRUE,TRUE
467901,4679,TRUE,TRUE,TRUE,TRUE,TRUE
468201,4682,TRUE,TRUE,TRUE,TRUE,TRUE
468301,4683,TRUE,TRUE,TRUE,TRUE,TRUE
468401,4684,TRUE,TRUE,TRUE,TRUE,TRUE
468901,4689,TRUE,TRUE,TRUE,TRUE,TRUE
469001,4690,TRUE,TRUE,TRUE,TRUE,TRUE
469101,4691,TRUE,TRUE,FALSE,FALSE,TRUE
469201,4692,TRUE,TRUE,TRUE,TRUE,TRUE
469401,4694,TRUE,TRUE,TRUE,TRUE,TRUE
469601,4696,TRUE,TRUE,TRUE,TRUE,TRUE
470001,4700,TRUE,TRUE,TRUE,TRUE,TRUE
470301,4703,TRUE,TRUE,TRUE,TRUE,FALSE
470501,4705,TRUE,TRUE,TRUE,TRUE,TRUE
470601,4706,TRUE,TRUE,TRUE,TRUE,TRUE
470801,4708,TRUE,TRUE,TRUE,TRUE,TRUE
471301,4713,TRUE,TRUE,TRUE,TRUE,TRUE
471401,4714,TRUE,TRUE,TRUE,TRUE,TRUE
471701,4717,TRUE,TRUE,TRUE,TRUE,TRUE
472301,4723,TRUE,TRUE,TRUE,TRUE,TRUE
472401,4724,TRUE,TRUE,TRUE,TRUE,TRUE
472601,4726,TRUE,TRUE,TRUE,TRUE,TRUE
472701,4727,TRUE,TRUE,TRUE,TRUE,FALSE
472801,4728,TRUE,TRUE,TRUE,TRUE,TRUE
473001,4730,TRUE,TRUE,TRUE,TRUE,TRUE
473301,4733,TRUE,TRUE,TRUE,TRUE,TRUE
473401,4734,TRUE,TRUE,TRUE,TRUE,TRUE
473501,4735,TRUE,TRUE,TRUE,TRUE,TRUE
474101,4741,TRUE,TRUE,TRUE,TRUE,TRUE
474401,4744,TRUE,TRUE,TRUE,FALSE,FALSE
474501,4745,TRUE,TRUE,TRUE,TRUE,TRUE
474601,4746,TRUE,TRUE,TRUE,TRUE,TRUE
474901,4749,TRUE,TRUE,TRUE,TRUE,TRUE
475301,4753,TRUE,TRUE,TRUE,TRUE,TRUE
475401,4754,TRUE,TRUE,TRUE,TRUE,TRUE
475701,4757,TRUE,TRUE,TRUE,TRUE,TRUE
476301,4763,TRUE,TRUE,TRUE,TRUE,TRUE
476601,4766,TRUE,TRUE,TRUE,TRUE,TRUE
476801,4768,TRUE,TRUE,FALSE,FALSE,TRUE
476901,4769,TRUE,TRUE,TRUE,TRUE,TRUE
477201,4772,TRUE,TRUE,TRUE,TRUE,TRUE
477401,4774,TRUE,TRUE,TRUE,TRUE,TRUE
477701,4777,TRUE,TRUE,TRUE,FALSE,TRUE
478001,4780,TRUE,TRUE,TRUE,TRUE,TRUE
478301,4783,TRUE,TRUE,TRUE,TRUE,FALSE
478401,4784,TRUE,TRUE,TRUE,TRUE,TRUE
478501,4785,TRUE,TRUE,TRUE,TRUE,TRUE
478701,4787,TRUE,TRUE,TRUE,TRUE,TRUE
479001,4790,TRUE,TRUE,TRUE,TRUE,TRUE
479201,4792,TRUE,TRUE,TRUE,TRUE,FALSE
479601,4796,TRUE,TRUE,TRUE,TRUE,TRUE
479701,4797,TRUE,TRUE,TRUE,TRUE,TRUE
479801,4798,TRUE,TRUE,TRUE,TRUE,TRUE
480101,4801,TRUE,TRUE,FALSE,FALSE,TRUE
480201,4802,TRUE,TRUE,TRUE,TRUE,TRUE
480301,4803,TRUE,TRUE,TRUE,TRUE,TRUE
480401,4804,TRUE,TRUE,TRUE,TRUE,TRUE
480901,4809,TRUE,TRUE,TRUE,TRUE,TRUE
481001,4810,TRUE,TRUE,FALSE,FALSE,TRUE
481501,4815,TRUE,TRUE,TRUE,TRUE,TRUE
481701,4817,TRUE,TRUE,TRUE,FALSE,TRUE
481901,4819,TRUE,TRUE,TRUE,TRUE,TRUE
482001,4820,TRUE,TRUE,TRUE,TRUE,TRUE
482101,4821,TRUE,TRUE,TRUE,TRUE,TRUE
482601,4826,TRUE,TRUE,TRUE,TRUE,TRUE
483301,4833,TRUE,TRUE,TRUE,FALSE,TRUE
483701,4837,TRUE,TRUE,TRUE,TRUE,TRUE
483801,4838,TRUE,TRUE,TRUE,TRUE,TRUE
483901,4839,TRUE,TRUE,TRUE,TRUE,TRUE
484201,4842,TRUE,TRUE,TRUE,TRUE,TRUE
484801,4848,TRUE,TRUE,TRUE,TRUE,TRUE
484901,4849,TRUE,TRUE,TRUE,TRUE,TRUE
485201,4852,TRUE,TRUE,TRUE,TRUE,TRUE
486301,4863,TRUE,TRUE,TRUE,TRUE,TRUE
486401,4864,TRUE,TRUE,TRUE,TRUE,TRUE
486501,4865,TRUE,TRUE,TRUE,TRUE,TRUE
486701,4867,TRUE,TRUE,TRUE,TRUE,TRUE
486901,4869,TRUE,TRUE,TRUE,TRUE,TRUE
487001,4870,TRUE,TRUE,TRUE,TRUE,TRUE
487101,4871,TRUE,TRUE,TRUE,TRUE,TRUE
487301,4873,TRUE,TRUE,TRUE,TRUE,TRUE
487401,4874,TRUE,TRUE,TRUE,TRUE,TRUE
487601,4876,TRUE,TRUE,TRUE,TRUE,TRUE
487801,4878,TRUE,TRUE,TRUE,FALSE,TRUE
488001,4880,TRUE,TRUE,TRUE,TRUE,TRUE
488201,4882,TRUE,TRUE,TRUE,TRUE,TRUE
488501,4885,TRUE,TRUE,TRUE,TRUE,TRUE
488601,4886,TRUE,TRUE,TRUE,FALSE,TRUE
488701,4887,TRUE,TRUE,TRUE,FALSE,TRUE
489301,4893,TRUE,TRUE,TRUE,TRUE,TRUE
489901,4899,TRUE,TRUE,TRUE,TRUE,TRUE
490601,4906,TRUE,TRUE,TRUE,TRUE,TRUE
490901,4909,TRUE,TRUE,TRUE,TRUE,TRUE
491001,4910,TRUE,TRUE,TRUE,TRUE,TRUE
491603,4916,TRUE,TRUE,FALSE,FALSE,TRUE
491901,4919,TRUE,TRUE,TRUE,TRUE,TRUE
492001,4920,TRUE,TRUE,TRUE,TRUE,TRUE
492201,4922,TRUE,TRUE,TRUE,TRUE,TRUE
492501,4925,TRUE,TRUE,TRUE,TRUE,TRUE
492701,4927,TRUE,TRUE,TRUE,TRUE,TRUE
492801,4928,TRUE,TRUE,TRUE,TRUE,TRUE
492901,4929,TRUE,TRUE,TRUE,TRUE,TRUE
493001,4930,TRUE,TRUE,TRUE,TRUE,TRUE
493101,4931,TRUE,TRUE,TRUE,TRUE,TRUE
493301,4933,TRUE,TRUE,TRUE,TRUE,TRUE
493401,4934,TRUE,TRUE,TRUE,TRUE,TRUE
493801,4938,TRUE,TRUE,TRUE,TRUE,TRUE
494301,4943,TRUE,TRUE,TRUE,TRUE,TRUE
494801,4948,TRUE,TRUE,TRUE,TRUE,TRUE
495101,4951,TRUE,TRUE,TRUE,TRUE,TRUE
495201,4952,TRUE,TRUE,TRUE,TRUE,TRUE
495301,4953,TRUE,TRUE,TRUE,TRUE,TRUE
495401,4954,TRUE,TRUE,TRUE,TRUE,TRUE
495501,4955,TRUE,TRUE,TRUE,TRUE,TRUE
495601,4956,TRUE,TRUE,TRUE,TRUE,TRUE
495701,4957,TRUE,TRUE,TRUE,TRUE,TRUE
495801,4958,TRUE,TRUE,TRUE,TRUE,TRUE
495901,4959,TRUE,TRUE,TRUE,TRUE,FALSE
496201,4962,TRUE,TRUE,TRUE,TRUE,TRUE
497201,4972,TRUE,TRUE,TRUE,TRUE,TRUE
497301,4973,TRUE,TRUE,TRUE,FALSE,TRUE
497401,4974,TRUE,TRUE,TRUE,TRUE,TRUE
497601,4976,TRUE,TRUE,TRUE,TRUE,TRUE
497801,4978,TRUE,TRUE,TRUE,TRUE,TRUE
498401,4984,TRUE,TRUE,TRUE,TRUE,TRUE
498701,4987,TRUE,TRUE,TRUE,TRUE,TRUE
498801,4988,TRUE,TRUE,TRUE,FALSE,TRUE
498901,4989,TRUE,TRUE,TRUE,TRUE,TRUE
499001,4990,TRUE,TRUE,TRUE,TRUE,TRUE
499201,4992,TRUE,TRUE,TRUE,FALSE,TRUE
499301,4993,TRUE,TRUE,TRUE,TRUE,TRUE
499401,4994,TRUE,TRUE,TRUE,TRUE,TRUE
499501,4995,TRUE,TRUE,TRUE,TRUE,TRUE
499701,4997,TRUE,TRUE,TRUE,TRUE,TRUE
499901,4999,TRUE,TRUE,TRUE,TRUE,TRUE
500101,5001,TRUE,TRUE,TRUE,TRUE,TRUE
500201,5002,TRUE,TRUE,TRUE,TRUE,TRUE
500801,5008,TRUE,TRUE,TRUE,FALSE,TRUE
500901,5009,TRUE,TRUE,TRUE,FALSE,TRUE
501401,5014,TRUE,TRUE,TRUE,TRUE,TRUE
501501,5015,TRUE,TRUE,TRUE,TRUE,TRUE
501601,5016,TRUE,TRUE,TRUE,TRUE,TRUE
501901,5019,TRUE,TRUE,TRUE,TRUE,TRUE
502301,5023,TRUE,TRUE,TRUE,TRUE,TRUE
502801,5028,TRUE,TRUE,TRUE,TRUE,TRUE
503201,5032,TRUE,TRUE,TRUE,TRUE,TRUE
503501,5035,TRUE,TRUE,TRUE,TRUE,TRUE
503701,5037,TRUE,TRUE,TRUE,TRUE,TRUE
504401,5044,TRUE,TRUE,TRUE,TRUE,TRUE
504701,5047,TRUE,TRUE,TRUE,TRUE,TRUE
504901,5049,TRUE,TRUE,TRUE,TRUE,TRUE
505001,5050,TRUE,TRUE,TRUE,TRUE,TRUE
505202,5052,TRUE,TRUE,TRUE,TRUE,TRUE
505701,5057,TRUE,TRUE,TRUE,FALSE,TRUE
506101,5061,TRUE,TRUE,TRUE,TRUE,TRUE
506301,5063,TRUE,TRUE,TRUE,TRUE,TRUE
506401,5064,TRUE,TRUE,TRUE,TRUE,TRUE
506501,5065,TRUE,TRUE,TRUE,TRUE,TRUE
506601,5066,TRUE,TRUE,TRUE,TRUE,TRUE
506901,5069,TRUE,TRUE,TRUE,TRUE,TRUE
509101,5091,TRUE,TRUE,TRUE,TRUE,TRUE
509601,5096,TRUE,TRUE,TRUE,TRUE,TRUE
509802,5098,TRUE,TRUE,TRUE,TRUE,TRUE
509901,5099,TRUE,TRUE,TRUE,TRUE,TRUE
510001,5100,TRUE,TRUE,TRUE,TRUE,TRUE
510301,5103,TRUE,TRUE,TRUE,TRUE,TRUE
510401,5104,TRUE,TRUE,TRUE,TRUE,TRUE
510501,5105,TRUE,TRUE,TRUE,TRUE,TRUE
510701,5107,TRUE,TRUE,TRUE,TRUE,TRUE
510801,5108,TRUE,TRUE,TRUE,TRUE,TRUE
511001,5110,TRUE,TRUE,TRUE,TRUE,TRUE
511101,5111,TRUE,TRUE,TRUE,TRUE,TRUE
511301,5113,TRUE,TRUE,TRUE,TRUE,TRUE
511401,5114,TRUE,TRUE,TRUE,TRUE,TRUE
511501,5115,TRUE,TRUE,TRUE,TRUE,TRUE
511701,5117,TRUE,TRUE,TRUE,TRUE,TRUE
512001,5120,TRUE,TRUE,TRUE,TRUE,TRUE
512101,5121,TRUE,TRUE,TRUE,TRUE,TRUE
512301,5123,TRUE,TRUE,TRUE,TRUE,TRUE
512501,5125,TRUE,TRUE,TRUE,TRUE,TRUE
512701,5127,TRUE,TRUE,TRUE,TRUE,TRUE
513101,5131,TRUE,TRUE,TRUE,TRUE,TRUE
513401,5134,TRUE,TRUE,TRUE,TRUE,TRUE
513501,5135,TRUE,TRUE,TRUE,TRUE,TRUE
513801,5138,TRUE,TRUE,TRUE,TRUE,TRUE
514801,5148,TRUE,TRUE,TRUE,TRUE,TRUE
515101,5151,TRUE,TRUE,TRUE,TRUE,TRUE
515201,5152,TRUE,TRUE,TRUE,TRUE,TRUE
515301,5153,TRUE,TRUE,TRUE,FALSE,TRUE
515401,5154,TRUE,TRUE,TRUE,FALSE,TRUE
515701,5157,TRUE,TRUE,TRUE,TRUE,TRUE
516201,5162,TRUE,TRUE,TRUE,TRUE,TRUE
516301,5163,TRUE,TRUE,TRUE,TRUE,TRUE
516401,5164,TRUE,TRUE,TRUE,TRUE,TRUE
517601,5176,TRUE,TRUE,TRUE,TRUE,TRUE
517901,5179,TRUE,TRUE,TRUE,TRUE,TRUE
518001,5180,TRUE,TRUE,TRUE,TRUE,TRUE
518901,5189,TRUE,TRUE,TRUE,TRUE,TRUE
519101,5191,TRUE,TRUE,TRUE,TRUE,TRUE
519301,5193,TRUE,TRUE,TRUE,TRUE,TRUE
519501,5195,TRUE,TRUE,TRUE,TRUE,TRUE
519901,5199,TRUE,TRUE,TRUE,TRUE,TRUE
520001,5200,TRUE,TRUE,TRUE,TRUE,TRUE
520101,5201,TRUE,TRUE,TRUE,FALSE,TRUE
520801,5208,TRUE,TRUE,TRUE,TRUE,TRUE
520901,5209,TRUE,TRUE,TRUE,TRUE,TRUE
521201,5212,TRUE,TRUE,TRUE,TRUE,TRUE
521401,5214,TRUE,TRUE,TRUE,TRUE,TRUE
521601,5216,TRUE,TRUE,TRUE,TRUE,FALSE
521901,5219,TRUE,TRUE,TRUE,TRUE,TRUE
522401,5224,TRUE,TRUE,TRUE,TRUE,FALSE
522501,5225,TRUE,TRUE,TRUE,TRUE,TRUE
523101,5231,TRUE,TRUE,TRUE,TRUE,TRUE
523201,5232,TRUE,TRUE,TRUE,TRUE,TRUE
523301,5233,TRUE,TRUE,TRUE,TRUE,TRUE
523601,5236,TRUE,TRUE,TRUE,TRUE,TRUE
524001,5240,TRUE,TRUE,TRUE,FALSE,FALSE
524701,5247,TRUE,TRUE,TRUE,TRUE,TRUE
525501,5255,TRUE,TRUE,TRUE,TRUE,TRUE
525601,5256,TRUE,TRUE,TRUE,TRUE,TRUE
525801,5258,TRUE,TRUE,TRUE,TRUE,TRUE
525901,5259,TRUE,TRUE,TRUE,TRUE,TRUE
526401,5264,TRUE,TRUE,TRUE,TRUE,TRUE
526501,5265,TRUE,TRUE,TRUE,TRUE,TRUE
526801,5268,TRUE,TRUE,TRUE,TRUE,TRUE
527101,5271,TRUE,TRUE,TRUE,TRUE,TRUE
527201,5272,TRUE,TRUE,TRUE,TRUE,TRUE
527301,5273,TRUE,TRUE,TRUE,TRUE,TRUE
527601,5276,TRUE,TRUE,TRUE,TRUE,TRUE
527701,5277,TRUE,TRUE,TRUE,TRUE,TRUE
528001,5280,TRUE,TRUE,TRUE,TRUE,TRUE
528301,5283,TRUE,TRUE,TRUE,FALSE,TRUE
528501,5285,TRUE,TRUE,TRUE,TRUE,TRUE
528601,5286,TRUE,TRUE,TRUE,TRUE,TRUE
528801,5288,TRUE,TRUE,TRUE,TRUE,TRUE
528901,5289,TRUE,TRUE,TRUE,TRUE,TRUE
529001,5290,TRUE,TRUE,TRUE,TRUE,TRUE
529401,5294,TRUE,TRUE,TRUE,TRUE,TRUE
529501,5295,TRUE,TRUE,TRUE,TRUE,TRUE
529801,5298,TRUE,TRUE,TRUE,TRUE,TRUE
529901,5299,TRUE,TRUE,TRUE,TRUE,TRUE
530101,5301,TRUE,TRUE,TRUE,TRUE,TRUE
530501,5305,TRUE,TRUE,TRUE,TRUE,TRUE
530801,5308,TRUE,TRUE,TRUE,TRUE,TRUE
530901,5309,TRUE,TRUE,TRUE,TRUE,FALSE
531001,5310,TRUE,TRUE,TRUE,TRUE,TRUE
531101,5311,TRUE,TRUE,TRUE,TRUE,TRUE
531401,5314,TRUE,TRUE,TRUE,TRUE,TRUE
531501,5315,TRUE,TRUE,TRUE,TRUE,TRUE
531701,5317,TRUE,TRUE,TRUE,TRUE,TRUE
532501,5325,TRUE,TRUE,TRUE,TRUE,TRUE
532601,5326,TRUE,TRUE,TRUE,TRUE,TRUE
532701,5327,TRUE,TRUE,TRUE,TRUE,TRUE
532801,5328,TRUE,TRUE,TRUE,TRUE,TRUE
533001,5330,TRUE,TRUE,TRUE,TRUE,TRUE
533201,5332,TRUE,TRUE,TRUE,TRUE,TRUE
533301,5333,TRUE,TRUE,TRUE,TRUE,TRUE
533801,5338,TRUE,TRUE,TRUE,TRUE,TRUE
533901,5339,TRUE,TRUE,TRUE,TRUE,TRUE
534101,5341,TRUE,TRUE,TRUE,TRUE,TRUE
534901,5349,TRUE,TRUE,TRUE,TRUE,TRUE
535301,5353,TRUE,TRUE,TRUE,TRUE,TRUE
535501,5355,TRUE,TRUE,TRUE,TRUE,TRUE
536001,5360,TRUE,TRUE,TRUE,FALSE,TRUE
536901,5369,TRUE,TRUE,TRUE,TRUE,TRUE
537001,5370,TRUE,TRUE,TRUE,TRUE,TRUE
537201,5372,TRUE,TRUE,TRUE,TRUE,TRUE
537301,5373,TRUE,TRUE,TRUE,TRUE,TRUE
537401,5374,TRUE,TRUE,TRUE,TRUE,TRUE
537601,5376,TRUE,TRUE,TRUE,TRUE,TRUE
537801,5378,TRUE,TRUE,TRUE,TRUE,TRUE
538001,5380,TRUE,TRUE,TRUE,FALSE,TRUE
538101,5381,TRUE,TRUE,TRUE,TRUE,TRUE
538501,5385,TRUE,TRUE,TRUE,TRUE,TRUE
538701,5387,TRUE,TRUE,TRUE,TRUE,TRUE
538801,5388,TRUE,TRUE,TRUE,TRUE,TRUE
538901,5389,TRUE,TRUE,TRUE,TRUE,TRUE
539101,5391,TRUE,TRUE,TRUE,TRUE,TRUE
539301,5393,TRUE,TRUE,TRUE,FALSE,TRUE
539701,5397,TRUE,TRUE,TRUE,TRUE,TRUE
540601,5406,TRUE,TRUE,TRUE,TRUE,TRUE
540801,5408,TRUE,TRUE,TRUE,TRUE,TRUE
540901,5409,TRUE,TRUE,TRUE,TRUE,TRUE
542101,5421,TRUE,TRUE,TRUE,TRUE,TRUE
542201,5422,TRUE,TRUE,TRUE,TRUE,TRUE
542401,5424,TRUE,TRUE,TRUE,TRUE,TRUE
542501,5425,TRUE,TRUE,TRUE,FALSE,FALSE
542701,5427,TRUE,TRUE,TRUE,TRUE,TRUE
542801,5428,TRUE,TRUE,TRUE,TRUE,TRUE
543401,5434,TRUE,TRUE,TRUE,TRUE,TRUE
543601,5436,TRUE,TRUE,TRUE,TRUE,TRUE
544201,5442,TRUE,TRUE,TRUE,TRUE,TRUE
544501,5445,TRUE,TRUE,TRUE,TRUE,TRUE
545201,5452,TRUE,TRUE,TRUE,TRUE,TRUE
545301,5453,TRUE,TRUE,TRUE,TRUE,TRUE
545401,5454,TRUE,TRUE,TRUE,TRUE,TRUE
545501,5455,TRUE,TRUE,TRUE,TRUE,TRUE
545801,5458,TRUE,TRUE,TRUE,TRUE,FALSE
545901,5459,TRUE,TRUE,TRUE,TRUE,FALSE
546201,5462,TRUE,TRUE,TRUE,TRUE,TRUE
546901,5469,TRUE,TRUE,TRUE,TRUE,TRUE
547201,5472,TRUE,TRUE,TRUE,TRUE,TRUE
547301,5473,TRUE,TRUE,TRUE,TRUE,TRUE
547401,5474,TRUE,TRUE,TRUE,TRUE,TRUE
547701,5477,TRUE,TRUE,TRUE,TRUE,TRUE
547801,5478,TRUE,TRUE,TRUE,TRUE,TRUE
548601,5486,TRUE,TRUE,TRUE,TRUE,TRUE
548701,5487,TRUE,TRUE,TRUE,TRUE,TRUE
548801,5488,TRUE,TRUE,TRUE,TRUE,TRUE
549201,5492,TRUE,TRUE,TRUE,TRUE,TRUE
549801,5498,TRUE,TRUE,TRUE,TRUE,TRUE
550201,5502,TRUE,TRUE,TRUE,TRUE,TRUE
550801,5508,TRUE,TRUE,TRUE,TRUE,TRUE
550901,5509,TRUE,TRUE,TRUE,TRUE,TRUE
551101,5511,TRUE,TRUE,TRUE,TRUE,TRUE
552201,5522,TRUE,TRUE,TRUE,TRUE,TRUE
552301,5523,TRUE,TRUE,TRUE,TRUE,TRUE
552401,5524,TRUE,TRUE,TRUE,FALSE,TRUE
552601,5526,TRUE,TRUE,TRUE,TRUE,TRUE
552801,5528,TRUE,TRUE,TRUE,TRUE,TRUE
553001,5530,TRUE,TRUE,TRUE,TRUE,TRUE
553301,5533,TRUE,TRUE,TRUE,TRUE,TRUE
554401,5544,TRUE,TRUE,TRUE,TRUE,TRUE
554601,5546,TRUE,TRUE,TRUE,TRUE,TRUE
554701,5547,TRUE,TRUE,TRUE,TRUE,TRUE
554801,5548,TRUE,TRUE,TRUE,TRUE,TRUE
555001,5550,TRUE,TRUE,TRUE,TRUE,TRUE
555101,5551,TRUE,TRUE,TRUE,TRUE,TRUE
555301,5553,TRUE,TRUE,TRUE,TRUE,TRUE
555501,5555,TRUE,TRUE,TRUE,TRUE,TRUE
555701,5557,TRUE,TRUE,TRUE,TRUE,TRUE
555901,5559,TRUE,TRUE,TRUE,FALSE,FALSE
556001,5560,TRUE,TRUE,TRUE,TRUE,TRUE
556101,5561,TRUE,TRUE,TRUE,TRUE,TRUE
556301,5563,TRUE,TRUE,TRUE,TRUE,FALSE
556501,5565,TRUE,TRUE,TRUE,TRUE,TRUE
556601,5566,TRUE,TRUE,TRUE,TRUE,TRUE
556801,5568,TRUE,TRUE,TRUE,TRUE,TRUE
557101,5571,TRUE,TRUE,TRUE,TRUE,TRUE
557401,5574,TRUE,TRUE,TRUE,TRUE,TRUE
557601,5576,TRUE,TRUE,TRUE,TRUE,TRUE
557701,5577,TRUE,TRUE,TRUE,TRUE,TRUE
557801,5578,TRUE,TRUE,TRUE,TRUE,TRUE
558101,5581,TRUE,TRUE,TRUE,TRUE,TRUE
558201,5582,TRUE,TRUE,TRUE,TRUE,TRUE
558301,5583,TRUE,TRUE,TRUE,TRUE,TRUE
558901,5589,TRUE,TRUE,TRUE,FALSE,TRUE
559301,5593,TRUE,TRUE,TRUE,TRUE,FALSE
559501,5595,TRUE,TRUE,TRUE,TRUE,TRUE
559601,5596,TRUE,TRUE,TRUE,TRUE,TRUE
560001,5600,TRUE,TRUE,TRUE,TRUE,TRUE
560502,5605,TRUE,TRUE,TRUE,TRUE,TRUE
560601,5606,TRUE,TRUE,TRUE,TRUE,TRUE
560901,5609,TRUE,TRUE,TRUE,TRUE,TRUE
562001,5620,TRUE,TRUE,TRUE,FALSE,TRUE
562401,5624,TRUE,TRUE,TRUE,TRUE,TRUE
562601,5626,TRUE,TRUE,TRUE,TRUE,TRUE
562701,5627,TRUE,TRUE,TRUE,TRUE,TRUE
564801,5648,TRUE,TRUE,TRUE,TRUE,TRUE
565201,5652,TRUE,TRUE,TRUE,TRUE,TRUE
565401,5654,TRUE,TRUE,TRUE,TRUE,TRUE
565601,5656,TRUE,TRUE,TRUE,TRUE,TRUE
565701,5657,TRUE,TRUE,TRUE,TRUE,TRUE
565902,5659,TRUE,TRUE,FALSE,FALSE,TRUE
566101,5661,TRUE,TRUE,TRUE,TRUE,TRUE
566901,5669,TRUE,TRUE,TRUE,TRUE,TRUE
567002,5670,TRUE,TRUE,TRUE,TRUE,TRUE
567301,5673,TRUE,TRUE,TRUE,TRUE,TRUE
567401,5674,TRUE,TRUE,TRUE,TRUE,TRUE
567501,5675,TRUE,TRUE,TRUE,TRUE,TRUE
568101,5681,TRUE,TRUE,TRUE,FALSE,TRUE
568201,5682,TRUE,TRUE,TRUE,TRUE,TRUE
568501,5685,TRUE,TRUE,TRUE,FALSE,TRUE
568601,5686,TRUE,TRUE,TRUE,TRUE,TRUE
568701,5687,TRUE,TRUE,TRUE,TRUE,TRUE
568901,5689,TRUE,TRUE,TRUE,TRUE,TRUE
569501,5695,TRUE,TRUE,TRUE,TRUE,TRUE
570101,5701,TRUE,TRUE,TRUE,TRUE,TRUE
570201,5702,TRUE,TRUE,TRUE,TRUE,TRUE
570501,5705,TRUE,TRUE,TRUE,TRUE,TRUE
570601,5706,TRUE,TRUE,TRUE,TRUE,TRUE
570701,5707,TRUE,TRUE,TRUE,TRUE,TRUE
570801,5708,TRUE,TRUE,TRUE,TRUE,TRUE
570901,5709,TRUE,TRUE,TRUE,TRUE,FALSE
571201,5712,TRUE,TRUE,TRUE,TRUE,TRUE
571301,5713,TRUE,TRUE,TRUE,TRUE,TRUE
571501,5715,TRUE,TRUE,TRUE,TRUE,TRUE
571601,5716,TRUE,TRUE,TRUE,FALSE,TRUE
571701,5717,TRUE,TRUE,TRUE,TRUE,TRUE
571801,5718,TRUE,TRUE,TRUE,TRUE,TRUE
576001,5760,TRUE,TRUE,TRUE,FALSE,FALSE
576801,5768,TRUE,TRUE,TRUE,TRUE,TRUE
577701,5777,TRUE,TRUE,TRUE,TRUE,TRUE
585801,5858,TRUE,TRUE,TRUE,TRUE,TRUE
589201,5892,TRUE,TRUE,TRUE,TRUE,TRUE
618901,6189,TRUE,TRUE,TRUE,TRUE,TRUE
619001,6190,TRUE,TRUE,TRUE,TRUE,TRUE
619201,6192,TRUE,TRUE,TRUE,FALSE,TRUE
630701,6307,TRUE,TRUE,TRUE,TRUE,TRUE
633101,6331,TRUE,TRUE,TRUE,FALSE,TRUE
633201,6332,TRUE,TRUE,TRUE,TRUE,TRUE
634801,6348,TRUE,TRUE,TRUE,TRUE,TRUE
634901,6349,TRUE,TRUE,TRUE,TRUE,TRUE
635001,6350,TRUE,TRUE,TRUE,TRUE,TRUE
642401,6424,TRUE,TRUE,TRUE,FALSE,TRUE
643701,6437,TRUE,TRUE,TRUE,FALSE,TRUE
648701,6487,TRUE,TRUE,TRUE,TRUE,TRUE
650201,6502,TRUE,TRUE,TRUE,TRUE,TRUE
651201,6512,TRUE,TRUE,TRUE,TRUE,TRUE
652001,6520,TRUE,TRUE,TRUE,TRUE,TRUE
652101,6521,TRUE,TRUE,TRUE,TRUE,TRUE
652201,6522,TRUE,TRUE,TRUE,TRUE,TRUE
652301,6523,TRUE,TRUE,TRUE,FALSE,TRUE
652401,6524,TRUE,TRUE,TRUE,TRUE,TRUE
652501,6525,TRUE,TRUE,TRUE,TRUE,TRUE
652601,6526,TRUE,TRUE,TRUE,TRUE,TRUE
653201,6532,TRUE,TRUE,TRUE,TRUE,TRUE
653401,6534,TRUE,TRUE,TRUE,TRUE,TRUE
653601,6536,TRUE,TRUE,TRUE,TRUE,TRUE
653801,6538,TRUE,TRUE,TRUE,TRUE,TRUE
653901,6539,TRUE,TRUE,TRUE,FALSE,TRUE
654001,6540,TRUE,TRUE,TRUE,TRUE,TRUE
654101,6541,TRUE,TRUE,TRUE,TRUE,TRUE
654301,6543,TRUE,TRUE,TRUE,TRUE,TRUE
654801,6548,TRUE,TRUE,TRUE,TRUE,FALSE
654901,6549,TRUE,TRUE,TRUE,FALSE,FALSE
655201,6552,TRUE,TRUE,TRUE,TRUE,TRUE
655401,6554,TRUE,TRUE,TRUE,TRUE,TRUE
655601,6556,TRUE,TRUE,TRUE,TRUE,TRUE
656301,6563,TRUE,TRUE,TRUE,TRUE,TRUE
656701,6567,TRUE,TRUE,TRUE,TRUE,TRUE
656801,6568,TRUE,TRUE,TRUE,TRUE,TRUE
657201,6572,TRUE,TRUE,TRUE,TRUE,TRUE
657801,6578,TRUE,TRUE,TRUE,TRUE,TRUE
657901,6579,TRUE,TRUE,TRUE,TRUE,TRUE
658601,6586,TRUE,TRUE,TRUE,TRUE,TRUE
659001,6590,TRUE,TRUE,TRUE,TRUE,TRUE
659101,6591,TRUE,TRUE,TRUE,FALSE,TRUE
659201,6592,TRUE,TRUE,TRUE,TRUE,TRUE
660901,6609,TRUE,TRUE,TRUE,TRUE,FALSE
661001,6610,TRUE,TRUE,TRUE,TRUE,TRUE
661101,6611,TRUE,TRUE,TRUE,TRUE,TRUE
661201,6612,TRUE,TRUE,TRUE,TRUE,TRUE
661302,6613,TRUE,TRUE,TRUE,FALSE,TRUE
661401,6614,TRUE,TRUE,TRUE,TRUE,TRUE
661501,6615,TRUE,TRUE,TRUE,TRUE,TRUE
661801,6618,TRUE,TRUE,TRUE,TRUE,TRUE
662201,6622,TRUE,TRUE,TRUE,TRUE,TRUE
662701,6627,TRUE,TRUE,TRUE,FALSE,TRUE
662801,6628,TRUE,TRUE,TRUE,TRUE,TRUE
662901,6629,TRUE,TRUE,TRUE,TRUE,TRUE
663001,6630,TRUE,TRUE,TRUE,TRUE,TRUE
663701,6637,TRUE,TRUE,TRUE,TRUE,TRUE
663801,6638,TRUE,TRUE,TRUE,TRUE,TRUE
663902,6639,TRUE,TRUE,TRUE,TRUE,TRUE
664101,6641,TRUE,TRUE,TRUE,TRUE,TRUE
666401,6664,TRUE,TRUE,TRUE,FALSE,FALSE
668501,6685,TRUE,TRUE,TRUE,TRUE,TRUE
669201,6692,TRUE,TRUE,FALSE,FALSE,TRUE
669501,6695,TRUE,TRUE,TRUE,FALSE,FALSE
669901,6699,TRUE,TRUE,TRUE,TRUE,TRUE
671401,6714,TRUE,TRUE,TRUE,TRUE,FALSE
676701,6767,TRUE,TRUE,TRUE,TRUE,TRUE
691601,6916,TRUE,TRUE,TRUE,TRUE,TRUE
691701,6917,TRUE,TRUE,TRUE,TRUE,TRUE
691901,6919,TRUE,TRUE,TRUE,TRUE,TRUE
692001,6920,TRUE,TRUE,TRUE,FALSE,TRUE
693701,6937,TRUE,TRUE,TRUE,FALSE,TRUE
694301,6943,TRUE,TRUE,TRUE,TRUE,TRUE
694501,6945,TRUE,TRUE,TRUE,FALSE,TRUE
695601,6956,TRUE,TRUE,TRUE,TRUE,TRUE
696301,6963,TRUE,TRUE,TRUE,TRUE,TRUE
696501,6965,TRUE,TRUE,TRUE,TRUE,TRUE
698301,6983,TRUE,TRUE,TRUE,TRUE,TRUE
700601,7006,TRUE,TRUE,TRUE,TRUE,TRUE
701201,7012,TRUE,TRUE,TRUE,TRUE,TRUE
701501,7015,TRUE,TRUE,TRUE,TRUE,TRUE
701601,7016,TRUE,TRUE,TRUE,TRUE,TRUE
701901,7019,TRUE,TRUE,TRUE,TRUE,TRUE
702001,7020,TRUE,TRUE,TRUE,FALSE,TRUE
702101,7021,TRUE,TRUE,TRUE,FALSE,TRUE
702202,7022,TRUE,TRUE,TRUE,TRUE,TRUE
702801,7028,TRUE,TRUE,TRUE,TRUE,TRUE
703001,7030,TRUE,TRUE,TRUE,TRUE,TRUE
703101,7031,TRUE,TRUE,TRUE,TRUE,TRUE
703201,7032,TRUE,TRUE,TRUE,TRUE,TRUE
703401,7034,TRUE,TRUE,TRUE,TRUE,TRUE
703801,7038,TRUE,TRUE,TRUE,TRUE,TRUE
703901,7039,TRUE,TRUE,TRUE,FALSE,TRUE
704201,7042,TRUE,TRUE,TRUE,TRUE,TRUE
704501,7045,TRUE,TRUE,TRUE,TRUE,TRUE
705101,7051,TRUE,TRUE,TRUE,TRUE,TRUE
705201,7052,TRUE,TRUE,TRUE,TRUE,TRUE
705301,7053,TRUE,TRUE,TRUE,FALSE,TRUE
705501,7055,TRUE,TRUE,TRUE,TRUE,TRUE
705801,7058,TRUE,TRUE,TRUE,TRUE,TRUE
709801,7098,TRUE,TRUE,TRUE,TRUE,TRUE
711102,7111,TRUE,TRUE,TRUE,FALSE,TRUE
716701,7167,TRUE,TRUE,TRUE,FALSE,TRUE
716901,7169,TRUE,TRUE,TRUE,TRUE,TRUE
720201,7202,TRUE,TRUE,TRUE,FALSE,TRUE
729101,7291,TRUE,TRUE,TRUE,TRUE,TRUE
730801,7308,TRUE,TRUE,TRUE,TRUE,TRUE
731001,7310,TRUE,TRUE,TRUE,TRUE,TRUE
732701,7327,TRUE,TRUE,TRUE,TRUE,TRUE
733101,7331,TRUE,TRUE,TRUE,TRUE,TRUE
733901,7339,TRUE,TRUE,TRUE,TRUE,TRUE
734101,7341,TRUE,TRUE,TRUE,TRUE,TRUE
734401,7344,TRUE,TRUE,TRUE,FALSE,TRUE
734501,7345,TRUE,TRUE,TRUE,TRUE,TRUE
734801,7348,TRUE,TRUE,TRUE,TRUE,TRUE
735001,7350,TRUE,TRUE,TRUE,TRUE,TRUE
735201,7352,TRUE,TRUE,TRUE,TRUE,TRUE
735501,7355,TRUE,TRUE,TRUE,TRUE,TRUE
735801,7358,TRUE,TRUE,TRUE,TRUE,TRUE
735901,7359,TRUE,TRUE,TRUE,TRUE,TRUE
736701,7367,TRUE,TRUE,TRUE,TRUE,TRUE
737501,7375,TRUE,TRUE,TRUE,TRUE,TRUE
737601,7376,TRUE,TRUE,TRUE,FALSE,TRUE
740801,7408,TRUE,TRUE,TRUE,TRUE,TRUE
740901,7409,TRUE,TRUE,TRUE,TRUE,TRUE
741401,7414,TRUE,TRUE,TRUE,TRUE,TRUE
741501,7415,TRUE,TRUE,TRUE,TRUE,TRUE
742001,7420,TRUE,TRUE,TRUE,TRUE,TRUE
745001,7450,TRUE,TRUE,TRUE,TRUE,TRUE
745201,7452,TRUE,TRUE,TRUE,TRUE,TRUE
745301,7453,TRUE,TRUE,TRUE,TRUE,TRUE
752901,7529,TRUE,TRUE,TRUE,TRUE,TRUE
753001,7530,TRUE,TRUE,TRUE,FALSE,FALSE
753201,7532,TRUE,TRUE,TRUE,TRUE,TRUE
753701,7537,TRUE,TRUE,TRUE,TRUE,TRUE
753801,7538,TRUE,TRUE,TRUE,TRUE,TRUE
754301,7543,TRUE,TRUE,TRUE,TRUE,TRUE
760501,7605,TRUE,TRUE,TRUE,TRUE,TRUE
760701,7607,TRUE,TRUE,TRUE,TRUE,TRUE
760901,7609,TRUE,TRUE,TRUE,TRUE,TRUE
763201,7632,TRUE,TRUE,TRUE,TRUE,TRUE
772201,7722,TRUE,TRUE,TRUE,FALSE,TRUE
773001,7730,TRUE,TRUE,TRUE,TRUE,TRUE
773501,7735,TRUE,TRUE,TRUE,FALSE,TRUE
773601,7736,TRUE,TRUE,TRUE,TRUE,TRUE
773901,7739,TRUE,TRUE,TRUE,FALSE,TRUE
774001,7740,TRUE,TRUE,TRUE,FALSE,TRUE
774501,7745,TRUE,TRUE,TRUE,TRUE,TRUE
774601,7746,TRUE,TRUE,TRUE,TRUE,TRUE
774701,7747,TRUE,TRUE,TRUE,FALSE,TRUE
775101,7751,TRUE,TRUE,TRUE,TRUE,TRUE
775501,7755,TRUE,TRUE,TRUE,TRUE,FALSE
776101,7761,TRUE,TRUE,TRUE,TRUE,TRUE
776501,7765,TRUE,TRUE,TRUE,TRUE,TRUE
777101,7771,TRUE,TRUE,TRUE,FALSE,TRUE
777201,7772,TRUE,TRUE,TRUE,TRUE,TRUE
777501,7775,TRUE,TRUE,TRUE,TRUE,TRUE
777701,7777,TRUE,TRUE,FALSE,FALSE,TRUE
777901,7779,TRUE,TRUE,TRUE,TRUE,TRUE
778101,7781,TRUE,TRUE,TRUE,TRUE,TRUE
778201,7782,TRUE,TRUE,FALSE,FALSE,FALSE
782101,7821,TRUE,TRUE,TRUE,TRUE,TRUE
787801,7878,TRUE,TRUE,TRUE,TRUE,TRUE
789001,7890,TRUE,TRUE,TRUE,TRUE,TRUE
789201,7892,TRUE,TRUE,TRUE,TRUE,TRUE
789301,7893,TRUE,TRUE,TRUE,TRUE,TRUE
789401,7894,TRUE,TRUE,TRUE,TRUE,TRUE
789501,7895,TRUE,TRUE,TRUE,TRUE,TRUE
789801,7898,TRUE,TRUE,TRUE,TRUE,TRUE
790101,7901,TRUE,TRUE,TRUE,TRUE,FALSE
790401,7904,TRUE,TRUE,TRUE,FALSE,TRUE
790501,7905,TRUE,TRUE,TRUE,FALSE,TRUE
791101,7911,TRUE,TRUE,TRUE,TRUE,TRUE
791201,7912,TRUE,TRUE,TRUE,TRUE,TRUE
791401,7914,TRUE,TRUE,TRUE,TRUE,FALSE
791501,7915,TRUE,TRUE,TRUE,TRUE,TRUE
791901,7919,TRUE,TRUE,TRUE,FALSE,TRUE
792201,7922,TRUE,TRUE,TRUE,TRUE,TRUE
800801,8008,TRUE,TRUE,TRUE,FALSE,FALSE
801501,8015,TRUE,TRUE,TRUE,FALSE,TRUE
801601,8016,TRUE,TRUE,TRUE,FALSE,TRUE
801701,8017,TRUE,TRUE,TRUE,TRUE,TRUE
801801,8018,TRUE,TRUE,TRUE,TRUE,TRUE
805101,8051,TRUE,TRUE,TRUE,TRUE,TRUE
805301,8053,TRUE,TRUE,TRUE,TRUE,TRUE
805401,8054,TRUE,TRUE,TRUE,TRUE,TRUE
806601,8066,TRUE,TRUE,TRUE,TRUE,TRUE
808401,8084,TRUE,TRUE,TRUE,TRUE,TRUE
808601,8086,TRUE,TRUE,TRUE,FALSE,TRUE
811901,8119,TRUE,TRUE,TRUE,TRUE,TRUE
813701,8137,TRUE,TRUE,TRUE,TRUE,TRUE
817201,8172,TRUE,TRUE,TRUE,TRUE,TRUE
819601,8196,TRUE,TRUE,TRUE,TRUE,TRUE
822201,8222,TRUE,TRUE,TRUE,TRUE,TRUE
830801,8308,TRUE,TRUE,TRUE,FALSE,TRUE
831001,8310,TRUE,TRUE,TRUE,TRUE,FALSE
831101,8311,TRUE,TRUE,TRUE,TRUE,TRUE
831201,8312,TRUE,TRUE,TRUE,TRUE,TRUE
831301,8313,TRUE,TRUE,TRUE,TRUE,TRUE
832401,8324,TRUE,TRUE,TRUE,TRUE,TRUE
832501,8325,TRUE,TRUE,TRUE,TRUE,TRUE
833501,8335,TRUE,TRUE,TRUE,TRUE,TRUE
836201,8362,TRUE,TRUE,TRUE,TRUE,TRUE
836301,8363,TRUE,TRUE,TRUE,TRUE,TRUE
836601,8366,TRUE,TRUE,TRUE,TRUE,TRUE
837101,8371,TRUE,TRUE,TRUE,FALSE,TRUE
837301,8373,TRUE,TRUE,TRUE,TRUE,TRUE
841801,8418,TRUE,TRUE,TRUE,TRUE,TRUE
842401,8424,TRUE,TRUE,TRUE,TRUE,TRUE
842501,8425,TRUE,TRUE,TRUE,TRUE,TRUE
842901,8429,TRUE,TRUE,TRUE,TRUE,TRUE
843701,8437,TRUE,TRUE,TRUE,TRUE,TRUE
844501,8445,TRUE,TRUE,TRUE,TRUE,TRUE
844601,8446,TRUE,TRUE,FALSE,FALSE,TRUE
844901,8449,TRUE,TRUE,TRUE,FALSE,TRUE
845201,8452,TRUE,TRUE,TRUE,TRUE,TRUE
845501,8455,TRUE,TRUE,TRUE,TRUE,TRUE
845701,8457,TRUE,TRUE,TRUE,TRUE,TRUE
846001,8460,TRUE,TRUE,TRUE,TRUE,TRUE
846701,8467,TRUE,TRUE,TRUE,TRUE,TRUE
849101,8491,TRUE,TRUE,TRUE,TRUE,TRUE
851901,8519,TRUE,TRUE,TRUE,TRUE,TRUE
852201,8522,TRUE,TRUE,TRUE,TRUE,TRUE
852801,8528,TRUE,TRUE,TRUE,TRUE,TRUE
852901,8529,TRUE,TRUE,TRUE,TRUE,TRUE
853002,8530,TRUE,TRUE,TRUE,FALSE,TRUE
853101,8531,TRUE,TRUE,TRUE,TRUE,TRUE
853301,8533,TRUE,TRUE,TRUE,FALSE,TRUE
854201,8542,TRUE,TRUE,TRUE,TRUE,TRUE
854601,8546,TRUE,TRUE,TRUE,TRUE,TRUE
855401,8554,TRUE,TRUE,TRUE,TRUE,TRUE
856201,8562,TRUE,TRUE,TRUE,TRUE,TRUE
856601,8566,TRUE,TRUE,TRUE,TRUE,TRUE
857101,8571,TRUE,TRUE,TRUE,TRUE,TRUE
857201,8572,TRUE,TRUE,TRUE,TRUE,TRUE
859001,8590,TRUE,TRUE,TRUE,TRUE,TRUE
859301,8593,TRUE,TRUE,TRUE,TRUE,TRUE
861001,8610,TRUE,TRUE,TRUE,TRUE,TRUE
863501,8635,TRUE,TRUE,TRUE,TRUE,TRUE
863701,8637,TRUE,TRUE,TRUE,TRUE,TRUE
867401,8674,TRUE,TRUE,TRUE,TRUE,TRUE
870101,8701,TRUE,TRUE,TRUE,TRUE,TRUE
870701,8707,TRUE,TRUE,TRUE,TRUE,TRUE
871501,8715,TRUE,TRUE,TRUE,TRUE,TRUE
871601,8716,TRUE,TRUE,TRUE,TRUE,TRUE
871801,8718,TRUE,TRUE,TRUE,TRUE,TRUE
872001,8720,TRUE,TRUE,TRUE,FALSE,TRUE
872101,8721,TRUE,TRUE,TRUE,TRUE,TRUE
872801,8728,TRUE,TRUE,TRUE,TRUE,TRUE
872901,8729,TRUE,TRUE,TRUE,TRUE,TRUE
873101,8731,TRUE,TRUE,TRUE,TRUE,TRUE
873301,8733,TRUE,TRUE,TRUE,TRUE,FALSE
873401,8734,TRUE,TRUE,TRUE,TRUE,TRUE
873601,8736,TRUE,TRUE,TRUE,TRUE,TRUE
873901,8739,TRUE,TRUE,TRUE,TRUE,TRUE
874201,8742,TRUE,TRUE,TRUE,TRUE,TRUE
874401,8744,TRUE,TRUE,TRUE,TRUE,TRUE
874801,8748,TRUE,TRUE,TRUE,TRUE,TRUE
875001,8750,TRUE,TRUE,TRUE,TRUE,TRUE
875601,8756,TRUE,TRUE,TRUE,FALSE,TRUE
875701,8757,TRUE,TRUE,TRUE,TRUE,TRUE
876201,8762,TRUE,TRUE,TRUE,TRUE,TRUE
876301,8763,TRUE,TRUE,TRUE,TRUE,TRUE
876601,8766,TRUE,TRUE,TRUE,TRUE,TRUE
877001,8770,TRUE,TRUE,TRUE,TRUE,TRUE
877201,8772,TRUE,TRUE,TRUE,TRUE,TRUE
877701,8777,TRUE,TRUE,TRUE,TRUE,TRUE
877901,8779,TRUE,TRUE,TRUE,TRUE,TRUE
878201,8782,TRUE,TRUE,TRUE,TRUE,TRUE
878301,8783,TRUE,TRUE,TRUE,TRUE,TRUE
878801,8788,TRUE,TRUE,TRUE,TRUE,TRUE
879501,8795,TRUE,TRUE,TRUE,TRUE,TRUE
879701,8797,TRUE,TRUE,TRUE,TRUE,TRUE
879801,8798,TRUE,TRUE,TRUE,TRUE,FALSE
879901,8799,TRUE,TRUE,TRUE,FALSE,TRUE
880001,8800,TRUE,TRUE,TRUE,TRUE,TRUE
880101,8801,TRUE,TRUE,TRUE,TRUE,TRUE
880201,8802,TRUE,TRUE,TRUE,TRUE,TRUE
881601,8816,TRUE,TRUE,TRUE,TRUE,TRUE
882101,8821,TRUE,TRUE,TRUE,TRUE,TRUE
882501,8825,TRUE,TRUE,TRUE,TRUE,TRUE
882601,8826,TRUE,TRUE,TRUE,TRUE,TRUE
882801,8828,TRUE,TRUE,TRUE,TRUE,TRUE
883001,8830,TRUE,TRUE,TRUE,TRUE,TRUE
883301,8833,TRUE,TRUE,TRUE,FALSE,TRUE
883901,8839,TRUE,TRUE,TRUE,TRUE,TRUE
884501,8845,TRUE,TRUE,TRUE,TRUE,TRUE
884701,8847,TRUE,TRUE,TRUE,TRUE,TRUE
884801,8848,TRUE,TRUE,TRUE,FALSE,TRUE
884901,8849,TRUE,TRUE,FALSE,FALSE,TRUE
900001,9000,TRUE,TRUE,TRUE,FALSE,TRUE
900401,9004,TRUE,TRUE,TRUE,TRUE,TRUE
902501,9025,TRUE,TRUE,TRUE,TRUE,TRUE
904101,9041,TRUE,TRUE,TRUE,TRUE,FALSE
908401,9084,TRUE,TRUE,TRUE,FALSE,TRUE
908601,9086,TRUE,TRUE,TRUE,TRUE,TRUE
908701,9087,TRUE,TRUE,TRUE,FALSE,FALSE
910301,9103,TRUE,TRUE,TRUE,TRUE,TRUE
910401,9104,TRUE,TRUE,TRUE,TRUE,TRUE
911801,9118,TRUE,TRUE,TRUE,TRUE,TRUE
911901,9119,TRUE,TRUE,TRUE,FALSE,FALSE
912201,9122,TRUE,TRUE,TRUE,TRUE,TRUE
912401,9124,TRUE,TRUE,TRUE,TRUE,TRUE
912901,9129,TRUE,TRUE,TRUE,FALSE,TRUE
913301,9133,TRUE,TRUE,TRUE,TRUE,TRUE
913501,9135,TRUE,TRUE,TRUE,TRUE,TRUE
913801,9138,TRUE,TRUE,FALSE,FALSE,TRUE
914101,9141,TRUE,TRUE,TRUE,TRUE,TRUE
914201,9142,TRUE,TRUE,TRUE,TRUE,TRUE
914301,9143,TRUE,TRUE,TRUE,TRUE,FALSE
914501,9145,TRUE,TRUE,TRUE,TRUE,TRUE
914801,9148,TRUE,TRUE,TRUE,TRUE,TRUE
915901,9159,TRUE,TRUE,TRUE,TRUE,TRUE
916701,9167,TRUE,TRUE,TRUE,FALSE,TRUE
916801,9168,TRUE,TRUE,TRUE,TRUE,TRUE
917101,9171,TRUE,TRUE,TRUE,TRUE,TRUE
917201,9172,TRUE,TRUE,TRUE,TRUE,TRUE
917301,9173,TRUE,TRUE,TRUE,TRUE,TRUE
917801,9178,TRUE,TRUE,TRUE,TRUE,TRUE
917901,9179,TRUE,TRUE,TRUE,FALSE,TRUE
918501,9185,TRUE,TRUE,TRUE,TRUE,TRUE
920801,9208,TRUE,TRUE,TRUE,TRUE,TRUE
922701,9227,TRUE,TRUE,TRUE,TRUE,TRUE
922801,9228,TRUE,TRUE,TRUE,TRUE,TRUE
923101,9231,TRUE,TRUE,TRUE,TRUE,TRUE
923601,9236,TRUE,TRUE,TRUE,TRUE,TRUE
923801,9238,TRUE,TRUE,TRUE,TRUE,TRUE
923901,9239,TRUE,TRUE,TRUE,FALSE,TRUE
924301,9243,TRUE,TRUE,TRUE,FALSE,TRUE
924401,9244,TRUE,TRUE,TRUE,TRUE,TRUE
924601,9246,TRUE,TRUE,TRUE,TRUE,FALSE
924801,9248,TRUE,TRUE,TRUE,FALSE,TRUE
924901,9249,TRUE,TRUE,TRUE,TRUE,TRUE
925201,9252,TRUE,TRUE,TRUE,TRUE,TRUE
933001,9330,TRUE,TRUE,TRUE,TRUE,TRUE
935301,9353,TRUE,TRUE,TRUE,FALSE,TRUE
937801,9378,TRUE,TRUE,TRUE,TRUE,FALSE
940301,9403,TRUE,TRUE,TRUE,TRUE,TRUE
940601,9406,TRUE,TRUE,FALSE,FALSE,FALSE
940801,9408,TRUE,TRUE,TRUE,TRUE,TRUE
942901,9429,TRUE,TRUE,TRUE,FALSE,TRUE
943001,9430,TRUE,TRUE,TRUE,TRUE,TRUE
943201,9432,TRUE,TRUE,TRUE,TRUE,TRUE
945201,9452,TRUE,TRUE,TRUE,TRUE,TRUE
945501,9455,TRUE,TRUE,TRUE,TRUE,TRUE
945601,9456,TRUE,TRUE,TRUE,FALSE,TRUE
945901,9459,TRUE,TRUE,TRUE,FALSE,TRUE
946001,9460,TRUE,TRUE,TRUE,TRUE,TRUE
946101,9461,TRUE,TRUE,TRUE,FALSE,TRUE
946401,9464,TRUE,TRUE,TRUE,FALSE,TRUE
946601,9466,TRUE,TRUE,TRUE,FALSE,TRUE
946901,9469,TRUE,TRUE,TRUE,FALSE,TRUE
947301,9473,TRUE,TRUE,TRUE,TRUE,TRUE
947601,9476,TRUE,TRUE,TRUE,TRUE,TRUE
947701,9477,TRUE,TRUE,TRUE,FALSE,TRUE
947901,9479,TRUE,TRUE,TRUE,FALSE,TRUE
948201,9482,TRUE,TRUE,TRUE,TRUE,TRUE
948801,9488,TRUE,TRUE,TRUE,TRUE,TRUE
949201,9492,TRUE,TRUE,TRUE,TRUE,TRUE
949701,9497,TRUE,TRUE,TRUE,TRUE,TRUE
949801,9498,TRUE,TRUE,TRUE,FALSE,TRUE
949901,9499,TRUE,TRUE,TRUE,FALSE,TRUE
950101,9501,TRUE,TRUE,TRUE,TRUE,TRUE
950701,9507,TRUE,TRUE,TRUE,TRUE,TRUE
951001,9510,TRUE,TRUE,TRUE,TRUE,TRUE
951501,9515,TRUE,TRUE,TRUE,TRUE,TRUE
952501,9525,TRUE,TRUE,TRUE,FALSE,FALSE
956401,9564,TRUE,TRUE,TRUE,TRUE,TRUE
959301,9593,TRUE,TRUE,TRUE,TRUE,TRUE
959401,9594,TRUE,TRUE,TRUE,TRUE,TRUE
959602,9596,TRUE,TRUE,TRUE,TRUE,TRUE
959701,9597,TRUE,TRUE,TRUE,TRUE,TRUE
960201,9602,TRUE,TRUE,TRUE,TRUE,TRUE
960401,9604,TRUE,TRUE,TRUE,TRUE,TRUE
960801,9608,TRUE,TRUE,TRUE,TRUE,TRUE
961001,9610,TRUE,TRUE,TRUE,FALSE,TRUE
961101,9611,TRUE,TRUE,TRUE,TRUE,TRUE
961401,9614,TRUE,TRUE,TRUE,TRUE,TRUE
961601,9616,TRUE,TRUE,TRUE,TRUE,TRUE
962301,9623,TRUE,TRUE,TRUE,TRUE,TRUE
963101,9631,TRUE,TRUE,TRUE,TRUE,TRUE
963301,9633,TRUE,TRUE,TRUE,TRUE,TRUE
964701,9647,TRUE,TRUE,TRUE,FALSE,TRUE
965701,9657,TRUE,TRUE,TRUE,TRUE,TRUE
967101,9671,TRUE,TRUE,TRUE,TRUE,TRUE
969201,9692,TRUE,TRUE,TRUE,TRUE,TRUE
970201,9702,TRUE,TRUE,TRUE,FALSE,TRUE
970401,9704,TRUE,TRUE,TRUE,TRUE,TRUE
970501,9705,TRUE,TRUE,TRUE,FALSE,FALSE
970901,9709,TRUE,TRUE,TRUE,TRUE,TRUE
971301,9713,TRUE,TRUE,TRUE,FALSE,TRUE
972201,9722,TRUE,TRUE,TRUE,FALSE,TRUE
973001,9730,TRUE,TRUE,TRUE,TRUE,TRUE
973101,9731,TRUE,TRUE,TRUE,FALSE,TRUE
973301,9733,TRUE,TRUE,TRUE,TRUE,TRUE
973601,9736,TRUE,TRUE,TRUE,TRUE,TRUE
974001,9740,TRUE,TRUE,TRUE,TRUE,TRUE
974801,9748,TRUE,TRUE,TRUE,TRUE,FALSE
975001,9750,TRUE,TRUE,TRUE,TRUE,TRUE
975301,9753,TRUE,TRUE,TRUE,TRUE,TRUE
975501,9755,TRUE,TRUE,TRUE,TRUE,TRUE
977401,9774,TRUE,TRUE,TRUE,TRUE,TRUE
979501,9795,TRUE,TRUE,TRUE,TRUE,TRUE
979601,9796,TRUE,TRUE,TRUE,TRUE,TRUE
979701,9797,TRUE,TRUE,TRUE,TRUE,TRUE
979801,9798,TRUE,TRUE,TRUE,TRUE,TRUE
980701,9807,TRUE,TRUE,TRUE,TRUE,TRUE
983401,9834,TRUE,TRUE,TRUE,TRUE,TRUE
986101,9861,TRUE,TRUE,TRUE,TRUE,TRUE
986401,9864,TRUE,TRUE,TRUE,TRUE,TRUE
988201,9882,TRUE,TRUE,TRUE,TRUE,TRUE
991001,9910,TRUE,TRUE,TRUE,TRUE,FALSE
993201,9932,TRUE,TRUE,TRUE,TRUE,TRUE
1001202,10012,TRUE,TRUE,TRUE,TRUE,TRUE
1001501,10015,TRUE,TRUE,FALSE,FALSE,TRUE
1001601,10016,TRUE,TRUE,TRUE,TRUE,FALSE
1004401,10044,TRUE,TRUE,TRUE,FALSE,TRUE
1005901,10059,TRUE,TRUE,TRUE,TRUE,TRUE
1006301,10063,TRUE,TRUE,TRUE,TRUE,TRUE
1006601,10066,TRUE,TRUE,TRUE,FALSE,FALSE
1008101,10081,TRUE,TRUE,TRUE,TRUE,TRUE
1008601,10086,TRUE,TRUE,TRUE,FALSE,TRUE
1008801,10088,TRUE,TRUE,TRUE,TRUE,TRUE
1009201,10092,TRUE,TRUE,TRUE,TRUE,TRUE
1009301,10093,TRUE,TRUE,TRUE,TRUE,TRUE
1009501,10095,TRUE,TRUE,TRUE,TRUE,TRUE
1009701,10097,TRUE,TRUE,TRUE,TRUE,TRUE
1010101,10101,TRUE,TRUE,TRUE,TRUE,TRUE
1010401,10104,TRUE,TRUE,TRUE,TRUE,TRUE
1011701,10117,TRUE,TRUE,TRUE,TRUE,TRUE
1011901,10119,TRUE,TRUE,TRUE,TRUE,TRUE
1013601,10136,TRUE,TRUE,TRUE,TRUE,TRUE
1014001,10140,TRUE,TRUE,TRUE,FALSE,TRUE
1014401,10144,TRUE,TRUE,TRUE,TRUE,TRUE
1014501,10145,TRUE,TRUE,TRUE,TRUE,TRUE
1014801,10148,TRUE,TRUE,TRUE,FALSE,FALSE
1014901,10149,TRUE,TRUE,TRUE,TRUE,TRUE
1015001,10150,TRUE,TRUE,TRUE,TRUE,TRUE
1021001,10210,TRUE,TRUE,TRUE,FALSE,TRUE
1021201,10212,TRUE,TRUE,TRUE,TRUE,TRUE
1021301,10213,TRUE,TRUE,TRUE,TRUE,TRUE
1021401,10214,TRUE,TRUE,TRUE,TRUE,TRUE
1021501,10215,TRUE,TRUE,TRUE,TRUE,TRUE
1021601,10216,TRUE,TRUE,TRUE,FALSE,TRUE
1021901,10219,TRUE,TRUE,TRUE,TRUE,TRUE
1022001,10220,TRUE,TRUE,TRUE,TRUE,TRUE
1022101,10221,TRUE,TRUE,TRUE,TRUE,TRUE
1022701,10227,TRUE,TRUE,TRUE,TRUE,TRUE
1023101,10231,TRUE,TRUE,TRUE,TRUE,TRUE
1024101,10241,TRUE,TRUE,TRUE,TRUE,TRUE
1024301,10243,TRUE,TRUE,TRUE,TRUE,TRUE
1024501,10245,TRUE,TRUE,TRUE,TRUE,FALSE
1024601,10246,TRUE,TRUE,TRUE,TRUE,TRUE
1025201,10252,TRUE,TRUE,TRUE,TRUE,TRUE
1025401,10254,TRUE,TRUE,TRUE,TRUE,TRUE
1025501,10255,TRUE,TRUE,TRUE,TRUE,TRUE
1025701,10257,TRUE,TRUE,TRUE,TRUE,TRUE
1026001,10260,TRUE,TRUE,TRUE,TRUE,TRUE
1026101,10261,TRUE,TRUE,TRUE,TRUE,TRUE
1026201,10262,TRUE,TRUE,FALSE,FALSE,TRUE
1026701,10267,TRUE,TRUE,TRUE,FALSE,TRUE
1026801,10268,TRUE,TRUE,TRUE,FALSE,TRUE
1026901,10269,TRUE,TRUE,TRUE,FALSE,TRUE
1027101,10271,TRUE,TRUE,TRUE,TRUE,TRUE
1027201,10272,TRUE,TRUE,TRUE,TRUE,TRUE
1027301,10273,TRUE,TRUE,TRUE,FALSE,TRUE
1028101,10281,TRUE,TRUE,TRUE,TRUE,TRUE
1028301,10283,TRUE,TRUE,TRUE,FALSE,TRUE
1028601,10286,TRUE,TRUE,TRUE,TRUE,TRUE
1029101,10291,TRUE,TRUE,TRUE,TRUE,TRUE
1029201,10292,TRUE,TRUE,TRUE,TRUE,TRUE
1029501,10295,TRUE,TRUE,TRUE,FALSE,TRUE
1029701,10297,TRUE,TRUE,TRUE,TRUE,TRUE
1029901,10299,TRUE,TRUE,TRUE,TRUE,TRUE
1030201,10302,TRUE,TRUE,TRUE,TRUE,TRUE
1034401,10344,TRUE,TRUE,TRUE,TRUE,TRUE
1034501,10345,TRUE,TRUE,TRUE,TRUE,TRUE
1035001,10350,TRUE,TRUE,FALSE,FALSE,FALSE
1035401,10354,TRUE,TRUE,TRUE,TRUE,TRUE
1036101,10361,TRUE,TRUE,TRUE,FALSE,TRUE
1036601,10366,TRUE,TRUE,TRUE,TRUE,TRUE
1039401,10394,TRUE,TRUE,TRUE,TRUE,TRUE
1039501,10395,TRUE,TRUE,TRUE,TRUE,FALSE
1039601,10396,TRUE,TRUE,TRUE,FALSE,TRUE
1039901,10399,TRUE,TRUE,TRUE,TRUE,TRUE
1040001,10400,TRUE,TRUE,TRUE,FALSE,TRUE
1040901,10409,TRUE,TRUE,TRUE,TRUE,TRUE
1041101,10411,TRUE,TRUE,TRUE,TRUE,TRUE
1041501,10415,TRUE,TRUE,TRUE,FALSE,FALSE
1041801,10418,TRUE,TRUE,TRUE,TRUE,TRUE
1041901,10419,TRUE,TRUE,FALSE,FALSE,TRUE
1042001,10420,TRUE,TRUE,TRUE,TRUE,TRUE
1044601,10446,TRUE,TRUE,TRUE,TRUE,TRUE
1045801,10458,TRUE,TRUE,TRUE,TRUE,TRUE
1046501,10465,TRUE,TRUE,TRUE,TRUE,TRUE
1046701,10467,TRUE,TRUE,TRUE,TRUE,TRUE
1047501,10475,TRUE,TRUE,TRUE,TRUE,TRUE
1047701,10477,TRUE,TRUE,TRUE,TRUE,TRUE
1048001,10480,TRUE,TRUE,TRUE,TRUE,TRUE
1048401,10484,TRUE,TRUE,TRUE,TRUE,TRUE
1048501,10485,TRUE,TRUE,TRUE,TRUE,TRUE
1049401,10494,TRUE,TRUE,TRUE,TRUE,TRUE
1049601,10496,TRUE,TRUE,TRUE,FALSE,TRUE
1049801,10498,TRUE,TRUE,TRUE,FALSE,TRUE
1050201,10502,TRUE,TRUE,TRUE,TRUE,TRUE
1053901,10539,TRUE,TRUE,TRUE,TRUE,TRUE
1055801,10558,TRUE,TRUE,TRUE,TRUE,TRUE
1055901,10559,TRUE,TRUE,TRUE,FALSE,TRUE
1056401,10564,TRUE,TRUE,TRUE,FALSE,TRUE
1057701,10577,TRUE,TRUE,TRUE,TRUE,TRUE
1058801,10588,TRUE,TRUE,TRUE,TRUE,TRUE
1058901,10589,TRUE,TRUE,TRUE,FALSE,TRUE
1059201,10592,TRUE,TRUE,TRUE,FALSE,TRUE
1059401,10594,TRUE,TRUE,TRUE,TRUE,TRUE
1059701,10597,TRUE,TRUE,TRUE,FALSE,TRUE
1059901,10599,TRUE,TRUE,TRUE,FALSE,TRUE
1061801,10618,TRUE,TRUE,TRUE,FALSE,TRUE
1062601,10626,TRUE,TRUE,FALSE,FALSE,TRUE
1062701,10627,TRUE,TRUE,TRUE,FALSE,TRUE
1063601,10636,TRUE,TRUE,TRUE,FALSE,TRUE
1064901,10649,TRUE,TRUE,TRUE,FALSE,TRUE
1065101,10651,TRUE,TRUE,TRUE,FALSE,TRUE
1065201,10652,TRUE,TRUE,TRUE,FALSE,TRUE
1065301,10653,TRUE,TRUE,FALSE,FALSE,TRUE
1067401,10674,TRUE,TRUE,TRUE,FALSE,TRUE
1067701,10677,TRUE,TRUE,TRUE,FALSE,TRUE
1068201,10682,TRUE,TRUE,FALSE,FALSE,TRUE
1068301,10683,TRUE,TRUE,TRUE,FALSE,TRUE
1068401,10684,TRUE,TRUE,TRUE,FALSE,TRUE
1068501,10685,TRUE,TRUE,TRUE,FALSE,TRUE
1068701,10687,TRUE,TRUE,TRUE,FALSE,TRUE
1068901,10689,TRUE,TRUE,TRUE,FALSE,TRUE
1069101,10691,TRUE,TRUE,TRUE,FALSE,FALSE
1071301,10713,TRUE,TRUE,FALSE,FALSE,FALSE
1072001,10720,TRUE,TRUE,TRUE,FALSE,TRUE
1074401,10744,TRUE,TRUE,TRUE,FALSE,TRUE
1075201,10752,TRUE,TRUE,TRUE,TRUE,TRUE
1079201,10792,TRUE,TRUE,TRUE,FALSE,TRUE
1079301,10793,TRUE,TRUE,TRUE,FALSE,TRUE
1080001,10800,TRUE,TRUE,TRUE,FALSE,TRUE
1080201,10802,TRUE,TRUE,FALSE,FALSE,TRUE
1080601,10806,TRUE,TRUE,TRUE,FALSE,TRUE
1080801,10808,TRUE,TRUE,TRUE,FALSE,TRUE
1081101,10811,TRUE,TRUE,TRUE,TRUE,TRUE
1081601,10816,TRUE,TRUE,TRUE,FALSE,TRUE
1082801,10828,TRUE,TRUE,TRUE,FALSE,TRUE
1083301,10833,TRUE,TRUE,TRUE,FALSE,TRUE
1083501,10835,TRUE,TRUE,TRUE,FALSE,TRUE
1086301,10863,TRUE,TRUE,TRUE,FALSE,TRUE
1086801,10868,TRUE,TRUE,TRUE,FALSE,TRUE
1087101,10871,TRUE,TRUE,TRUE,FALSE,FALSE
1087401,10874,TRUE,TRUE,FALSE,FALSE,FALSE
1087601,10876,TRUE,TRUE,TRUE,FALSE,TRUE
1087801,10878,TRUE,TRUE,TRUE,FALSE,TRUE
1088001,10880,TRUE,TRUE,TRUE,FALSE,TRUE
1090001,10900,TRUE,TRUE,FALSE,FALSE,TRUE
1090101,10901,TRUE,TRUE,TRUE,FALSE,TRUE
1090401,10904,TRUE,TRUE,TRUE,FALSE,TRUE
1093001,10930,TRUE,TRUE,TRUE,FALSE,TRUE
1094401,10944,TRUE,TRUE,TRUE,FALSE,TRUE
1095201,10952,TRUE,TRUE,TRUE,FALSE,TRUE
1096001,10960,TRUE,TRUE,TRUE,FALSE,TRUE
1096401,10964,TRUE,TRUE,TRUE,FALSE,TRUE
1097301,10973,TRUE,TRUE,TRUE,FALSE,TRUE
1097601,10976,TRUE,TRUE,FALSE,FALSE,FALSE
1097801,10978,TRUE,TRUE,TRUE,FALSE,TRUE
1098101,10981,TRUE,TRUE,TRUE,FALSE,TRUE
1098701,10987,TRUE,TRUE,TRUE,FALSE,TRUE
1102801,11028,TRUE,TRUE,TRUE,FALSE,TRUE
1102901,11029,TRUE,TRUE,TRUE,FALSE,TRUE
1103101,11031,TRUE,TRUE,FALSE,FALSE,TRUE
1103301,11033,TRUE,TRUE,TRUE,FALSE,TRUE
1103401,11034,TRUE,TRUE,TRUE,FALSE,TRUE
1109801,11098,TRUE,TRUE,TRUE,FALSE,TRUE
1109901,11099,TRUE,TRUE,TRUE,FALSE,TRUE
1110801,11108,TRUE,TRUE,TRUE,FALSE,TRUE
1112201,11122,TRUE,TRUE,TRUE,FALSE,TRUE
1113201,11132,TRUE,TRUE,TRUE,TRUE,TRUE
1113301,11133,TRUE,TRUE,TRUE,FALSE,TRUE
1113701,11137,TRUE,TRUE,TRUE,FALSE,TRUE
1114701,11147,TRUE,TRUE,TRUE,FALSE,TRUE
1114801,11148,TRUE,TRUE,TRUE,FALSE,TRUE
1115001,11150,TRUE,TRUE,FALSE,FALSE,TRUE
1115901,11159,TRUE,TRUE,TRUE,FALSE,TRUE
1116001,11160,TRUE,TRUE,TRUE,FALSE,TRUE
1116301,11163,TRUE,TRUE,TRUE,FALSE,TRUE
1116901,11169,TRUE,TRUE,TRUE,FALSE,FALSE
1117001,11170,TRUE,TRUE,TRUE,FALSE,TRUE
1117101,11171,TRUE,TRUE,TRUE,FALSE,TRUE
1117201,11172,TRUE,TRUE,TRUE,FALSE,TRUE
1117401,11174,TRUE,TRUE,TRUE,FALSE,TRUE
1117501,11175,TRUE,TRUE,TRUE,FALSE,TRUE
1118201,11182,TRUE,TRUE,TRUE,FALSE,TRUE
1118301,11183,TRUE,TRUE,TRUE,FALSE,TRUE
1119101,11191,TRUE,TRUE,TRUE,FALSE,TRUE
1120001,11200,TRUE,TRUE,TRUE,FALSE,TRUE
1120401,11204,TRUE,TRUE,TRUE,FALSE,TRUE
1121301,11213,TRUE,TRUE,TRUE,FALSE,TRUE
1121401,11214,TRUE,TRUE,TRUE,FALSE,TRUE
1121701,11217,TRUE,TRUE,TRUE,FALSE,TRUE
1121901,11219,TRUE,TRUE,TRUE,FALSE,TRUE
1122001,11220,TRUE,TRUE,TRUE,FALSE,TRUE
1122401,11224,TRUE,TRUE,TRUE,FALSE,TRUE
1122501,11225,TRUE,TRUE,TRUE,FALSE,TRUE
1122601,11226,TRUE,TRUE,TRUE,FALSE,TRUE
1122801,11228,TRUE,TRUE,TRUE,FALSE,TRUE
1123601,11236,TRUE,TRUE,TRUE,TRUE,TRUE
1124301,11243,TRUE,TRUE,TRUE,FALSE,FALSE
1126101,11261,TRUE,TRUE,TRUE,FALSE,TRUE
1126201,11262,TRUE,TRUE,TRUE,FALSE,TRUE
1126601,11266,TRUE,TRUE,TRUE,FALSE,TRUE
1126801,11268,TRUE,TRUE,TRUE,FALSE,TRUE
1126901,11269,TRUE,TRUE,TRUE,FALSE,TRUE
1127201,11272,TRUE,TRUE,TRUE,FALSE,TRUE
1127801,11278,TRUE,TRUE,TRUE,FALSE,TRUE
1128301,11283,TRUE,TRUE,TRUE,FALSE,TRUE
1128401,11284,TRUE,TRUE,TRUE,FALSE,TRUE
1129801,11298,TRUE,TRUE,TRUE,FALSE,TRUE
1129901,11299,TRUE,TRUE,TRUE,FALSE,TRUE
1130401,11304,TRUE,TRUE,TRUE,FALSE,TRUE
1130701,11307,TRUE,TRUE,FALSE,FALSE,TRUE
1130801,11308,TRUE,TRUE,TRUE,FALSE,TRUE
1130901,11309,TRUE,TRUE,TRUE,TRUE,TRUE
1131001,11310,TRUE,TRUE,TRUE,FALSE,TRUE
1131301,11313,TRUE,TRUE,TRUE,FALSE,TRUE
1131901,11319,TRUE,TRUE,TRUE,TRUE,TRUE
1132001,11320,TRUE,TRUE,TRUE,FALSE,TRUE
1132101,11321,TRUE,TRUE,TRUE,FALSE,FALSE
1132401,11324,TRUE,TRUE,TRUE,FALSE,TRUE
1132701,11327,TRUE,TRUE,TRUE,FALSE,FALSE
1134301,11343,TRUE,TRUE,TRUE,FALSE,TRUE
1134601,11346,TRUE,TRUE,TRUE,FALSE,TRUE
1134701,11347,TRUE,TRUE,TRUE,FALSE,TRUE
1134801,11348,TRUE,TRUE,TRUE,FALSE,FALSE
1135501,11355,TRUE,TRUE,TRUE,FALSE,FALSE
1135601,11356,TRUE,TRUE,TRUE,FALSE,TRUE
1135701,11357,TRUE,TRUE,TRUE,FALSE,TRUE
1135801,11358,TRUE,TRUE,TRUE,FALSE,TRUE
1136501,11365,TRUE,TRUE,TRUE,FALSE,TRUE
1136601,11366,TRUE,TRUE,TRUE,FALSE,TRUE
1136901,11369,TRUE,TRUE,TRUE,FALSE,TRUE
1137101,11371,TRUE,TRUE,TRUE,TRUE,TRUE
1138001,11380,TRUE,TRUE,TRUE,FALSE,TRUE
1138901,11389,TRUE,TRUE,TRUE,FALSE,TRUE
1139201,11392,TRUE,TRUE,TRUE,FALSE,TRUE
1139301,11393,TRUE,TRUE,TRUE,FALSE,TRUE
1140001,11400,TRUE,TRUE,TRUE,FALSE,TRUE
1140201,11402,TRUE,TRUE,TRUE,FALSE,TRUE
1140401,11404,TRUE,TRUE,TRUE,FALSE,FALSE
1140901,11409,TRUE,TRUE,TRUE,FALSE,TRUE
1141101,11411,TRUE,TRUE,TRUE,FALSE,FALSE
1143201,11432,TRUE,TRUE,TRUE,FALSE,TRUE
1144201,11442,TRUE,TRUE,TRUE,FALSE,TRUE
1144301,11443,TRUE,TRUE,TRUE,FALSE,TRUE
1144501,11445,TRUE,TRUE,TRUE,FALSE,TRUE
1144601,11446,TRUE,TRUE,TRUE,FALSE,TRUE
1144801,11448,TRUE,TRUE,TRUE,FALSE,TRUE
1145401,11454,TRUE,TRUE,TRUE,FALSE,FALSE
1145501,11455,TRUE,TRUE,TRUE,FALSE,TRUE
1146101,11461,TRUE,TRUE,TRUE,FALSE,TRUE
1146801,11468,TRUE,TRUE,TRUE,FALSE,TRUE
1147101,11471,TRUE,TRUE,TRUE,FALSE,TRUE
1147401,11474,TRUE,TRUE,TRUE,FALSE,TRUE
1148602,11486,TRUE,TRUE,TRUE,FALSE,TRUE
1148801,11488,TRUE,TRUE,TRUE,FALSE,TRUE
1149201,11492,TRUE,TRUE,TRUE,FALSE,TRUE
1150301,11503,TRUE,TRUE,TRUE,FALSE,TRUE
1151201,11512,TRUE,TRUE,TRUE,FALSE,TRUE
1151801,11518,TRUE,TRUE,TRUE,FALSE,TRUE
1152701,11527,TRUE,TRUE,TRUE,FALSE,TRUE
1152801,11528,TRUE,TRUE,TRUE,FALSE,FALSE
1152901,11529,TRUE,TRUE,TRUE,FALSE,TRUE
1153101,11531,TRUE,TRUE,TRUE,FALSE,TRUE
1153301,11533,TRUE,TRUE,TRUE,FALSE,TRUE
1153801,11538,TRUE,TRUE,TRUE,FALSE,FALSE
1154901,11549,TRUE,TRUE,TRUE,FALSE,TRUE
1155301,11553,TRUE,TRUE,TRUE,FALSE,TRUE
1155601,11556,TRUE,TRUE,TRUE,FALSE,TRUE
1155701,11557,TRUE,TRUE,TRUE,FALSE,TRUE
1156401,11564,TRUE,TRUE,TRUE,FALSE,TRUE
1157001,11570,TRUE,TRUE,TRUE,FALSE,TRUE
1157301,11573,TRUE,TRUE,TRUE,FALSE,TRUE
1157601,11576,TRUE,TRUE,TRUE,FALSE,TRUE
1163301,11633,TRUE,TRUE,TRUE,FALSE,FALSE
1164001,11640,TRUE,TRUE,TRUE,FALSE,TRUE
1164101,11641,TRUE,TRUE,TRUE,FALSE,TRUE
1164201,11642,TRUE,TRUE,TRUE,FALSE,TRUE
1165001,11650,TRUE,TRUE,TRUE,FALSE,TRUE
1165201,11652,TRUE,TRUE,TRUE,FALSE,TRUE
1170601,11706,TRUE,TRUE,TRUE,FALSE,TRUE
1170801,11708,TRUE,TRUE,FALSE,FALSE,TRUE
1170901,11709,TRUE,TRUE,TRUE,FALSE,TRUE
1172501,11725,TRUE,TRUE,FALSE,FALSE,TRUE
1172601,11726,TRUE,TRUE,TRUE,FALSE,TRUE
1173101,11731,TRUE,TRUE,TRUE,FALSE,TRUE
1173302,11733,TRUE,TRUE,TRUE,FALSE,TRUE
1173401,11734,TRUE,TRUE,TRUE,FALSE,TRUE
1173902,11739,TRUE,TRUE,TRUE,FALSE,TRUE
1174401,11744,TRUE,TRUE,TRUE,FALSE,TRUE
1174701,11747,TRUE,TRUE,TRUE,FALSE,TRUE
1175601,11756,TRUE,TRUE,TRUE,TRUE,FALSE
1175701,11757,TRUE,TRUE,TRUE,TRUE,FALSE
1176801,11768,TRUE,TRUE,FALSE,FALSE,FALSE
1176901,11769,TRUE,TRUE,TRUE,TRUE,TRUE
1177401,11774,TRUE,TRUE,TRUE,TRUE,TRUE
1177901,11779,TRUE,TRUE,TRUE,TRUE,TRUE
1178101,11781,TRUE,TRUE,TRUE,TRUE,TRUE
1178401,11784,TRUE,TRUE,TRUE,TRUE,TRUE
1178701,11787,TRUE,TRUE,TRUE,TRUE,TRUE
1178901,11789,TRUE,TRUE,TRUE,TRUE,TRUE
1179201,11792,TRUE,TRUE,TRUE,TRUE,TRUE
1179401,11794,TRUE,TRUE,TRUE,TRUE,TRUE
1179501,11795,TRUE,TRUE,TRUE,TRUE,TRUE
1180001,11800,TRUE,TRUE,TRUE,TRUE,TRUE
1180701,11807,TRUE,TRUE,TRUE,TRUE,TRUE
1180801,11808,TRUE,TRUE,TRUE,TRUE,TRUE
1181101,11811,TRUE,TRUE,TRUE,TRUE,TRUE
1181201,11812,TRUE,TRUE,TRUE,TRUE,TRUE
1181301,11813,TRUE,TRUE,TRUE,TRUE,TRUE
1181401,11814,TRUE,TRUE,TRUE,TRUE,TRUE
1181601,11816,TRUE,TRUE,TRUE,TRUE,TRUE
1181801,11818,TRUE,TRUE,TRUE,TRUE,TRUE
1181901,11819,TRUE,TRUE,TRUE,TRUE,TRUE
1183501,11835,TRUE,TRUE,TRUE,TRUE,TRUE
1184701,11847,TRUE,TRUE,TRUE,TRUE,TRUE
1185001,11850,TRUE,TRUE,TRUE,TRUE,TRUE
1185301,11853,TRUE,TRUE,TRUE,TRUE,TRUE
1185801,11858,TRUE,TRUE,TRUE,TRUE,TRUE
1186201,11862,TRUE,TRUE,TRUE,TRUE,TRUE
1186501,11865,TRUE,TRUE,TRUE,TRUE,TRUE
1186701,11867,TRUE,TRUE,TRUE,TRUE,TRUE
1186801,11868,TRUE,TRUE,TRUE,TRUE,TRUE
1187001,11870,TRUE,TRUE,TRUE,TRUE,TRUE
1187101,11871,TRUE,TRUE,TRUE,TRUE,TRUE
1187301,11873,TRUE,TRUE,TRUE,TRUE,TRUE
1187401,11874,TRUE,TRUE,TRUE,TRUE,TRUE
1187601,11876,TRUE,TRUE,TRUE,TRUE,TRUE
1187702,11877,TRUE,TRUE,FALSE,FALSE,TRUE
1187801,11878,TRUE,TRUE,TRUE,FALSE,TRUE
1187901,11879,TRUE,TRUE,TRUE,TRUE,TRUE
1188201,11882,TRUE,TRUE,TRUE,FALSE,TRUE
1188601,11886,TRUE,TRUE,TRUE,TRUE,TRUE
1189401,11894,TRUE,TRUE,TRUE,TRUE,TRUE
1189801,11898,TRUE,TRUE,TRUE,TRUE,TRUE
1189901,11899,TRUE,TRUE,TRUE,TRUE,TRUE
1190101,11901,TRUE,TRUE,TRUE,TRUE,TRUE
1190201,11902,TRUE,TRUE,TRUE,TRUE,TRUE
1190501,11905,TRUE,TRUE,TRUE,TRUE,TRUE
1190601,11906,TRUE,TRUE,TRUE,TRUE,TRUE
1190901,11909,TRUE,TRUE,TRUE,TRUE,TRUE
1191001,11910,TRUE,TRUE,TRUE,TRUE,TRUE
1191201,11912,TRUE,TRUE,TRUE,TRUE,TRUE
1191501,11915,TRUE,TRUE,TRUE,TRUE,TRUE
1191801,11918,TRUE,TRUE,TRUE,TRUE,TRUE
1191901,11919,TRUE,TRUE,TRUE,TRUE,TRUE
1192301,11923,TRUE,TRUE,TRUE,TRUE,TRUE
1192701,11927,TRUE,TRUE,TRUE,TRUE,TRUE
1192901,11929,TRUE,TRUE,TRUE,TRUE,TRUE
1193001,11930,TRUE,TRUE,TRUE,TRUE,TRUE
1194001,11940,TRUE,TRUE,TRUE,TRUE,TRUE
1194301,11943,TRUE,TRUE,TRUE,TRUE,FALSE
1194901,11949,TRUE,TRUE,TRUE,TRUE,TRUE
1195501,11955,TRUE,TRUE,TRUE,TRUE,TRUE
1195801,11958,TRUE,TRUE,TRUE,TRUE,TRUE
1195901,11959,TRUE,TRUE,TRUE,TRUE,TRUE
1196201,11962,TRUE,TRUE,TRUE,TRUE,TRUE
1196701,11967,TRUE,TRUE,TRUE,TRUE,TRUE
1198601,11986,TRUE,TRUE,FALSE,FALSE,FALSE
1198701,11987,TRUE,TRUE,TRUE,TRUE,TRUE
1198801,11988,TRUE,TRUE,TRUE,TRUE,TRUE
1198901,11989,TRUE,TRUE,TRUE,TRUE,TRUE
1199501,11995,TRUE,TRUE,TRUE,TRUE,TRUE
1199601,11996,TRUE,TRUE,TRUE,FALSE,TRUE
1199901,11999,TRUE,TRUE,TRUE,TRUE,TRUE
1200001,12000,TRUE,TRUE,TRUE,TRUE,TRUE
1200101,12001,TRUE,TRUE,TRUE,TRUE,TRUE
1200301,12003,TRUE,TRUE,TRUE,TRUE,TRUE
1200401,12004,TRUE,TRUE,TRUE,TRUE,TRUE
1201501,12015,TRUE,TRUE,TRUE,TRUE,TRUE
1201701,12017,TRUE,TRUE,TRUE,TRUE,TRUE
1201801,12018,TRUE,TRUE,TRUE,TRUE,TRUE
1202201,12022,TRUE,TRUE,TRUE,TRUE,TRUE
1202401,12024,TRUE,TRUE,TRUE,TRUE,FALSE
1202501,12025,TRUE,TRUE,TRUE,TRUE,FALSE
1202701,12027,TRUE,TRUE,TRUE,TRUE,TRUE
1202801,12028,TRUE,TRUE,TRUE,TRUE,TRUE
1202901,12029,TRUE,TRUE,TRUE,TRUE,TRUE
1203001,12030,TRUE,TRUE,TRUE,TRUE,FALSE
1203201,12032,TRUE,TRUE,TRUE,TRUE,TRUE
1203501,12035,TRUE,TRUE,TRUE,TRUE,TRUE
1203601,12036,TRUE,TRUE,TRUE,TRUE,TRUE
1203701,12037,TRUE,TRUE,TRUE,TRUE,TRUE
1203801,12038,TRUE,TRUE,TRUE,TRUE,TRUE
1204201,12042,TRUE,TRUE,TRUE,TRUE,TRUE
1204601,12046,TRUE,TRUE,TRUE,TRUE,TRUE
1204801,12048,TRUE,TRUE,TRUE,TRUE,TRUE
1205101,12051,TRUE,TRUE,TRUE,TRUE,FALSE
1205401,12054,TRUE,TRUE,TRUE,TRUE,TRUE
1205701,12057,TRUE,TRUE,TRUE,TRUE,TRUE
1205801,12058,TRUE,TRUE,TRUE,TRUE,TRUE
1206101,12061,TRUE,TRUE,TRUE,TRUE,TRUE
1206301,12063,TRUE,TRUE,TRUE,TRUE,TRUE
1206602,12066,TRUE,TRUE,TRUE,TRUE,TRUE
1207001,12070,TRUE,TRUE,TRUE,TRUE,TRUE
1207601,12076,TRUE,TRUE,TRUE,TRUE,TRUE
1207801,12078,TRUE,TRUE,TRUE,TRUE,TRUE
1208301,12083,TRUE,TRUE,TRUE,TRUE,TRUE
1208501,12085,TRUE,TRUE,TRUE,TRUE,TRUE
1208601,12086,TRUE,TRUE,TRUE,TRUE,TRUE
1208701,12087,TRUE,TRUE,TRUE,TRUE,TRUE
1209201,12092,TRUE,TRUE,TRUE,TRUE,TRUE
1209701,12097,TRUE,TRUE,TRUE,TRUE,TRUE
1209901,12099,TRUE,TRUE,TRUE,TRUE,TRUE
1210401,12104,TRUE,TRUE,TRUE,TRUE,TRUE
1210801,12108,TRUE,TRUE,TRUE,TRUE,TRUE
1211301,12113,TRUE,TRUE,TRUE,TRUE,TRUE
1211501,12115,TRUE,TRUE,TRUE,TRUE,TRUE
1211701,12117,TRUE,TRUE,TRUE,TRUE,TRUE
1211801,12118,TRUE,TRUE,TRUE,TRUE,TRUE
1212001,12120,TRUE,TRUE,TRUE,TRUE,TRUE
1212101,12121,TRUE,TRUE,TRUE,FALSE,TRUE
1212301,12123,TRUE,TRUE,TRUE,TRUE,TRUE
1212801,12128,TRUE,TRUE,TRUE,TRUE,TRUE
1213501,12135,TRUE,TRUE,TRUE,TRUE,TRUE
1213701,12137,TRUE,TRUE,TRUE,TRUE,TRUE
1213801,12138,TRUE,TRUE,TRUE,TRUE,TRUE
1214001,12140,TRUE,TRUE,TRUE,TRUE,TRUE
1215501,12155,TRUE,TRUE,TRUE,FALSE,TRUE
1216401,12164,TRUE,TRUE,TRUE,TRUE,TRUE
1216701,12167,TRUE,TRUE,TRUE,FALSE,FALSE
1216801,12168,TRUE,TRUE,TRUE,TRUE,TRUE
1216901,12169,TRUE,TRUE,TRUE,TRUE,TRUE
1219501,12195,TRUE,TRUE,TRUE,FALSE,TRUE
1220701,12207,TRUE,TRUE,TRUE,TRUE,TRUE
1221501,12215,TRUE,TRUE,TRUE,TRUE,TRUE
1221601,12216,TRUE,TRUE,TRUE,FALSE,FALSE
1223101,12231,TRUE,TRUE,TRUE,TRUE,TRUE
1223301,12233,TRUE,TRUE,TRUE,TRUE,TRUE
1223801,12238,TRUE,TRUE,FALSE,FALSE,TRUE
1223901,12239,TRUE,TRUE,TRUE,TRUE,TRUE
1224201,12242,TRUE,TRUE,TRUE,TRUE,TRUE
1224701,12247,TRUE,TRUE,TRUE,TRUE,TRUE
1224801,12248,TRUE,TRUE,TRUE,TRUE,TRUE
1224901,12249,TRUE,TRUE,TRUE,TRUE,TRUE
1225101,12251,TRUE,TRUE,TRUE,TRUE,TRUE
1225801,12258,TRUE,TRUE,TRUE,FALSE,TRUE
1226301,12263,TRUE,TRUE,TRUE,TRUE,FALSE
1226501,12265,TRUE,TRUE,TRUE,FALSE,TRUE
1226701,12267,TRUE,TRUE,TRUE,TRUE,TRUE
1226801,12268,TRUE,TRUE,TRUE,FALSE,TRUE
1227201,12272,TRUE,TRUE,TRUE,FALSE,TRUE
1228501,12285,TRUE,TRUE,TRUE,TRUE,TRUE
1228601,12286,TRUE,TRUE,TRUE,TRUE,TRUE
1229101,12291,TRUE,TRUE,TRUE,TRUE,TRUE
1229201,12292,TRUE,TRUE,TRUE,FALSE,TRUE
1229401,12294,TRUE,TRUE,TRUE,TRUE,TRUE
1230601,12306,TRUE,TRUE,TRUE,TRUE,TRUE
1230701,12307,TRUE,TRUE,TRUE,TRUE,TRUE
1230901,12309,TRUE,TRUE,TRUE,FALSE,TRUE
1231901,12319,TRUE,TRUE,FALSE,FALSE,TRUE
1232001,12320,TRUE,TRUE,TRUE,TRUE,TRUE
1232201,12322,TRUE,TRUE,TRUE,FALSE,TRUE
1232901,12329,TRUE,TRUE,TRUE,FALSE,TRUE
1233001,12330,TRUE,TRUE,TRUE,TRUE,TRUE
1233201,12332,TRUE,TRUE,TRUE,TRUE,TRUE
1233601,12336,TRUE,TRUE,TRUE,TRUE,TRUE
1233701,12337,TRUE,TRUE,TRUE,TRUE,TRUE
1233901,12339,TRUE,TRUE,TRUE,TRUE,TRUE
1234701,12347,TRUE,TRUE,TRUE,FALSE,TRUE
1234901,12349,TRUE,TRUE,TRUE,TRUE,TRUE
1235201,12352,TRUE,TRUE,TRUE,TRUE,TRUE
1235601,12356,TRUE,TRUE,TRUE,FALSE,TRUE
1235701,12357,TRUE,TRUE,TRUE,TRUE,TRUE
1235901,12359,TRUE,TRUE,TRUE,TRUE,TRUE
1236201,12362,TRUE,TRUE,TRUE,TRUE,TRUE
1236301,12363,TRUE,TRUE,TRUE,TRUE,TRUE
1236601,12366,TRUE,TRUE,TRUE,TRUE,TRUE
1236801,12368,TRUE,TRUE,TRUE,TRUE,TRUE
1237001,12370,TRUE,TRUE,TRUE,TRUE,TRUE
1237901,12379,TRUE,TRUE,TRUE,TRUE,TRUE
1238101,12381,TRUE,TRUE,TRUE,TRUE,TRUE
1238301,12383,TRUE,TRUE,TRUE,TRUE,TRUE
1238401,12384,TRUE,TRUE,TRUE,TRUE,TRUE
1238901,12389,TRUE,TRUE,TRUE,TRUE,TRUE
1239101,12391,TRUE,TRUE,TRUE,FALSE,TRUE
1239201,12392,TRUE,TRUE,TRUE,TRUE,TRUE
1239501,12395,TRUE,TRUE,TRUE,TRUE,TRUE
1240201,12402,TRUE,TRUE,TRUE,TRUE,TRUE
1240801,12408,TRUE,TRUE,TRUE,TRUE,TRUE
1240901,12409,TRUE,TRUE,TRUE,FALSE,TRUE
1241701,12417,TRUE,TRUE,TRUE,TRUE,TRUE
1241901,12419,TRUE,TRUE,TRUE,TRUE,TRUE
1242101,12421,TRUE,TRUE,TRUE,TRUE,TRUE
1242401,12424,TRUE,TRUE,TRUE,FALSE,TRUE
1242901,12429,TRUE,TRUE,TRUE,FALSE,TRUE
1243401,12434,TRUE,TRUE,TRUE,TRUE,FALSE
1243901,12439,TRUE,TRUE,TRUE,TRUE,TRUE
1244201,12442,TRUE,TRUE,TRUE,TRUE,TRUE
1244701,12447,TRUE,TRUE,TRUE,TRUE,TRUE
1244905,12449,TRUE,TRUE,FALSE,FALSE,FALSE
1245301,12453,TRUE,TRUE,TRUE,TRUE,TRUE
1245701,12457,TRUE,TRUE,TRUE,TRUE,TRUE
1245901,12459,TRUE,TRUE,TRUE,FALSE,TRUE
1246201,12462,TRUE,TRUE,TRUE,TRUE,TRUE
1246401,12464,TRUE,TRUE,TRUE,FALSE,TRUE
1246801,12468,TRUE,TRUE,TRUE,TRUE,TRUE
1247201,12472,TRUE,TRUE,TRUE,TRUE,TRUE
1247501,12475,TRUE,TRUE,TRUE,TRUE,TRUE
1247601,12476,TRUE,TRUE,TRUE,TRUE,TRUE
1247801,12478,TRUE,TRUE,TRUE,TRUE,TRUE
1247901,12479,TRUE,TRUE,TRUE,TRUE,TRUE
1248001,12480,TRUE,TRUE,TRUE,TRUE,TRUE
1248301,12483,TRUE,TRUE,TRUE,TRUE,TRUE
1248601,12486,TRUE,TRUE,TRUE,TRUE,TRUE
1249001,12490,TRUE,TRUE,TRUE,TRUE,TRUE
1249201,12492,TRUE,TRUE,TRUE,TRUE,TRUE
1249401,12494,TRUE,TRUE,TRUE,FALSE,TRUE
1249501,12495,TRUE,TRUE,TRUE,FALSE,TRUE
1249701,12497,TRUE,TRUE,TRUE,FALSE,FALSE
1249901,12499,TRUE,TRUE,TRUE,TRUE,TRUE
1250101,12501,TRUE,TRUE,TRUE,TRUE,TRUE
1250201,12502,TRUE,TRUE,TRUE,TRUE,TRUE
1250301,12503,TRUE,TRUE,TRUE,TRUE,TRUE
1250401,12504,TRUE,TRUE,TRUE,TRUE,TRUE
1250501,12505,TRUE,TRUE,TRUE,FALSE,TRUE
1250601,12506,TRUE,TRUE,TRUE,TRUE,TRUE
1250701,12507,TRUE,TRUE,TRUE,TRUE,TRUE
1250901,12509,TRUE,TRUE,TRUE,TRUE,TRUE
1251101,12511,TRUE,TRUE,TRUE,TRUE,TRUE
1251201,12512,TRUE,TRUE,TRUE,TRUE,TRUE
1251301,12513,TRUE,TRUE,TRUE,FALSE,TRUE
1252301,12523,TRUE,TRUE,FALSE,FALSE,TRUE
1252701,12527,TRUE,TRUE,TRUE,FALSE,TRUE
1252901,12529,TRUE,TRUE,TRUE,TRUE,TRUE
1253001,12530,TRUE,TRUE,TRUE,TRUE,TRUE
1253201,12532,TRUE,TRUE,TRUE,TRUE,TRUE
1253601,12536,TRUE,TRUE,TRUE,TRUE,TRUE
1254001,12540,TRUE,TRUE,TRUE,TRUE,TRUE
1254201,12542,TRUE,TRUE,TRUE,FALSE,TRUE
1254401,12544,TRUE,TRUE,TRUE,TRUE,TRUE
1255401,12554,TRUE,TRUE,TRUE,TRUE,TRUE
1255501,12555,TRUE,TRUE,TRUE,TRUE,TRUE
1255601,12556,TRUE,TRUE,TRUE,TRUE,TRUE
1256001,12560,TRUE,TRUE,TRUE,FALSE,FALSE
1256701,12567,TRUE,TRUE,TRUE,FALSE,FALSE
1256901,12569,TRUE,TRUE,TRUE,FALSE,TRUE
1257101,12571,TRUE,TRUE,TRUE,FALSE,TRUE
1257201,12572,TRUE,TRUE,TRUE,FALSE,TRUE
1257501,12575,TRUE,TRUE,TRUE,FALSE,TRUE
1258301,12583,TRUE,TRUE,TRUE,FALSE,TRUE
1259301,12593,TRUE,TRUE,TRUE,FALSE,TRUE
1260101,12601,TRUE,TRUE,TRUE,FALSE,FALSE
1260801,12608,TRUE,TRUE,TRUE,FALSE,TRUE
1261101,12611,TRUE,TRUE,TRUE,FALSE,TRUE
1261601,12616,TRUE,TRUE,TRUE,FALSE,TRUE
1261901,12619,TRUE,TRUE,TRUE,FALSE,TRUE
1262201,12622,TRUE,TRUE,TRUE,FALSE,TRUE
1262301,12623,TRUE,TRUE,TRUE,FALSE,TRUE
1262701,12627,TRUE,TRUE,TRUE,FALSE,TRUE
1264501,12645,TRUE,TRUE,TRUE,FALSE,TRUE
1266401,12664,TRUE,TRUE,TRUE,FALSE,TRUE
1266601,12666,TRUE,TRUE,TRUE,FALSE,TRUE
1267201,12672,TRUE,TRUE,TRUE,FALSE,TRUE
1267301,12673,TRUE,TRUE,TRUE,FALSE,TRUE
1267501,12675,TRUE,TRUE,TRUE,FALSE,TRUE
